Frequency [Hz],CPS microns^2
0.1,0
0.100184413489081,1.19890411461187e-24
0.100369167061512,3.60330923249469e-24
0.100554261344451,6.02094424981025e-24
0.100739696966216,8.45188160695991e-24
0.100925474556281,1.08961941377398e-23
0.101111594745282,1.3353955071447e-23
0.101298058165018,1.58252380349978e-23
0.101484865448451,1.83101170550563e-23
0.101672017229714,2.08086665601741e-23
0.101859514144106,2.33209613829411e-23
0.1020473568281,2.58470767621484e-23
0.102235545919342,2.83870883449612e-23
0.102424082056653,3.09410721891038e-23
0.102612965880033,3.35091047650562e-23
0.102802198030662,3.60912629582618e-23
0.102991779150902,3.86876240713462e-23
0.103181709884301,4.12982658263486e-23
0.103371990875592,4.39232663669638e-23
0.103562622770698,4.65627042607963e-23
0.103753606216734,4.9216658501627e-23
0.103944941862005,5.18852085116901e-23
0.104136630356016,5.45684341439628e-23
0.104328672349467,5.72664156844668e-23
0.104521068494259,5.99792338545822e-23
0.104713819443494,6.27069698133721e-23
0.10490692585148,6.54497051599212e-23
0.10510038837373,6.82075219356848e-23
0.105294207666968,7.09805026268512e-23
0.105488384389127,7.37687301667163e-23
0.105682919199354,7.65722879380689e-23
0.105877812758012,7.93912597755912e-23
0.106073065726682,8.22257299682697e-23
0.106268678768164,8.50757832618188e-23
0.106464652546481,8.79415048611183e-23
0.10666098772688,9.08229804326615e-23
0.106857684975835,9.3720296107018e-23
0.10705474496105,9.66335384813085e-23
0.10725216835146,9.95627946216919e-23
0.107449955817232,1.02508152065866e-22
0.10764810802977,1.0546969882558e-22
0.107846625661718,1.08447523389164e-22
0.108045509386957,1.11441714724065e-22
0.108244759880613,1.144523622794e-22
0.108444377819056,1.17479555988526e-22
0.108644363879904,1.20523386271613e-22
0.108844718742025,1.23583944038242e-22
0.109045443085538,1.26661320690008e-22
0.109246537591816,1.29755608123142e-22
0.109448002943489,1.32866898731139e-22
0.109649839824447,1.35995285407412e-22
0.109852048919839,1.39140861547945e-22
0.110054630916079,1.42303721053974e-22
0.110257586500846,1.45483958334668e-22
0.110460916363089,1.48681668309836e-22
0.110664621193025,1.51896946412642e-22
0.110868701682146,1.55129888592332e-22
0.111073158523217,1.58380591316982e-22
0.111277992410282,1.61649151576251e-22
0.111483204038665,1.64935666884157e-22
0.111688794104972,1.68240235281864e-22
0.111894763307094,1.71562955340481e-22
0.112101112344207,1.74903926163878e-22
0.11230784191678,1.78263247391514e-22
0.11251495272657,1.81641019201286e-22
0.112722445476631,1.85037342312384e-22
0.112930320871312,1.88452317988166e-22
0.113138579616261,1.9188604803905e-22
0.113347222418428,1.9533863482541e-22
0.113556249986067,1.98810181260503e-22
0.113765663028736,2.02300790813395e-22
0.113975462257303,2.05810567511916e-22
0.114185648383948,2.09339615945618e-22
0.114396222122163,2.12888041268759e-22
0.114607184186755,2.16455949203294e-22
0.114818535293851,2.20043446041885e-22
0.115030276160899,2.23650638650926e-22
0.115242407506667,2.27277634473587e-22
0.115454930051251,2.30924541532865e-22
0.115667844516074,2.34591468434658e-22
0.115881151623891,2.38278524370855e-22
0.116094852098788,2.41985819122435e-22
0.116308946666187,2.45713463062592e-22
0.116523436052848,2.49461567159865e-22
0.11673832098687,2.5323024298129e-22
0.116953602197696,2.57019602695574e-22
0.117169280416115,2.60829759076269e-22
0.117385356374262,2.64660825504981e-22
0.117601830805622,2.6851291597458e-22
0.117818704445033,2.72386145092437e-22
0.118035978028691,2.7628062808367e-22
0.118253652294144,2.80196480794414e-22
0.118471727980306,2.84133819695101e-22
0.118690205827449,2.8809276188376e-22
0.118909086577213,2.92073425089333e-22
0.119128370972604,2.9607592767501e-22
0.119348059758,3.00100388641578e-22
0.11956815367915,3.04146927630787e-22
0.11978865348318,3.08215664928739e-22
0.120009559918591,3.12306721469284e-22
0.120230873735268,3.16420218837443e-22
0.120452595684476,3.20556279272845e-22
0.120674726518866,3.24715025673179e-22
0.120897266992479,3.28896581597666e-22
0.121120217860743,3.3310107127055e-22
0.121343579880483,3.37328619584602e-22
0.121567353809916,3.41579352104649e-22
0.121791540408661,3.45853395071114e-22
0.122016140437734,3.50150875403577e-22
0.122241154659557,3.54471920704356e-22
0.122466583837958,3.58816659262103e-22
0.122692428738172,3.63185220055419e-22
0.122918690126846,3.67577732756486e-22
0.123145368772042,3.71994327734725e-22
0.123372465443236,3.7643513606046e-22
0.123599980911325,3.80900289508613e-22
0.123827915948627,3.85389920562409e-22
0.124056271328885,3.89904162417101e-22
0.124285047827266,3.94443148983723e-22
0.12451424622037,3.99007014892846e-22
0.124743867286228,4.03595895498368e-22
0.124973911804306,4.08209926881315e-22
0.125204380555505,4.12849245853661e-22
0.12543527432217,4.17513989962174e-22
0.125666593888086,4.22204297492272e-22
0.125898340038484,4.26920307471909e-22
0.126130513560044,4.31662159675469e-22
0.126363115240896,4.36429994627692e-22
0.126596145870623,4.41223953607609e-22
0.126829606240265,4.46044178652501e-22
0.127063497142321,4.50890812561883e-22
0.127297819370749,4.55763998901499e-22
0.127532573720975,4.60663882007345e-22
0.127767760989889,4.65590606989707e-22
0.128003381975851,4.7054431973722e-22
0.128239437478694,4.75525166920952e-22
0.128475928299727,4.80533295998504e-22
0.128712855241734,4.85568855218129e-22
0.128950219108981,4.9063199362288e-22
0.129188020707217,4.95722861054769e-22
0.129426260843678,5.00841608158953e-22
0.129664940327087,5.05988386387941e-22
0.129904059967659,5.11163348005816e-22
0.130143620577104,5.16366646092487e-22
0.130383622968626,5.21598434547957e-22
0.130624067956933,5.26858868096615e-22
0.130864956358232,5.32148102291543e-22
0.131106288990237,5.37466293518855e-22
0.131348066672168,5.42813599002049e-22
0.131590290224759,5.48190176806385e-22
0.131832960470254,5.53596185843286e-22
0.132076078232416,5.59031785874758e-22
0.132319644336526,5.64497137517829e-22
0.132563659609387,5.69992402249023e-22
0.132808124879326,5.75517742408839e-22
0.133053040976199,5.81073321206267e-22
0.133298408731392,5.86659302723319e-22
0.133544228977823,5.92275851919583e-22
0.133790502549947,5.97923134636802e-22
0.134037230283759,6.03601317603478e-22
0.134284413016793,6.09310568439489e-22
0.134532051588129,6.15051055660742e-22
0.134780146838395,6.20822948683842e-22
0.135028699609768,6.26626417830782e-22
0.135277710745979,6.32461634333664e-22
0.135527181092315,6.38328770339436e-22
0.13577711149562,6.44227998914657e-22
0.136027502804303,6.50159494050284e-22
0.136278355868334,6.56123430666485e-22
0.136529671539253,6.62119984617471e-22
0.13678145067017,6.68149332696359e-22
0.137033694115766,6.74211652640051e-22
0.137286402732302,6.80307123134145e-22
0.137539577377614,6.86435923817864e-22
0.137793218911124,6.92598235289017e-22
0.138047328193835,6.98794239108972e-22
0.13830190608834,7.0502411780767e-22
0.138556953458823,7.11288054888649e-22
0.138812471171061,7.17586234834104e-22
0.139068460092427,7.23918843109964e-22
0.139324921091895,7.30286066170996e-22
0.13958185504004,7.3668809146594e-22
0.139839262809044,7.43125107442662e-22
0.140097145272695,7.49597303553337e-22
0.140355503306395,7.56104870259654e-22
0.14061433778716,7.62647999038049e-22
0.140873649593621,7.69226882384965e-22
0.141133439606033,7.75841713822135e-22
0.14139370870627,7.82492687901893e-22
0.141654457777837,7.89180000212509e-22
0.141915687705864,7.95903847383556e-22
0.142177399377116,8.02664427091293e-22
0.142439593679992,8.09461938064084e-22
0.14270227150453,8.16296580087844e-22
0.142965433742409,8.231685540115e-22
0.143229081286953,8.30078061752494e-22
0.143493215033133,8.370253063023e-22
0.143757835877571,8.44010491731979e-22
0.14402294471854,8.51033823197756e-22
0.144288542455973,8.58095506946619e-22
0.14455462999146,8.65195750321956e-22
0.144821208228255,8.72334761769214e-22
0.145088278071278,8.79512750841585e-22
0.145355840427117,8.86729928205721e-22
0.145623896204032,8.93986505647477e-22
0.145892446311958,9.01282696077685e-22
0.146161491662507,9.08618713537947e-22
0.146431033168975,9.15994773206471e-22
0.146701071746339,9.23411091403918e-22
0.146971608311266,9.30867885599293e-22
0.147242643782111,9.38365374415856e-22
0.147514179078925,9.45903777637065e-22
0.147786215123454,9.53483316212546e-22
0.148058752839144,9.61104212264091e-22
0.148331793151145,9.68766689091693e-22
0.148605336986311,9.76470971179598e-22
0.148879385273208,9.84217284202398e-22
0.149153938942113,9.92005855031148e-22
0.149428998925018,9.99836911739508e-22
0.149704566155634,1.00771068360993e-21
0.149980641569396,1.01562740113985e-21
0.15025722610346,1.02358729604794e-21
0.150534320696714,1.03159060128037e-21
0.150811926289775,1.03963755101711e-21
0.151090043824996,1.04772838067825e-21
0.151368674246468,1.05586332693035e-21
0.151647818500022,1.06404262769285e-21
0.151927477533233,1.0722665221445e-21
0.152207652295425,1.08053525072976e-21
0.152488343737671,1.08884905516535e-21
0.1527695528128,1.0972081784467e-21
0.153051280475395,1.10561286485456e-21
0.153333527681803,1.11406335996149e-21
0.153616295390132,1.12255991063858e-21
0.153899584560258,1.13110276506198e-21
0.154183396153827,1.13969217271966e-21
0.154467731134258,1.14832838441806e-21
0.154752590466747,1.15701165228883e-21
0.15503797511827,1.16574222979564e-21
0.155323886057587,1.17452037174094e-21
0.155610324255242,1.18334633427279e-21
0.155897290683571,1.19222037489179e-21
0.156184786316703,1.21823228902499e-21
0.156472812130564,1.29557262009339e-21
0.156761369102877,1.42414916403387e-21
0.157050458213171,1.56956463056833e-21
0.15734008044278,1.71461533831944e-21
0.157630236774847,1.85930234275501e-21
0.15792092819433,2.00362669926605e-21
0.158212155688003,2.1475894631778e-21
0.158503920244457,2.29119168976076e-21
0.15879622285411,2.43443443424165e-21
0.159089064509205,2.57731875181455e-21
0.159382446203812,2.71984569765197e-21
0.15967636893384,2.86201632691599e-21
0.159970833697028,3.00383169476934e-21
0.160265841492961,3.14529285638666e-21
0.160561393323063,3.28640086696561e-21
0.160857490190608,3.42715678173815e-21
0.161154133100716,3.56756165598178e-21
0.161451323060366,3.70761654503082e-21
0.161749061078389,3.84732250428771e-21
0.162047348165479,3.98668058923433e-21
0.162346185334195,4.1256918554434e-21
0.16264557359896,4.26435735858985e-21
0.162945513976069,4.40267815446223e-21
0.163246007483694,4.5406552989742e-21
0.16354705514188,4.67828984817595e-21
0.163848657972556,4.81558285826575e-21
0.164150816999536,4.95253538560153e-21
0.16445353324852,5.08914848671238e-21
0.164756807747101,5.22542321831016e-21
0.165060641524766,5.36136063730119e-21
0.165365035612901,5.4969618007979e-21
0.165669991044795,5.63222776613048e-21
0.165975508855641,5.76715959085872e-21
0.166281590082542,5.90175833278368e-21
0.166588235764512,6.03602504995954e-21
0.166895446942484,6.16996080070546e-21
0.167203224659308,6.30356664361746e-21
0.167511569959758,6.43684363758032e-21
0.167820483890536,6.56979284177955e-21
0.168129967500271,6.70241531571337e-21
0.168440021839529,6.83471211920483e-21
0.168750647960812,6.96668431241382e-21
0.169061846918564,7.09833295584925e-21
0.169373619769171,7.22965911038122e-21
0.16968596757097,7.36066383725327e-21
0.169998891384249,7.49134819809466e-21
0.17031239227125,7.62171325493277e-21
0.170626471296175,7.75176007020543e-21
0.170941129525188,7.88148970677346e-21
0.17125636802642,8.01090322793322e-21
0.171572187869971,8.14000169742921e-21
0.171888590127914,8.26878617946683e-21
0.172205575874302,8.39725773872514e-21
0.172523146185163,8.52541744036979e-21
0.172841302138516,8.65326635006605e-21
0.173160044814363,8.78080553399201e-21
0.173479375294699,8.90803605885178e-21
0.173799294663516,9.03495899188901e-21
0.174119804006803,9.16157540090056e-21
0.174440904412553,9.28788635425034e-21
0.174762596970765,9.41389292088341e-21
0.175084882773448,9.53959617034044e-21
0.175407762914624,9.66499717277237e-21
0.175731238490334,9.79009699895564e-21
0.176055310598639,9.91489672030778e-21
0.176379980339626,1.00393974089036e-20
0.176705248815411,1.01636001374921e-20
0.177031117130141,1.02875059795141e-20
0.17735758639,1.04111160091211e-20
0.177684657703212,1.05344313011953e-20
0.178012332180044,1.0657452931371e-20
0.178340610932812,1.07801819760578e-20
0.178669495075881,1.09026195124673e-20
0.178998985725674,1.10247666186411e-20
0.179329084000671,1.11466243734841e-20
0.179659791021413,1.12681938568024e-20
0.179991107910512,1.13894761493469e-20
0.180323035792645,1.15104723328669e-20
0.180655575794567,1.16311834901725e-20
0.180988729045109,1.17516107052139e-20
0.181322496675185,1.1871755063178e-20
0.181656879817793,1.1991617650612e-20
0.18199187960802,1.21111995555816e-20
0.18232749718305,1.22305018678757e-20
0.182663733682159,1.23495256792741e-20
0.183000590246728,1.24682720838992e-20
0.183338068020241,1.25867421786751e-20
0.183676168148291,1.27049370639204e-20
0.184014891778584,1.28228578440841e-20
0.184354240060941,1.29405056285879e-20
0.184694214147307,1.30578815326024e-20
0.185034815191747,1.31749866772846e-20
0.185376044350456,1.32918221884277e-20
0.185717902781763,1.34083891916815e-20
0.186060391646131,1.35246888022604e-20
0.186403512106164,1.36407221093562e-20
0.186747265326609,1.37564901618819e-20
0.187091652474361,1.38719939682711e-20
0.187436674718468,1.39872345180129e-20
0.187782333230134,1.41022128150978e-20
0.188128629182722,1.42169299022332e-20
0.188475563751758,1.43313868640956e-20
0.188823138114938,1.44455848154313e-20
0.189171353452128,1.45595248862393e-20
0.189520210945371,1.46732082112101e-20
0.189869711778889,1.47866359243189e-20
0.190219857139088,1.48998091568754e-20
0.190570648214564,1.50127290373142e-20
0.1909220861961,1.51253966916753e-20
0.191274172276681,1.52378132442604e-20
0.191626907651487,1.53499798182582e-20
0.191980293517906,1.54618975362728e-20
0.19233433107553,1.55735675207463e-20
0.192689021526167,1.56849908942913e-20
0.19304436607384,1.57961687799489e-20
0.193400365924791,1.59071023013902e-20
0.193757022287488,1.60177925830743e-20
0.194114336372628,1.61282407503731e-20
0.19447230939314,1.62384479296722e-20
0.194830942564188,1.63484152484518e-20
0.19519023710318,1.64581438353547e-20
0.195550194229768,1.65676348202418e-20
0.195910815165852,1.66768893342409e-20
0.196272101135586,1.67859085097877e-20
0.196634053365383,1.68946934806624e-20
0.196996673083915,1.70032453820225e-20
0.197359961522123,1.71115653504315e-20
0.197723919913215,1.72196545238866e-20
0.198088549492675,1.73275140418432e-20
0.198453851498264,1.74351450452384e-20
0.198819827170028,1.75425486765132e-20
0.199186477750297,1.76497260796334e-20
0.199553804483694,1.77566784001103e-20
0.199921808617137,1.78634067850198e-20
0.200290491399841,1.79699123830218e-20
0.20065985408333,1.80761963443786e-20
0.20102989792143,1.81822598209735e-20
0.201400624170282,1.82881039663283e-20
0.201772034088346,1.83937299356213e-20
0.202144128936398,1.84991388857049e-20
0.202516909977542,1.86043319751224e-20
0.202890378477211,1.87093103641262e-20
0.203264535703171,1.88140752146938e-20
0.203639382925525,1.89186276905459e-20
0.204014921416721,1.90229689571625e-20
0.204391152451552,1.91271001818006e-20
0.204768077307161,1.92310225335105e-20
0.205145697263047,1.93347371831529e-20
0.20552401360107,1.9438245303416e-20
0.205903027605451,1.95415480688321e-20
0.206282740562781,1.96446466557945e-20
0.206663153762025,1.97475422425745e-20
0.207044268494523,1.98502360093383e-20
0.207426086053996,1.99527291381637e-20
0.207808607736552,2.00550228130574e-20
0.20819183484069,2.01571182199716e-20
0.208575768667302,2.02590165468213e-20
0.208960410519679,2.03607189835011e-20
0.209345761703516,2.04622267219026e-20
0.209731823526917,2.05635409559311e-20
0.210118597300396,2.06646628815231e-20
0.210506084336886,2.0765593696663e-20
0.21089428595174,2.08663346014011e-20
0.211283203462736,2.09668867978703e-20
0.211672838190084,2.10672514903033e-20
0.212063191456427,2.11674298850506e-20
0.212454264586848,2.12674231905973e-20
0.212846058908874,2.1367232617581e-20
0.21323857575248,2.14668593788089e-20
0.213631816450092,2.15663046892758e-20
0.214025782336595,2.16655697661815e-20
0.214420474749335,2.17646558289482e-20
0.214815895028124,2.18635640992388e-20
0.215212044515246,2.19622958009742e-20
0.215608924555459,2.20608521603513e-20
0.216006536496002,2.2159234405861e-20
0.216404881686598,2.22574437683057e-20
0.216803961479458,2.23554814808178e-20
0.217203777229288,2.24533487788776e-20
0.217604330293292,2.2551046900331e-20
0.218005622031178,2.26485770854081e-20
0.218407653805158,2.27459405767416e-20
0.21881042697996,2.28431386193842e-20
0.219213942922827,2.29401724608278e-20
0.219618203003523,2.30370433510214e-20
0.220023208594339,2.31337525423899e-20
0.220428961070096,2.32303012898519e-20
0.220835461808151,2.33266908508393e-20
0.221242712188399,2.34229224853149e-20
0.221650713593284,2.35189974557916e-20
0.222059467407794,2.3614917027351e-20
0.222468975019475,2.37106824676624e-20
0.222879237818432,2.38062950470012e-20
0.22329025719733,2.39017560382681e-20
0.223702034551406,2.39970667170081e-20
0.224114571278467,2.40922283614295e-20
0.224527868778901,2.41872422524226e-20
0.224941928455675,2.42821096735796e-20
0.225356751714347,2.43768319112129e-20
0.225772339963063,2.44714102543753e-20
0.226188694612569,2.45658459948785e-20
0.226605817076211,2.46601404273131e-20
0.227023708769942,2.47542948490675e-20
0.227442371112325,2.48483105603479e-20
0.227861805524542,2.49421888641977e-20
0.228282013430393,2.5035931066517e-20
0.228702996256305,2.51295384760825e-20
0.229124755431334,2.5223012404567e-20
0.229547292387173,2.53163541665594e-20
0.229970608558156,2.54095650795848e-20
0.230394705381259,2.55026464641239e-20
0.23081958429611,2.55955996436335e-20
0.231245246744993,2.56884259445662e-20
0.23167169417285,2.5781126696391e-20
0.232098928027287,2.58737032316129e-20
0.232526949758582,2.59661568857937e-20
0.232955760819685,2.6058488997572e-20
0.233385362666228,2.61507009086838e-20
0.233815756756526,2.62427939639826e-20
0.234246944551582,2.63347695114604e-20
0.234678927515095,2.6426628902268e-20
0.235111707113463,2.65183734907357e-20
0.23554528481579,2.66100046343939e-20
0.235979662093884,2.67015236939941e-20
0.236414840422273,2.67929320335297e-20
0.236850821278201,2.68842310202565e-20
0.237287606141638,2.69754220247145e-20
0.23772519649528,2.7066506420748e-20
0.238163593824562,2.71574855855275e-20
0.238602799617655,2.72483608995702e-20
0.239042815365475,2.73391337467619e-20
0.239483642561688,2.74298055143778e-20
0.239925282702714,2.75203775931041e-20
0.240367737287734,2.76108513770591e-20
0.240811007818691,2.77012282638154e-20
0.241255095800301,2.77915096544209e-20
0.241700002740052,2.78816969534205e-20
0.242145730148214,2.79717915688778e-20
0.242592279537841,2.80617949123974e-20
0.243039652424778,2.81517083991458e-20
0.243487850327665,2.8241533447874e-20
0.243936874767943,2.83312714809395e-20
0.244386727269858,2.84209239243279e-20
0.244837409360467,2.85104922076752e-20
0.245288922569645,2.85999777642902e-20
0.245741268430085,2.86893820311765e-20
0.246194448477309,2.87787064490548e-20
0.24664846424967,2.88679524623855e-20
0.247103317288357,2.89571215193909e-20
0.247559009137404,2.9046215072078e-20
0.248015541343689,2.91352345762609e-20
0.248472915456944,2.92241814915833e-20
0.248931133029759,2.93130572815416e-20
0.249390195617588,2.94018634135076e-20
0.249850104778753,2.94906013587511e-20
0.250310862074448,2.95792725924632e-20
0.250772469068749,2.9667878593779e-20
0.251234927328613,2.9756420845801e-20
0.25169823842389,2.98449008356218e-20
0.252162403927323,2.99333200543479e-20
0.252627425414556,3.00216799971223e-20
0.253093304464139,3.01099821631487e-20
0.253560042657531,3.0198228055714e-20
0.254027641579112,3.02864191822124e-20
0.254496102816178,3.03745570541691e-20
0.254965427958957,3.04626431872632e-20
0.255435618600606,3.05506791013523e-20
0.255906676337223,3.06386663204956e-20
0.256378602767848,3.0726606372978e-20
0.25685139949447,3.08145007913342e-20
0.257325068122031,3.09023511123725e-20
0.257799610258435,3.09901588771988e-20
0.25827502751455,3.10779256312409e-20
0.258751321504214,3.11656529242725e-20
0.259228493844244,3.1253342310438e-20
0.259706546154434,3.13409953482761e-20
0.26018548005757,3.14286136007448e-20
0.260665297179426,3.15161986352455e-20
0.261145999148778,3.16037520236481e-20
0.261627587597404,3.16912753423151e-20
0.262110064160091,3.17787701721265e-20
0.262593430474641,3.18662380985047e-20
0.263077688181877,3.19536807114392e-20
0.263562838925647,3.20410996055117e-20
0.264048884352831,3.21284963799209e-20
0.264535826113346,3.22158726385077e-20
0.265023665860151,3.23032299897803e-20
0.265512405249254,3.23905700469395e-20
0.266002045939717,3.24778944279038e-20
0.266492589593662,3.25652047553352e-20
0.266984037876274,3.2652502656664e-20
0.267476392455811,3.27397897641149e-20
0.267969655003607,3.28270677147321e-20
0.268463827194077,3.29143381504053e-20
0.268958910704726,3.30016027178954e-20
0.269454907216151,3.30888630688602e-20
0.269951818412049,3.31761208598802e-20
0.27044964597922,3.32633777524848e-20
0.270948391607578,3.3350635413178e-20
0.271448056990151,3.34378955134647e-20
0.271948643823089,3.3525159729877e-20
0.272450153805672,3.36124297440001e-20
0.272952588640311,3.3699707242499e-20
0.27345595003256,3.37869939171445e-20
0.273960239691115,3.387429146484e-20
0.274465459327824,3.39616015876477e-20
0.274971610657693,3.40489259928156e-20
0.275478695398889,3.41362663928039e-20
0.275986715272749,3.42236245053118e-20
0.276495672003784,3.43110020533046e-20
0.277005567319684,3.439840076504e-20
0.277516402951327,3.44858223740958e-20
0.278028180632782,3.45732686193966e-20
0.278540902101315,3.46607412452406e-20
0.279054569097398,3.47482420013275e-20
0.279569183364711,3.48357726427854e-20
0.280084746650149,3.49233349301978e-20
0.280601260703831,3.50109306296319e-20
0.2811187272791,3.50985615126652e-20
0.281637148132536,3.51862293564135e-20
0.282156525023955,3.52739359435587e-20
0.282676859716422,3.53616830623761e-20
0.28319815397625,3.54494725067625e-20
0.28372040957301,3.55373060762639e-20
0.284243628279539,3.56251855761035e-20
0.28476781187194,3.57131128172098e-20
0.285292962129593,3.58010896162446e-20
0.285819080835159,3.5889117795631e-20
0.286346169774586,3.59771991835819e-20
0.286874230737117,3.60653356141282e-20
0.287403265515294,3.61535289271471e-20
0.287933275904964,3.62417809683907e-20
0.288464263705286,3.63300935895145e-20
0.288996230718736,3.64184686481058e-20
0.289529178751118,3.65069080077125e-20
0.29006310961156,3.65954135378722e-20
0.290598025112532,3.66839871141404e-20
0.291133927069843,3.67726306181196e-20
0.291670817302651,3.68613459374887e-20
0.29220869763347,3.69501349660313e-20
0.292747569888174,3.70389996036656e-20
0.293287435896005,3.71279417564728e-20
0.293828297489577,3.7216963336727e-20
0.294370156504885,3.73060662629243e-20
0.294913014781309,3.7395252459812e-20
0.295456874161621,3.74845238584184e-20
0.296001736491993,3.75738823960821e-20
0.296547603621998,3.76633300164819e-20
0.297094477404624,3.77528686696662e-20
0.297642359696273,3.78425003120828e-20
0.298191252356772,3.79322269066091e-20
0.298741157249377,3.80220504225816e-20
0.299292076240782,3.8111972835826e-20
0.299844011201121,3.82019961286873e-20
0.300396964003978,3.829212229006e-20
0.300950936526391,3.83823533154182e-20
0.301505930648861,3.84726912068457e-20
0.302061948255357,3.85631379730667e-20
0.302618991233321,3.86536956294762e-20
0.303177061473676,3.874436619817e-20
0.303736160870833,3.88351517079757e-20
0.304296291322696,3.89260541944834e-20
0.304857454730669,3.90170757000761e-20
0.305419652999661,3.91082182739604e-20
0.305982888038097,3.91994839721978e-20
0.306547161757919,3.92908748577352e-20
0.307112476074596,3.93823930004361e-20
0.307678832907128,3.94740404771116e-20
0.308246234178056,3.95658193715513e-20
0.308814681813465,3.9657731774555e-20
0.309384177742992,3.97497797839633e-20
0.309954723899832,3.98419655046896e-20
0.310526322220748,3.99342910487511e-20
0.31109897464607,4.00267585353002e-20
0.31167268311971,4.01193700906565e-20
0.312247449589164,4.02121306245519e-20
0.312823276005518,4.0305052851569e-20
0.313400164323457,4.03981539691596e-20
0.313978116501272,4.04914455892488e-20
0.314557134500863,4.05849320280599e-20
0.315137220287749,4.06786153532145e-20
0.315718375831075,4.07724976398156e-20
0.316300603103615,4.08665809704788e-20
0.316883904081783,4.09608674353649e-20
0.317468280745636,4.10553591322112e-20
0.318053735078885,4.11500581663636e-20
0.318640269068897,4.12449666508085e-20
0.319227884706704,4.13400867062052e-20
0.319816583987011,4.14354204609174e-20
0.320406368908201,4.15309700510463e-20
0.320997241472343,4.16267376204619e-20
0.321589203685196,4.17227253208362e-20
0.32218225755622,4.18189353116751e-20
0.32277640509858,4.19153697603508e-20
0.323371648329152,4.20120308421348e-20
0.323967989268535,4.21089207402301e-20
0.324565429941051,4.22060416458041e-20
0.325163972374756,4.23033957580213e-20
0.325763618601447,4.24009852840759e-20
0.326364370656666,4.2498812439225e-20
0.326966230579712,4.25968794468212e-20
0.327569200413641,4.26951885383459e-20
0.328173282205278,4.27937419534422e-20
0.328778478005225,4.2892541939948e-20
0.329384789867862,4.29915907539294e-20
0.32999221985136,4.30908906597135e-20
0.330600770017684,4.31904439299224e-20
0.331210442432602,4.32902528455058e-20
0.331821239165693,4.33903196957753e-20
0.33243316229035,4.3490646778437e-20
0.333046213883793,4.35912363996258e-20
0.333660396027068,4.36920908739386e-20
0.334275710805063,4.37932125244683e-20
0.334892160306509,4.38946036828373e-20
0.335509746623989,4.39962666892313e-20
0.336128471853946,4.40982038924335e-20
0.336748338096686,4.42004176498582e-20
0.337369347456393,4.43029103275848e-20
0.337991502041127,4.44056843003921e-20
0.338614803962839,4.45087419517923e-20
0.339239255337372,4.4612085674065e-20
0.339864858284472,4.47157178682917e-20
0.340491614927795,4.48196409443898e-20
0.341119527394912,4.49238573211472e-20
0.341748597817317,4.50283694262567e-20
0.342378828330438,4.51331796963502e-20
0.343010221073637,4.52382905770335e-20
0.343642778190223,4.53437045229205e-20
0.344276501827459,4.54494239976685e-20
0.344911394136565,4.5555451474012e-20
0.345547457272731,4.56617894337982e-20
0.346184693395118,4.57684403680214e-20
0.346823104666873,4.58754067768579e-20
0.347462693255128,4.5982691169701e-20
0.348103461331015,4.60902960651956e-20
0.348745411069667,4.6198223991274e-20
0.349388544650231,4.63064774851899e-20
0.35003286425587,4.64150590935545e-20
0.350678372073775,4.6523971372371e-20
0.351325070295169,4.66332168870699e-20
0.351972961115316,4.67427982125447e-20
0.352622046733531,4.68527179331866e-20
0.353272329353181,4.69629786429204e-20
0.3539238111817,4.70735829452396e-20
0.354576494430588,4.71845334532419e-20
0.355230381315429,4.72958327896647e-20
0.355885474055889,4.74074835869208e-20
0.356541774875728,4.75194884871339e-20
0.357199286002808,4.76318501421742e-20
0.357858009669098,4.77445712136942e-20
0.358517948110685,4.78576543731645e-20
0.359179103567778,4.79711023019092e-20
0.359841478284717,4.80849176911424e-20
0.360505074509983,4.81991032420033e-20
0.361169894496201,4.83136616655928e-20
0.361835940500152,4.84285956830092e-20
0.362503214782778,4.85439080253841e-20
0.363171719609189,4.86596014339184e-20
0.363841457248676,4.87756786599188e-20
0.364512429974712,4.88921424648335e-20
0.365184640064963,4.90089956202887e-20
0.365858089801294,4.91262409081245e-20
0.366532781469782,4.92438811204314e-20
0.367208717360717,4.93619190595864e-20
0.367885899768611,4.94803575382896e-20
0.368564330992212,4.95991993796003e-20
0.369244013334503,4.97184474169734e-20
0.369924949102716,4.98381044942962e-20
0.370607140608338,4.99581734659245e-20
0.371290590167117,5.00786571967191e-20
0.371975300099074,5.01995585620828e-20
0.372661272728506,5.03208804479964e-20
0.373348510383999,5.04426257510557e-20
0.37403701539843,5.05647973785081e-20
0.374726790108981,5.06873982482891e-20
0.375417836857142,5.08104312890592e-20
0.376110157988723,5.09338994402406e-20
0.376803755853859,5.10578056520539e-20
0.377498632807017,5.11821528855551e-20
0.37819479120701,5.13069441126721e-20
0.378892233416998,5.14321823162419e-20
0.379590961804499,5.15578704900473e-20
0.380290978741399,5.16840116388539e-20
0.380992286603956,5.1810608778447e-20
0.381694887772813,5.19376649356686e-20
0.382398784632998,5.20651831484544e-20
0.383103979573944,5.21931664658708e-20
0.383810474989484,5.2321617948152e-20
0.384518273277871,5.24505406667368e-20
0.385227376841777,5.25799377043062e-20
0.385937788088306,5.27098121548201e-20
0.386649509429002,5.28401671235546e-20
0.387362543279855,5.2971005727139e-20
0.388076892061311,5.31023310935932e-20
0.388792558198278,5.32341463623648e-20
0.389509544120139,5.33664546843663e-20
0.390227852260755,5.34992592220121e-20
0.390947485058475,5.36325631492563e-20
0.391668444956146,5.37663696516295e-20
0.392390734401119,5.3900681926276e-20
0.393114355845259,5.40355031819917e-20
0.393839311744952,5.41708366392606e-20
0.394565604561114,5.43066855302929e-20
0.395293236759198,5.44430530990617e-20
0.396022210809208,5.45799426013406e-20
0.396752529185697,5.47173573047413e-20
0.397484194367785,5.48553004887504e-20
0.398217208839165,5.49937754447673e-20
0.398951575088106,5.51327854761414e-20
0.39968729560747,5.52723338982092e-20
0.400424372894714,5.54124240383321e-20
0.4011628094519,5.55530592359339e-20
0.401902607785705,5.56942428425375e-20
0.402643770407431,5.58359782218032e-20
0.403386299833007,5.59782687495655e-20
0.404130198583004,5.61211178138705e-20
0.404875469182641,5.62645288150139e-20
0.405622114161794,5.64085051655779e-20
0.406370136055004,5.65530502904686e-20
0.407119537401486,5.66981676269538e-20
0.407870320745139,5.68438606247002e-20
0.408622488634552,5.69901327458106e-20
0.409376043623012,5.71369874648618e-20
0.41013098826852,5.72844282689415e-20
0.410887325133788,5.74324586576862e-20
0.411645056786259,5.75810821433181e-20
0.412404185798108,5.77303022506829e-20
0.413164714746255,5.7880122517287e-20
0.41392664621237,5.80305464933347e-20
0.414689982782887,5.8181577741766e-20
0.415454727049006,5.83332198382937e-20
0.41622088160671,5.84854763714406e-20
0.416988449056765,5.8638350942577e-20
0.417757432004735,5.87918471659583e-20
0.41852783306099,5.89459686687616e-20
0.419299654840714,5.91007190911238e-20
0.42007289996391,5.92561020861782e-20
0.420847571055418,5.94121213200922e-20
0.421623670744914,5.95687804721043e-20
0.422401201666926,5.97260832345615e-20
0.42318016646084,5.98840333129564e-20
0.42396056777091,6.00426344259642e-20
0.424742408246264,6.02018903054804e-20
0.425525690540918,6.03618046966573e-20
0.426310417313781,6.05223813579415e-20
0.427096591228665,6.06836240611111e-20
0.427884214954296,6.08455365913123e-20
0.428673291164321,6.10081227470968e-20
0.429463822537315,6.11713863404589e-20
0.430255811756797,6.1335331196872e-20
0.431049261511232,6.14999611553262e-20
0.431844174494043,6.16652800683647e-20
0.432640553403621,6.18312918021209e-20
0.433438400943332,6.19980002363553e-20
0.434237719821529,6.21654092644924e-20
0.435038512751558,6.23335227936572e-20
0.435840782451769,6.25023447447123e-20
0.436644531645527,6.26718790522943e-20
0.437449763061216,6.28421296648508e-20
0.438256479432254,6.3013100544677e-20
0.439064683497098,6.3184795667952e-20
0.439874377999258,6.33572190247759e-20
0.4406855656873,6.35303746192057e-20
0.441498249314861,6.37042664692922e-20
0.442312431640654,6.38788986071167e-20
0.443128115428482,6.40542750788266e-20
0.443945303447243,6.42303999446726e-20
0.444763998470941,6.44072772790444e-20
0.445584203278698,6.45849111705072e-20
0.446405920654758,6.4763305721838e-20
0.447229153388502,6.49424650500618e-20
0.448053904274454,6.51223932864873e-20
0.44888017611229,6.53030945767436e-20
0.449707971706852,6.54845730808154e-20
0.450537293868152,6.566683297308e-20
0.451368145411386,6.58498784423421e-20
0.452200529156939,6.60337136918705e-20
0.453034447930401,6.62183429394336e-20
0.453869904562568,6.64037704173347e-20
0.454706901889461,6.65900003724485e-20
0.455545442752328,6.67770370662561e-20
0.456385529997657,6.69648847748808e-20
0.457227166477187,6.71535477891233e-20
0.458070355047914,6.73430304144977e-20
0.458915098572104,6.75333369712663e-20
0.4597613999173,6.77244717944751e-20
0.460609261956336,6.79164392339891e-20
0.46145868756734,6.81092436545275e-20
0.46230967963375,6.83028894356984e-20
0.463162241044322,6.84973809720345e-20
0.464016374693138,6.86927226730275e-20
0.464872083479617,6.8888918963163e-20
0.465729370308526,6.90859742819558e-20
0.466588238089987,6.92838930839839e-20
0.467448689739491,6.94826798389239e-20
0.468310728177903,6.96823444811502e-20
0.469174356331477,6.98829136888091e-20
0.470039577131861,7.00844257789903e-20
0.470906393516112,7.02869080764688e-20
0.471774808426701,7.04903707016159e-20
0.472644824811526,7.06948179228019e-20
0.473516445623922,7.09002540239703e-20
0.47438967382267,7.11066833046716e-20
0.475264512372006,7.13141100800971e-20
0.476140964241636,7.15225386811128e-20
0.477019032406738,7.17319734542933e-20
0.47789871984798,7.19424187619552e-20
0.478780029551525,7.21538789821908e-20
0.479662964509045,7.23663585089014e-20
0.480547527717725,7.25798617518311e-20
0.481433722180282,7.27943931365996e-20
0.482321550904968,7.3009957104736e-20
0.483211016905581,7.32265581137113e-20
0.484102123201481,7.3444200636972e-20
0.484994872817592,7.36628891639728e-20
0.48588926878442,7.38826282002095e-20
0.486785314138055,7.41034222672518e-20
0.487683011920192,7.43252759027761e-20
0.488582365178129,7.45481936605979e-20
0.489483376964789,7.47721801107043e-20
0.490386050338722,7.49972398392866e-20
0.491290388364118,7.52233774487725e-20
0.49219639411082,7.54505975578582e-20
0.493104070654331,7.56789048015408e-20
0.494013421075825,7.59083038311497e-20
0.49492444846216,7.61387993143795e-20
0.495837155905884,7.63703959353206e-20
0.496751546505251,7.6603098394492e-20
0.497667623364225,7.68369114088721e-20
0.498585389592498,7.70718397119305e-20
0.499504848305494,7.73078880536596e-20
0.500426002624383,7.75450612006054e-20
0.501348855676091,7.77833639358989e-20
0.502273410593312,7.80228010592872e-20
0.503199670514513,7.82633773871644e-20
0.504127638583953,7.85050977526022e-20
0.505057317951688,7.87479670053811e-20
0.505988711773582,7.89919900120205e-20
0.50692182321132,7.92371716558093e-20
0.507856655432417,7.94835168368366e-20
0.508793211610231,7.97310304720215e-20
0.509731494923969,7.99797174951434e-20
0.510671508558703,8.02295828568719e-20
0.511613255705379,8.0480631524797e-20
0.512556739560826,8.07328684834586e-20
0.513501963327771,8.0986298734376e-20
0.514448930214843,8.12409272960777e-20
0.515397643436592,8.14967592041306e-20
0.516348106213495,8.17537995111694e-20
0.517300321771968,8.20120532869257e-20
0.518254293344375,8.22715256182567e-20
0.519210024169044,8.25322216091744e-20
0.520167517490272,8.27941463808744e-20
0.521126776558343,8.30573050717643e-20
0.52208780462953,8.3321702837492e-20
0.523050604966113,8.35873448509745e-20
0.524015180836391,8.38542363024257e-20
0.524981535514686,8.41223823993849e-20
0.52594967228136,8.4391788366744e-20
0.526919594422824,8.46624594467762e-20
0.527891305231551,8.49344008991629e-20
0.528864808006084,8.52076180010215e-20
0.52984010605105,8.54821160469328e-20
0.53081720267717,8.57579003489684e-20
0.531796101201269,8.60349762367172e-20
0.532776804946291,8.6313349057313e-20
0.533759317241307,8.65930241754608e-20
0.534743641421527,8.68740069734638e-20
0.535729780828312,8.71563028512496e-20
0.536717738809184,8.74399172263967e-20
0.537707518717839,8.77248555341607e-20
0.538699123914157,8.80111232275005e-20
0.539692557764217,8.82987257771037e-20
0.5406878236403,8.85876686714128e-20
0.541684924920912,8.88779574166508e-20
0.542683864990785,8.91695975368464e-20
0.543684647240894,8.94625945738592e-20
0.544687275068469,8.97569540874053e-20
0.545691751877003,9.00526816550817e-20
0.546698081076267,9.03497828723917e-20
0.547706266082319,9.06482633527689e-20
0.548716310317517,9.09481287276021e-20
0.549728217210531,9.12493846462598e-20
0.550741990196352,9.15520367761138e-20
0.551757632716307,9.18560908025637e-20
0.552775148218071,9.21615524290606e-20
0.553794540155672,9.24684273771307e-20
0.554815811989514,9.27767213863987e-20
0.555838967186377,9.30864402146117e-20
0.556864009219438,9.33975896376617e-20
0.557890941568276,9.37101754496089e-20
0.558919767718889,9.40242034627049e-20
0.559950491163703,9.43396795074145e-20
0.560983115401585,9.46566094324393e-20
0.562017643937852,9.49749991047391e-20
0.563054080284289,9.52948544095545e-20
0.564092427959155,9.56161812504291e-20
0.565132690487196,9.59389855492308e-20
0.566174871399661,9.62632732461737e-20
0.56721897423431,9.65890502998397e-20
0.568265002535425,9.69163226871997e-20
0.569312959853827,9.72450964036345e-20
0.570362849746884,9.75753774629561e-20
0.571414675778525,9.79071718974282e-20
0.572468441519249,9.82404857577871e-20
0.573524150546143,9.85753251132617e-20
0.574581806442887,9.89116960515938e-20
0.575641412799774,9.92496046790587e-20
0.576702973213713,9.95890571204842e-20
0.577766491288251,9.9930059519271e-20
0.578831970633577,1.00272618037412e-19
0.579899414866539,1.00616738855511e-19
0.580968827610655,1.00962428172803e-19
0.582040212496125,1.01309692207172e-19
0.583113573159844,1.01658537195172e-19
0.584188913245413,1.02008969392041e-19
0.585266236403154,1.02360995071725e-19
0.586345546290118,1.02714620526891e-19
0.587426846570103,1.03069852068951e-19
0.588510140913662,1.03426696028072e-19
0.589595432998117,1.03785158753202e-19
0.590682726507571,1.04145246612081e-19
0.591772025132923,1.04506965991262e-19
0.592863332571876,1.04870323296126e-19
0.593956652528954,1.05235324950901e-19
0.595051988715512,1.05601977398675e-19
0.596149344849748,1.05970287101418e-19
0.59724872465672,1.06340260539993e-19
0.598350131868351,1.06711904214176e-19
0.599453570223451,1.07085224642669e-19
0.600559043467721,1.07460228363117e-19
0.601666555353771,1.07836921932126e-19
0.602776109641133,1.08215311925273e-19
0.603887710096269,1.08595404937125e-19
0.60500136049259,1.08977207581255e-19
0.606117064610462,1.09360726490253e-19
0.607234826237226,1.09745968315742e-19
0.608354649167205,1.10132939728395e-19
0.609476537201721,1.10521647417946e-19
0.610600494149105,1.10912098093205e-19
0.611726523824712,1.11304298482071e-19
0.612854630050931,1.11698255331548e-19
0.613984816657203,1.12093975407756e-19
0.615117087480029,1.12491465495946e-19
0.616251446362984,1.12890732400511e-19
0.617387897156735,1.13291782945001e-19
0.618526443719046,1.13694623972134e-19
0.619667089914797,1.14099262343809e-19
0.620809839615996,1.14505704941117e-19
0.62195469670179,1.14913958664358e-19
0.623101665058482,1.15324030433045e-19
0.624250748579538,1.15735927210242e-19
0.625401951165608,1.16149656073867e-19
0.626555276724534,1.1656522421484e-19
0.627710729171363,1.16982638793958e-19
0.628868312428364,1.17401906872112e-19
0.630028030425038,1.17823035482147e-19
0.631189887098134,1.18246031676204e-19
0.632353886391658,1.18670902525734e-19
0.633520032256893,1.19097655121505e-19
0.634688328652405,1.19526296573612e-19
0.635858779544063,1.19956834011488e-19
0.637031388905049,1.20389274583913e-19
0.63820616071587,1.20823625459024e-19
0.639383098964377,1.21259893824324e-19
0.640562207645771,1.21698086886687e-19
0.641743490762625,1.22138211872374e-19
0.642926952324891,1.22580276027034e-19
0.644112596349916,1.23024286615719e-19
0.645300426862456,1.23470250922886e-19
0.646490447894688,1.23918176252409e-19
0.647682663486226,1.24368069927587e-19
0.648877077684134,1.24819939291148e-19
0.650073694542939,1.25273791705258e-19
0.651272518124643,1.25729634551532e-19
0.652473552498743,1.26187475231032e-19
0.653676801742237,1.26647321164285e-19
0.654882269939644,1.2710917979128e-19
0.656089961183013,1.27573058571479e-19
0.657299879571941,1.28038964983823e-19
0.658512029213585,1.28506906526737e-19
0.659726414222676,1.28976890718136e-19
0.660943038721534,1.29448925095431e-19
0.662161906840078,1.29923017215532e-19
0.663383022715848,1.3039917465486e-19
0.664606390494009,1.30877405009342e-19
0.665832014327375,1.31357715894426e-19
0.667059898376415,1.31840114945077e-19
0.668290046809272,1.32324609815789e-19
0.669522463801774,1.32811208180582e-19
0.670757153537452,1.33299917733012e-19
0.671994120207551,1.33790746186172e-19
0.673233368011046,1.34283701272698e-19
0.674474901154653,1.34778790744768e-19
0.675718723852848,1.35276022374111e-19
0.676964840327879,1.35775403952005e-19
0.67821325480978,1.36276943289286e-19
0.679463971536385,1.36780648216343e-19
0.680716994753344,1.3728652658313e-19
0.681972328714136,1.37794586259158e-19
0.683229977680085,1.38304835133508e-19
0.684489945920373,1.38817281114823e-19
0.685752237712054,1.39331932131319e-19
0.68701685734007,1.39848796130781e-19
0.688283809097266,1.40367881080564e-19
0.689553097284402,1.408891949676e-19
0.690824726210171,1.41412745798394e-19
0.692098700191209,1.41938541599028e-19
0.693375023552117,1.42466590415159e-19
0.694653700625466,1.42996900312023e-19
0.69593473575182,1.43529479374433e-19
0.697218133279747,1.44064335706783e-19
0.698503897565834,1.44601477433043e-19
0.699792032974702,1.45140912696762e-19
0.701082543879022,1.4568264966107e-19
0.702375434659528,1.46226696508674e-19
0.703670709705032,1.46773061441859e-19
0.70496837341244,1.47321752682488e-19
0.706268430186768,1.47872778472001e-19
0.707570884441153,1.48426147071412e-19
0.708875740596873,1.48981866761313e-19
0.710183003083357,1.49539945841868e-19
0.711492676338204,1.50100392632813e-19
0.712804764807195,1.50663215473457e-19
0.714119272944312,1.51228422722675e-19
0.715436205211749,1.51796022758912e-19
0.716755566079929,1.52366023980179e-19
0.71807736002752,1.52938434804047e-19
0.719401591541448,1.53513263667653e-19
0.720728265116914,1.54090519027689e-19
0.722057385257409,1.54670209360406e-19
0.72338895647473,1.55252343161608e-19
0.724722983288992,1.55836928946649e-19
0.726059470228648,1.56423975250432e-19
0.7273984218305,1.57013490627405e-19
0.728739842639718,1.57605483651559e-19
0.730083737209854,1.58199962916422e-19
0.731430110102856,1.58796937035057e-19
0.732778965889086,1.59396414640061e-19
0.734130309147334,1.59998404383557e-19
0.735484144464834,1.60602914937192e-19
0.73684047643728,1.61209954992135e-19
0.738199309668839,1.6181953325907e-19
0.739560648772172,1.62431658468193e-19
0.740924498368443,1.6304633936921e-19
0.742290863087341,1.63663584731326e-19
0.74365974756709,1.6428340334325e-19
0.74503115645447,1.64905804013182e-19
0.746405094404828,1.65530795568814e-19
0.747781566082099,1.66158386857322e-19
0.749160576158816,1.66788586745361e-19
0.750542129316131,1.67421404119062e-19
0.751926230243826,1.68056847884027e-19
0.753312883640334,1.68694926965322e-19
0.754702094212752,1.6933565030747e-19
0.756093866676858,1.69979026874453e-19
0.757488205757124,1.70625065649698e-19
0.758885116186739,1.71273775636075e-19
0.760284602707615,1.71925165855895e-19
0.761686670070415,1.72579245350896e-19
0.763091323034557,1.73236023182247e-19
0.76449856636824,1.73895508430533e-19
0.765908404848454,1.74557710195754e-19
0.767320843261,1.75222637597321e-19
0.768735886400504,1.75890299774045e-19
0.770153539070433,1.76560705884131e-19
0.771573806083114,1.77233865105179e-19
0.772996692259748,1.77909786634167e-19
0.774422202430425,1.78588479687453e-19
0.775850341434146,1.79269953500767e-19
0.777281114118831,1.79954217329201e-19
0.778714525341346,1.80641280447206e-19
0.780150579967509,1.81331152029059e-19
0.781589282872113,1.82023840624272e-19
0.783030638938941,1.82719353992981e-19
0.784474653060782,1.83417700160034e-19
0.785921330139448,1.84118888107678e-19
0.787370675085791,1.8482292724603e-19
0.788822692819718,1.85529827004482e-19
0.790277388270209,1.86239596831696e-19
0.791734766375337,1.86952246195598e-19
0.793194832082278,1.87667784583367e-19
0.794657590347331,1.88386221501435e-19
0.796123046135938,1.89107566475473e-19
0.797591204422696,1.89831829050388e-19
0.799062070191376,1.90559018790316e-19
0.800535648434939,1.91289145278611e-19
0.802011944155555,1.92022218117845e-19
0.80349096236462,1.92758246929796e-19
0.804972708082767,1.93497241355442e-19
0.806457186339893,1.94239211054953e-19
0.807944402175167,1.94984165707687e-19
0.809434360637053,1.95732115012182e-19
0.810927066783325,1.96483068686147e-19
0.812422525681083,1.97237036466458e-19
0.813920742406772,1.97994028109148e-19
0.815421722046199,1.98754053389405e-19
0.816925469694549,1.99517122101558e-19
0.818431990456405,2.00283244059079e-19
0.819941289445761,2.01052429094567e-19
0.821453371786044,2.01824687059751e-19
0.822968242610128,2.02600027825474e-19
0.824485907060355,2.03378461281692e-19
0.826006370288547,2.04159997337468e-19
0.827529637456027,2.04944645920962e-19
0.82905571373364,2.05732416979426e-19
0.830584604301762,2.06523320479199e-19
0.832116314350325,2.07317366405699e-19
0.833650849078831,2.08114564763418e-19
0.835188213696371,2.08914925575914e-19
0.836728413421643,2.09718458885808e-19
0.838271453482966,2.10525174754775e-19
0.839817339118304,2.11335083263539e-19
0.84136607557528,2.12148194511868e-19
0.842917668111193,2.12964518618568e-19
0.844472121993037,2.13784065721477e-19
0.846029442497522,2.14606845977459e-19
0.847589634911085,2.15432869562401e-19
0.849152704529913,2.16262146671203e-19
0.850718656659963,2.17094687517778e-19
0.852287496616973,2.17930502335044e-19
0.853859229726486,2.1876960137492e-19
0.855433861323866,2.19611994908321e-19
0.857011396754314,2.20457693225151e-19
0.858591841372891,2.21306706634305e-19
0.860175200544532,2.22159045463656e-19
0.861761479644066,2.23014720060058e-19
0.863350684056234,2.23873740789337e-19
0.864942819175707,2.24736118036289e-19
0.866537890407105,2.25601862204678e-19
0.868135903165014,2.26470983717227e-19
0.869736862874006,2.27343493015622e-19
0.871340774968656,2.28219400560502e-19
0.872947644893562,2.29098716831459e-19
0.874557478103361,2.29981452327035e-19
0.876170280062751,2.30867617564717e-19
0.877786056246506,2.3175722308094e-19
0.879404812139497,2.32650279431078e-19
0.88102655323671,2.33546797189443e-19
0.882651285043265,2.34446786949289e-19
0.884279013074432,2.35350259322803e-19
0.885909742855654,2.36257224941106e-19
0.887543479922563,2.37167694454253e-19
0.889180229821,2.38081678531231e-19
0.890819998107032,2.38999187859956e-19
0.892462790346973,2.39920233147276e-19
0.894108612117402,2.40844825118968e-19
0.895757469005182,2.41772974519738e-19
0.897409366607478,2.42704692113223e-19
0.899064310531779,2.43639988681989e-19
0.900722306395914,2.44578875027532e-19
0.90238335982807,2.45521361970279e-19
0.904047476466815,2.4646746034959e-19
0.905714661961117,2.47417181023759e-19
0.907384921970358,2.48370534870014e-19
0.909058262164359,2.4932753278452e-19
0.910734688223396,2.50288185682384e-19
0.912414205838221,2.51252504497651e-19
0.914096820710078,2.52220500183313e-19
0.915782538550729,2.53192183711309e-19
0.917471365082465,2.54167566072529e-19
0.919163306038133,2.55146658276818e-19
0.920858367161151,2.56129471352978e-19
0.922556554205528,2.57116016348777e-19
0.924257872935884,2.58106304330948e-19
0.925962329127472,2.59100346385198e-19
0.927669928566192,2.60098153616213e-19
0.929380677048616,2.61099737147659e-19
0.931094580382007,2.62105108122197e-19
0.932811644384334,2.63114277701479e-19
0.934531874884298,2.64127257066164e-19
0.936255277721346,2.65144057359322e-19
0.937981858745698,2.6616468947781e-19
0.939711623818358,2.67189164034187e-19
0.941444578811142,2.6821749177622e-19
0.943180729606692,2.69249683835072e-19
0.9449200820985,2.70285751514445e-19
0.946662642190925,2.71325706137081e-19
0.948408415799216,2.72369559044772e-19
0.95015740884953,2.73417321598369e-19
0.951909627278952,2.74469005177792e-19
0.953665077035516,2.75524621182043e-19
0.955423764078224,2.76584181029217e-19
0.95718569437707,2.77647696156513e-19
0.958950873913056,2.78715178020248e-19
0.960719308678213,2.79786638095868e-19
0.962491004675621,2.80862087877962e-19
0.964265967919435,2.81941538880275e-19
0.966044204434896,2.83025002635726e-19
0.96782572025836,2.84112490696417e-19
0.969610521437312,2.8520401463365e-19
0.971398614030392,2.86299586037947e-19
0.973190004107411,2.87399216519059e-19
0.974984697749373,2.88502917705989e-19
0.976782701048499,2.89610701247003e-19
0.978584020108243,2.90722578809655e-19
0.980388661043314,2.91838562080799e-19
0.982196629979699,2.92958662766608e-19
0.984007933054681,2.94082892592599e-19
0.985822576416862,2.95211263303645e-19
0.987640566226181,2.96343786664001e-19
0.989461908653939,2.97480474457323e-19
0.991286609882815,2.98621338486688e-19
0.993114676106894,2.99766390574617e-19
0.994946113531679,3.009156425631e-19
0.996780928374119,3.02069106313615e-19
0.998619126862628,3.03239024854058e-19
1.00046071523711,3.04450052617013e-19
1.00230569974896,3.0570265399733e-19
1.00415408666113,3.0697274570036e-19
1.00600588224809,3.08248209206341e-19
1.0078610927959,3.0952906824433e-19
1.00971972460222,3.1081534668437e-19
1.0115817839763,3.12107068538734e-19
1.01344727723904,3.13404257963176e-19
1.01531621072299,3.14706939258201e-19
1.01718859077239,3.16015136870341e-19
1.01906442374317,3.1732887539345e-19
1.02094371600297,3.1864817957001e-19
1.02282647393121,3.19973074292445e-19
1.02471270391903,3.21303584604458e-19
1.02660241236938,3.22639735702372e-19
1.02849560569703,3.23981552936493e-19
1.03039229032854,3.25329061812475e-19
1.03229247270235,3.26682287992713e-19
1.03419615926878,3.28041257297737e-19
1.03610335649004,3.29405995707631e-19
1.03801407084022,3.30776529363456e-19
1.03992830880541,3.32152884568695e-19
1.04184607688362,3.33535087790706e-19
1.04376738158486,3.349231656622e-19
1.04569222943113,3.36317144982718e-19
1.04762062695647,3.37717052720138e-19
1.04955258070698,3.39122916012187e-19
1.0514880972408,3.40534762167974e-19
1.05342718312819,3.41952618669533e-19
1.05536984495153,3.43376513173388e-19
1.05731608930531,3.44806473512127e-19
1.05926592279621,3.46242527695996e-19
1.06121935204309,3.47684703914505e-19
1.063176383677,3.49133030538055e-19
1.06513702434122,3.50587536119579e-19
1.0671012806913,3.52048249396197e-19
1.06906915939505,3.5351519929089e-19
1.07104066713258,3.5498841491419e-19
1.07301581059632,3.56467925565887e-19
1.07499459649103,3.57953760736753e-19
1.07697703153385,3.59445950110281e-19
1.07896312245431,3.60944523564448e-19
1.08095287599432,3.62449511173484e-19
1.08294629890827,3.6396094320967e-19
1.08494339796296,3.65478850145148e-19
1.08694417993769,3.67003262653748e-19
1.08894865162428,3.68534211612839e-19
1.09095681982704,3.70071728105191e-19
1.09296869136285,3.71615843470965e-19
1.09498427306116,3.73166589392389e-19
1.097003571764,3.74723997827568e-19
1.09902659432603,3.76288100845914e-19
1.10105334761456,3.77858930615019e-19
1.10308383850954,3.79436519486387e-19
1.10511807390362,3.81020900030521e-19
1.10715606070218,3.82612105038941e-19
1.10919780582329,3.84210167526221e-19
1.11124331619782,3.85815120732048e-19
1.1132925987694,3.87426998123304e-19
1.11534566049447,3.89045833396159e-19
1.1174025083423,3.90671660478195e-19
1.11946314929502,3.92304513530547e-19
1.12152759034761,3.93944426950063e-19
1.12359583850797,3.95591435371488e-19
1.12566790079694,3.9724557366967e-19
1.12774378424826,3.98906876961785e-19
1.12982349590869,4.00575380609585e-19
1.13190704283795,4.0225112022167e-19
1.1339944321088,4.03934131655782e-19
1.13608567080704,4.05624451021117e-19
1.13818076603152,4.07322114680667e-19
1.14027972489421,4.09027159253577e-19
1.14238255452017,4.10739621617535e-19
1.14448926204762,4.12459538911176e-19
1.14659985462792,4.14186948536514e-19
1.14871433942564,4.159218881614e-19
1.15083272361854,4.17664395721999e-19
1.15295501439766,4.19414509425296e-19
1.15508121896724,4.21172267751623e-19
1.15721134454486,4.22937709457212e-19
1.15934539836138,4.24710873576778e-19
1.161483387661,4.26491799426117e-19
1.16362531970128,4.28280526604739e-19
1.16577120175317,4.30077094998523e-19
1.16792104110103,4.31881544782394e-19
1.17007484504263,4.33693916423038e-19
1.17223262088923,4.35514250681629e-19
1.17439437596556,4.37342588616596e-19
1.17656011760985,4.39178971586403e-19
1.17872985317387,4.41023441252373e-19
1.18090359002295,4.42876039581524e-19
1.183081335536,4.44736808849443e-19
1.18526309710552,4.46605791643184e-19
1.18744888213769,4.48483030864195e-19
1.18963869805229,4.50368569731273e-19
1.19183255228283,4.52262451783548e-19
1.1940304522765,4.54164720883501e-19
1.19623240549423,4.56075421220001e-19
1.19843841941072,4.57994597311383e-19
1.20064850151444,4.59922294008548e-19
1.20286265930769,4.61858556498099e-19
1.20508090030657,4.63803430305502e-19
1.20730323204107,4.65756961298283e-19
1.20952966205507,4.67719195689254e-19
1.21176019790633,4.69690180039768e-19
1.21399484716659,4.71669961263013e-19
1.21623361742151,4.73658586627329e-19
1.21847651627078,4.75656103759564e-19
1.22072355132806,4.7766256064846e-19
1.2229747302211,4.79678005648074e-19
1.22523006059168,4.8170248748123e-19
1.22748955009569,4.83736055243003e-19
1.22975320640313,4.85778758404245e-19
1.23202103719814,4.87830646815136e-19
1.23429305017905,4.89891770708775e-19
1.23656925305837,4.91962180704803e-19
1.23884965356284,4.94041927813067e-19
1.24113425943344,4.9613106343731e-19
1.24342307842545,4.98229639378907e-19
1.24571611830841,5.00337707840629e-19
1.24801338686623,5.02455321448094e-19
1.25031489189715,5.04582533390563e-19
1.25262064121379,5.06719397508424e-19
1.25493064264321,5.08865968021572e-19
1.25724490402685,5.11022299311625e-19
1.25956343322066,5.13188446064503e-19
1.26188623809505,5.15364463394971e-19
1.26421332653496,5.17550406850714e-19
1.26654470643985,5.1974633241644e-19
1.26888038572376,5.21952296518041e-19
1.27122037231534,5.24168356026774e-19
1.27356467415784,5.26394568263502e-19
1.27591329920916,5.28630991002961e-19
1.27826625544188,5.30877682478076e-19
1.28062355084328,5.3313470138432e-19
1.28298519341539,5.35402106884111e-19
1.28535119117496,5.37679958611253e-19
1.28772155215355,5.39968316675422e-19
1.29009628439752,5.42267241666693e-19
1.29247539596809,5.44576794660115e-19
1.29485889494131,5.46897037220325e-19
1.29724678940814,5.49228031406209e-19
1.29963908747448,5.51569839775611e-19
1.30203579726116,5.53922525390086e-19
1.30443692690397,5.56286151819694e-19
1.30684248455374,5.5866078314785e-19
1.30925247837629,5.61046483976213e-19
1.31166691655255,5.63443319429629e-19
1.31408580727849,5.65851355161112e-19
1.31650915876521,5.68270657356887e-19
1.31893697923896,5.70701292741472e-19
1.32136927694115,5.7314332858281e-19
1.3238060601284,5.75596832697454e-19
1.32624733707255,5.78061873455801e-19
1.32869311606069,5.8053851978738e-19
1.3311434053952,5.83026841186182e-19
1.33359821339376,5.85526907716052e-19
1.3360575483894,5.88038790016126e-19
1.33852141873052,5.90562559306327e-19
1.3409898327809,5.93098287392908e-19
1.34346279891975,5.95646046674052e-19
1.34594032554175,5.98205910145528e-19
1.34842242105703,6.00777951406395e-19
1.35090909389125,6.03362244664771e-19
1.35340035248561,6.0595886474365e-19
1.35589620529686,6.08567887086777e-19
1.35839666079737,6.11189387764585e-19
1.3609017274751,6.13823443480178e-19
1.36341141383371,6.16470131575388e-19
1.36592572839249,6.19129530036878e-19
1.36844467968647,6.21801717502305e-19
1.37096827626642,6.24486773266552e-19
1.37349652669888,6.27184777288008e-19
1.37602943956617,6.29895810194919e-19
1.37856702346646,6.32619953291796e-19
1.38110928701376,6.35357288565881e-19
1.38365623883796,6.38107898693686e-19
1.38620788758489,6.40871867047583e-19
1.3887642419163,6.43649277702471e-19
1.39132531050993,6.46440215442492e-19
1.39389110205951,6.49244765767829e-19
1.39646162527481,6.52063014901552e-19
1.39903688888165,6.54895049796549e-19
1.40161690162197,6.57740958142505e-19
1.4042016722538,6.6060082849947e-19
1.40679120955134,6.63474750933697e-19
1.40938552230496,6.66362817271329e-19
1.41198461932125,6.69265119840028e-19
1.41458850942302,6.72181750595643e-19
1.41719720144939,6.75112801766592e-19
1.41981070425574,6.78058366369074e-19
1.42242902671381,6.81018538214614e-19
1.42505217771167,6.83993411917684e-19
1.42768016615382,6.86983082903397e-19
1.43031300096114,6.89987647415277e-19
1.43295069107099,6.93007202523099e-19
1.43559324543721,6.96041846130809e-19
1.43824067303013,6.99091676984525e-19
1.44089298283665,7.02156794680603e-19
1.44355018386022,7.05237299673792e-19
1.44621228512091,7.08333293285464e-19
1.44887929565542,7.11444877711921e-19
1.45155122451711,7.14572156032787e-19
1.45422808077604,7.17715232219478e-19
1.456909873519,7.20874211143755e-19
1.45959661184952,7.24049198586359e-19
1.46228830488794,7.27240301245728e-19
1.46498496177141,7.30447626746802e-19
1.46768659165393,7.33671283649912e-19
1.47039320370637,7.36911381459751e-19
1.47310480711654,7.40168030634435e-19
1.47582141108916,7.43441342594652e-19
1.47854302484596,7.46731429732898e-19
1.48126965762564,7.50038405422803e-19
1.48400131868397,7.53362384028544e-19
1.48673801729376,7.56703480914356e-19
1.48947976274494,7.60061812454126e-19
1.49222656434458,7.63437496041087e-19
1.49497843141688,7.66830650097602e-19
1.49773537330327,7.7024139408504e-19
1.50049739936238,7.73669848513755e-19
1.50326451897011,7.77116134953152e-19
1.50603674151966,7.80580376041862e-19
1.50881407642154,7.84062695497999e-19
1.51159653310362,7.87563218129534e-19
1.51438412101114,7.91082069844751e-19
1.51717684960679,7.94619377662823e-19
1.51997472837068,7.98175269724474e-19
1.52277776680042,8.0174987530275e-19
1.52558597441112,8.05343324813898e-19
1.52839936073547,8.08955749828343e-19
1.53121793532369,8.12587283081775e-19
1.53404170774366,8.16238058486343e-19
1.53687068758086,8.19908211141954e-19
1.5397048844385,8.23597877347684e-19
1.54254430793744,8.27307194613298e-19
1.54538896771633,8.31036301670882e-19
1.54823887343157,8.34785338486587e-19
1.55109403475737,8.38554446272482e-19
1.5539544613858,8.42343767498529e-19
1.55682016302677,8.46153445904668e-19
1.55969114940812,8.49983626505852e-19
1.56256743027564,8.53834455132618e-19
1.56544901539305,8.57706077994684e-19
1.56833591454212,8.6159864264319e-19
1.57122813752264,8.65512298908719e-19
1.57412569415247,8.69447198436112e-19
1.57702859426758,8.73403494228008e-19
1.57993684772207,8.77381340657896e-19
1.58285046438824,8.81380893483292e-19
1.58576945415655,8.8540230985904e-19
1.58869382693574,8.8944574835075e-19
1.59162359265281,8.93511368948354e-19
1.59455876125306,8.97599333079801e-19
1.59749934270013,9.01709803624878e-19
1.60044534697605,9.05842944929174e-19
1.60339678408125,9.09998922818165e-19
1.60635366403458,9.14177904611445e-19
1.60931599687341,9.18380059137091e-19
1.61228379265359,9.22605556746161e-19
1.61525706144951,9.26854569327344e-19
1.61823581335415,9.31127270321741e-19
1.62122005847912,9.35423834737785e-19
1.62420980695464,9.39744439166321e-19
1.62720506892964,9.44089261795811e-19
1.63020585457176,9.48458482427701e-19
1.63321217406738,9.5285228249193e-19
1.63622403762168,9.57270845062583e-19
1.63924145545864,9.61714354873705e-19
1.64226443782111,9.66182998335261e-19
1.64529299497083,9.70676963549249e-19
1.64832713718847,9.7519644032597e-19
1.65136687477363,9.79741620200455e-19
1.65441221804492,9.84312696449046e-19
1.65746317734,9.88909864106143e-19
1.66051976301557,9.93533319981107e-19
1.66358198544743,9.98183262675324e-19
1.66664985503052,1.00285989259944e-18
1.66972338217894,1.00756341199076e-18
1.67280257732602,1.01229402493079e-18
1.6758874509243,1.01705193736301e-18
1.67897801344563,1.02183735711073e-18
1.68207427538113,1.02665049389521e-18
1.68517624724129,1.03149155935386e-18
1.68828393955599,1.03636076705871e-18
1.69139736287452,1.04125833253498e-18
1.69451652776563,1.04618447327985e-18
1.69764144481753,1.05113940878147e-18
1.70077212463801,1.05612336053803e-18
1.70390857785437,1.06113655207714e-18
1.70705081511354,1.06617920897532e-18
1.71019884708208,1.07125155887769e-18
1.71335268444621,1.07635383151785e-18
1.71651233791186,1.08148625854756e-18
1.71967781820471,1.08664907289018e-18
1.72284913607021,1.09184250866924e-18
1.72602630227364,1.0970668025719e-18
1.72920932760012,1.10232219463404e-18
1.73239822285467,1.10760892758526e-18
1.73559299886221,1.11292724638815e-18
1.73879366646766,1.1182773982597e-18
1.74200023653591,1.12365963269297e-18
1.74521271995191,1.12907420147898e-18
1.74843112762066,1.13452135872879e-18
1.75165547046728,1.14000136089579e-18
1.75488575943705,1.1455144667982e-18
1.75812200549542,1.15106093764182e-18
1.76136421962805,1.15664103704292e-18
1.76461241284089,1.16225503105144e-18
1.76786659616017,1.16790318817436e-18
1.77112678063245,1.17358577939928e-18
1.77439297732466,1.17930307821827e-18
1.77766519732416,1.18505536065192e-18
1.78094345173872,1.19084290527362e-18
1.78422775169663,1.19666599323407e-18
1.78751810834669,1.20252490828604e-18
1.79081453285825,1.20841993680934e-18
1.79411703642126,1.21435136783605e-18
1.79742563024632,1.22031949307599e-18
1.8007403255647,1.22632460694241e-18
1.80406113362836,1.23236700657793e-18
1.80738806571004,1.23844699188077e-18
1.81072113310325,1.24456486553116e-18
1.81406034712233,1.25072093301804e-18
1.8174057191025,1.25691550266602e-18
1.82075726039985,1.2631488856626e-18
1.82411498239145,1.26942139608557e-18
1.82747889647533,1.27573335093082e-18
1.83084901407054,1.28208507014023e-18
1.8342253466172,1.28847687663002e-18
1.8376079055765,1.29490909631918e-18
1.84099670243081,1.30138205815831e-18
1.84439174868363,1.30789609415865e-18
1.8477930558597,1.31445153942144e-18
1.851200635505,1.32104873216753e-18
1.85461449918683,1.32768801376725e-18
1.85803465849378,1.33436972877058e-18
1.86146112503585,1.34109422493766e-18
1.86489391044441,1.34786185326947e-18
1.86833302637232,1.3546729680389e-18
1.87177848449391,1.36152792685532e-18
1.87523029650504,1.36842709126369e-18
1.87868847412312,1.37537082724212e-18
1.88215302908722,1.3823595040912e-18
1.885623973158,1.38939349342765e-18
1.88910131811785,1.3964731697926e-18
1.89258507577087,1.40359891122482e-18
1.89607525794293,1.41077109929416e-18
1.8995718764817,1.41799011913532e-18
1.90307494325672,1.4252563594819e-18
1.90658447015941,1.43257021270082e-18
1.91010046910311,1.43993207482702e-18
1.91362295202314,1.44734234559852e-18
1.91715193087682,1.45480142849175e-18
1.92068741764353,1.4623097307573e-18
1.92422942432475,1.4698676634559e-18
1.92777796294407,1.47747564149483e-18
1.93133304554727,1.48513408366457e-18
1.93489468420234,1.49284341267591e-18
1.93846289099952,1.50060405519729e-18
1.94203767805136,1.50841644189258e-18
1.94561905749272,1.51628100745911e-18
1.94920704148087,1.52419819066618e-18
1.95280164219548,1.53216843439379e-18
1.95640287183868,1.54019218567184e-18
1.96001074263512,1.54826989571964e-18
1.96362526683198,1.55640201998577e-18
1.96724645669902,1.56458901818836e-18
1.97087432452864,1.57283135435568e-18
1.97450888263591,1.58112949686717e-18
1.9781501433586,1.58948391849479e-18
1.98179811905722,1.59789509644475e-18
1.98545282211512,1.60636351239971e-18
1.98911426493844,1.61488965256124e-18
1.99278245995622,1.62347400769274e-18
1.99645741962042,1.63211663355749e-18
2.00013915640596,1.64081542681732e-18
2.00382768281077,1.64956567685572e-18
2.00752301135581,1.65836343371057e-18
2.01122515458516,1.66720764158475e-18
2.014934125066,1.67609849233348e-18
2.01864993538872,1.68503617701222e-18
2.02237259816691,1.69402088583449e-18
2.02610212603741,1.7030528081287e-18
2.02983853166038,1.71213213239675e-18
2.03358182771932,1.72125904643553e-18
2.03733202692114,1.73043373714884e-18
2.04108914199615,1.73965639016557e-18
2.04485318569816,1.74892718976692e-18
2.04862417080449,1.75824631900605e-18
2.05240211011603,1.7676139597231e-18
2.05618701645727,1.77703029249436e-18
2.05997890267635,1.78649549658046e-18
2.06377778164511,1.79600974987346e-18
2.06758366625912,1.8055732288429e-18
2.07139656943774,1.81518610848072e-18
2.07521650412414,1.82484856224514e-18
2.07904348328538,1.83456076200331e-18
2.08287751991242,1.8443228779729e-18
2.08671862702018,1.85413507866248e-18
2.09056681764757,1.86399753081072e-18
2.09442210485757,1.8739103993244e-18
2.09828450173722,1.88387384721515e-18
2.10215402139772,1.89388803553498e-18
2.10603067697444,1.90395312331054e-18
2.10991448162696,1.91406926747605e-18
2.11380544853916,1.92423662280495e-18
2.11770359091919,1.93445534184023e-18
2.1216089219996,1.94472557482334e-18
2.12552145503732,1.95504746962177e-18
2.12944120331372,1.96542117165522e-18
2.13336818013468,1.97584682382035e-18
2.13730239883061,1.98632456641403e-18
2.14124387275651,1.99685453705517e-18
2.14519261529199,2.007436870605e-18
2.14914863984136,2.01807169908592e-18
2.15311195983363,2.02875915159864e-18
2.15708258872258,2.0394993542379e-18
2.1610605399868,2.05029243000651e-18
2.16504582712975,2.06113849872774e-18
2.16903846367976,2.07203767695613e-18
2.17303846319014,2.08299007788655e-18
2.17704583923919,2.09399581126156e-18
2.18106060543022,2.10505498327707e-18
2.18508277539167,2.11616769657504e-18
2.18911236277708,2.12733405037153e-18
2.19314938126518,2.13855414031484e-18
2.19719384455993,2.14982805792834e-18
2.20124576639056,2.16115589032124e-18
2.20530516051161,2.17253772031265e-18
2.20937204070299,2.18397362646336e-18
2.21344642077003,2.1954636829664e-18
2.21752831454351,2.20700795953572e-18
2.22161773587972,2.21860652129278e-18
2.2257146986605,2.230259428651e-18
2.22981921679329,2.24196673719821e-18
2.23393130421118,2.25372849757687e-18
2.23805097487295,2.26554475536211e-18
2.24217824276313,2.27741555093761e-18
2.24631312189202,2.28934091936916e-18
2.25045562629579,2.30132089027597e-18
2.25460577003646,2.31335548769967e-18
2.25876356720201,2.32544472997086e-18
2.26292903190638,2.33758862957338e-18
2.26710217828955,2.34978719300606e-18
2.27128302051756,2.36204042064199e-18
2.2754715727826,2.37434830658532e-18
2.27966784930302,2.38671083852546e-18
2.28387186432338,2.3991279975887e-18
2.28808363211452,2.41159975818719e-18
2.29230316697359,2.42412608786522e-18
2.29653048322413,2.43670694714281e-18
2.30076559521605,2.44934228935649e-18
2.30500851732576,2.46203206049731e-18
2.30925926395618,2.47477619904597e-18
2.31351784953677,2.48757463580505e-18
2.31778428852361,2.50042729372831e-18
2.32205859539945,2.51333408774701e-18
2.32634078467373,2.52629492459311e-18
2.33063087088267,2.53930970261952e-18
2.33492886858926,2.55237831161712e-18
2.33923479238339,2.56550063262859e-18
2.34354865688182,2.57867653746157e-18
2.34787047672829,2.59190588818203e-18
2.35220026659353,2.60518853749993e-18
2.35653804117533,2.61852432920178e-18
2.36088381519858,2.63191309768103e-18
2.36523760341534,2.64535466741382e-18
2.36959942060485,2.65884885273176e-18
2.37396928157363,2.67239545760846e-18
2.3783472011555,2.68599427544254e-18
2.38273319421161,2.69964508883677e-18
2.38712727563055,2.71334766937359e-18
2.39152946032834,2.7271017773867e-18
2.39593976324854,2.74090716172891e-18
2.40035819936222,2.75476355953588e-18
2.40478478366811,2.76867069598602e-18
2.40921953119256,2.78262828405625e-18
2.41366245698966,2.79663602427371e-18
2.41811357614123,2.81069360446319e-18
2.42257290375694,2.82480069949044e-18
2.42704045497429,2.83895697100112e-18
2.43151624495871,2.85316206715539e-18
2.43600028890362,2.86741562235806e-18
2.44049260203041,2.88171725698427e-18
2.44499319958858,2.89606657710063e-18
2.44950209685573,2.91046317418166e-18
2.45401930913766,2.92490662482159e-18
2.45854485176836,2.93939649044139e-18
2.46307874011013,2.953932316991e-18
2.46762098955358,2.96851363464655e-18
2.47217161551771,2.98313995750272e-18
2.47673063344996,2.99781078326003e-18
2.48129805882625,3.01252559290693e-18
2.48587390715103,3.02728385039686e-18
2.49045819395736,3.04208500231985e-18
2.49505093480694,3.05692847756896e-18
2.49965214529017,3.07181368657177e-18
2.50426184102619,3.08674002047901e-18
2.50888003766295,3.10170685164082e-18
2.51350675087726,3.11671353419179e-18
2.51814199637484,3.131759403332e-18
2.52278578989037,3.14684377448568e-18
2.52743814718755,3.1619659428885e-18
2.53209908405915,3.17712518320837e-18
2.53676861632705,3.19232074916027e-18
2.54144675984233,3.20755187311488e-18
2.54613353048529,3.22281776570108e-18
2.55082894416553,3.23811761540202e-18
2.55553301682195,3.25345058814495e-18
2.56024576442289,3.26881582688442e-18
2.56496720296611,3.28421245117908e-18
2.56969734847889,3.29963955676167e-18
2.57443621701804,3.31509621510241e-18
2.57918382467001,3.33058147296545e-18
2.5839401875509,3.34609435195851e-18
2.58870532180653,3.36163384807541e-18
2.5934792436125,3.37719893123156e-18
2.59826196917424,3.39278854479223e-18
2.60305351472706,3.40840160509355e-18
2.60785389653621,3.42403700095612e-18
2.61266313089695,3.43969359319116e-18
2.61748123413457,3.45537021409905e-18
2.62230822260448,3.47106566696024e-18
2.62714411269225,3.4867787255184e-18
2.63198892081365,3.50250813345565e-18
2.63684266341475,3.51825260385992e-18
2.64170535697193,3.53401081868418e-18
2.64657701799196,3.54978142819756e-18
2.65145766301206,3.56556305043141e-18
2.65634730859993,3.58135427089465e-18
2.66124597135383,3.59715364226964e-18
2.66615366790263,3.61295968326404e-18
2.67107041490587,3.6287708774658e-18
2.67599622905381,3.64458567302813e-18
2.68093112706749,3.66040248234131e-18
2.68587512569877,3.67621968141481e-18
2.69082824173044,3.69203560925046e-18
2.69579049197619,3.70784856720637e-18
2.70076189328076,3.72365681835161e-18
2.70574246251993,3.73945858681142e-18
2.71073221660061,3.75525205710304e-18
2.71573117246089,3.77103537346186e-18
2.72073934707008,3.78680663915787e-18
2.72575675742882,3.80256391580232e-18
2.73078342056905,3.81830522264447e-18
2.73581935355417,3.83402853585829e-18
2.74086457347902,3.84973178781907e-18
2.74591909746996,3.8654128663697e-18
2.75098294268494,3.88106961407677e-18
2.75605612631357,3.89669982747605e-18
2.76113866557714,3.91230125630753e-18
2.7662305777287,3.92787160273979e-18
2.77133188005311,3.94340852058351e-18
2.77644258986714,3.95890961449427e-18
2.78156272451944,3.97437243916422e-18
2.78669230139071,3.98979449850278e-18
2.79183133789366,4.00517324480611e-18
2.79697985147312,4.0205060779153e-18
2.80213785960612,4.03579034436315e-18
2.80730537980188,4.05102333650955e-18
2.81248242960193,4.06620229187516e-18
2.81766902658015,4.08132439246508e-18
2.82286518834283,4.09638676344821e-18
2.8280709325287,4.1113864718191e-18
2.83328627680907,4.12632052568269e-18
2.83851123888779,4.14118587353349e-18
2.84374583650138,4.15597940331026e-18
2.84899008741907,4.17069794143581e-18
2.85424400944285,4.18533825184444e-18
2.85950762040755,4.19989703499705e-18
2.86478093818088,4.21437092688349e-18
2.87006398066351,4.22875649801252e-18
2.87535676578911,4.24305025238886e-18
2.88065931152443,4.25724862647755e-18
2.88597163586935,4.27134798815539e-18
2.89129375685695,4.28534463564944e-18
2.89662569255355,4.29923479646242e-18
2.90196746105881,4.31301462628512e-18
2.90731908050574,4.32668020789548e-18
2.91268056906082,4.34022755004455e-18
2.91805194492401,4.353652586329e-18
2.92343322632885,4.36695117405038e-18
2.92882443154247,4.3801190930608e-18
2.93422557886574,4.39315204459523e-18
2.93963668663323,4.40604565009013e-18
2.94505777321336,4.41879544998858e-18
2.9504888570084,4.43139690253165e-18
2.95592995645455,4.44384538253617e-18
2.96138109002204,4.45613618015869e-18
2.96684227621514,4.46826449953454e-18
2.97231353357224,4.48022545734219e-18
2.97779488066593,4.49201408168875e-18
2.98328633610304,4.50362531116585e-18
2.98878791852473,4.51505399355481e-18
2.99429964660651,4.52630241349672e-18
2.99982153905836,4.53742072854374e-18
3.00535361462475,4.54852584169614e-18
3.0108958920847,4.55972240516891e-18
3.01644839025189,4.57104439528084e-18
3.02201112797468,4.58249373227364e-18
3.0275841241362,4.59407236425457e-18
3.03316739765438,4.60578226753896e-18
3.03876096748207,4.61762544699529e-18
3.04436485260703,4.62960393639296e-18
3.04997907205208,4.64171979875251e-18
3.0556036448751,4.6539751266984e-18
3.0612385901691,4.66637204281423e-18
3.06688392706233,4.67891270000049e-18
3.07253967471829,4.69159928183456e-18
3.07820585233584,4.70443400293323e-18
3.08388247914923,4.71741910931739e-18
3.08956957442818,4.73055687877908e-18
3.09526715747797,4.7438496212507e-18
3.10097524763946,4.7572996791764e-18
3.10669386428917,4.7709094278856e-18
3.11242302683937,4.7846812759685e-18
3.11816275473813,4.79861766565363e-18
3.12391306746937,4.81272107323494e-18
3.12967398455295,4.82699400951275e-18
3.13544552554473,4.84143902009351e-18
3.14122771003662,4.85605868565567e-18
3.14702055765668,4.87085562236004e-18
3.15282408806915,4.88583248229728e-18
3.15863832097455,4.90099195388905e-18
3.16446327610971,4.916336762279e-18
3.17029897324787,4.93186966972489e-18
3.17614543219874,4.94759347599212e-18
3.18200267280854,4.96351101874824e-18
3.18787071496012,4.97962517395855e-18
3.19374957857297,4.99593885628258e-18
3.19963928360333,5.01245501947148e-18
3.20553985004423,5.029176656766e-18
3.21145129792558,5.04610680129515e-18
3.21737364731423,5.0632485264753e-18
3.22330691831401,5.08060494640969e-18
3.22925113106587,5.09817921628808e-18
3.23520630574785,5.11597453278661e-18
3.24117246257526,5.13399413446759e-18
3.24714962180063,5.15224130217908e-18
3.25313780371387,5.17071935945426e-18
3.25913702864231,5.18943167291029e-18
3.26514731695076,5.20838165264655e-18
3.27116868904159,5.22757275264223e-18
3.27720116535478,5.24700847116681e-18
3.28324476636802,5.26669235121797e-18
3.28929951259675,5.28662798091467e-18
3.29536542459425,5.30681899380212e-18
3.30144252295172,5.32726906920011e-18
3.3075308282983,5.34798193263828e-18
3.3136303613012,5.3689613562738e-18
3.31974114266572,5.39021115927677e-18
3.32586319313537,5.41173520821333e-18
3.33199653349189,5.43353741742625e-18
3.33814118455537,5.45562174941269e-18
3.34429716718426,5.47799221519909e-18
3.3504645022755,5.5006528747129e-18
3.35664321076457,5.52360783715082e-18
3.36283331362554,5.54686126134358e-18
3.36903483187118,5.57041735611673e-18
3.37524778655299,5.5942803806475e-18
3.3814721987613,5.61845464481725e-18
3.38770808962534,5.64294450955943e-18
3.3939554803133,5.66775438720267e-18
3.40021439203241,5.69288874180891e-18
3.40648484602899,5.71835208950612e-18
3.41276686358857,5.74414899881555e-18
3.41906046603591,5.77028409097303e-18
3.42536567473512,5.79676204024424e-18
3.43168251108969,5.82358757422542e-18
3.43801099654257,5.85076547403387e-18
3.44435115257629,5.87830057451715e-18
3.45070300071296,5.90619776476725e-18
3.4570665625144,5.93446198860064e-18
3.46344185958218,5.96309824471622e-18
3.46982891355773,5.9921115868544e-18
3.47622774612237,6.02150712405312e-18
3.48263837899739,6.05129002089501e-18
3.48906083394418,6.08146549774559e-18
3.49549513276422,6.11203883098199e-18
3.50194129729921,6.14301535321194e-18
3.50839934943113,6.17440045348277e-18
3.51486931108231,6.20619957747995e-18
3.52135120421552,6.23841822771499e-18
3.52784505083401,6.2710619637022e-18
3.53435087298162,6.30413640212411e-18
3.54086869274286,6.33764721698518e-18
3.54739853224292,6.37160013975334e-18
3.55394041364784,6.40600095948916e-18
3.56049435916451,6.4408555229622e-18
3.56706039104078,6.47616973475429e-18
3.57363853156553,6.51194955734923e-18
3.58022880306873,6.54820101120872e-18
3.58683122792156,6.58493017483402e-18
3.59344582853642,6.6221431854578e-18
3.60007262736706,6.65984623975503e-18
3.60671164690864,6.69804559259672e-18
3.61336290969779,6.73674755568287e-18
3.62002643831273,6.77595849810899e-18
3.62670225537328,6.81568484702475e-18
3.63339038354099,6.85593308762342e-18
3.64009084551922,6.896709763077e-18
3.64680366405316,6.93802147445394e-18
3.65352886192998,6.97987488061901e-18
3.66026646197884,7.02227669811511e-18
3.66701648707104,7.06523370102655e-18
3.67377896012003,7.1087527208235e-18
3.68055390408151,7.1528406461872e-18
3.68734134195354,7.19750442281577e-18
3.69414129677656,7.24275105321009e-18
3.70095379163353,7.28858759643948e-18
3.70777884964996,7.33502116788686e-18
3.71461649399401,7.38205893897316e-18
3.72146674787657,7.42970813686046e-18
3.72832963455132,7.47797604413378e-18
3.73520517731483,7.526869998461e-18
3.74209339950666,7.57639739223083e-18
3.74899432450936,7.6265656722634e-18
3.75590797574864,7.67738233951858e-18
3.76283437669339,7.72885494849872e-18
3.76977355085579,7.78099110657048e-18
3.77672552179138,7.83379847354346e-18
3.78369031309913,7.88728476127967e-18
3.79066794842154,7.94145773318663e-18
3.7976584514447,7.99632520366925e-18
3.80466184589839,8.0518950375574e-18
3.81167815555615,8.10817514950898e-18
3.81870740423535,8.16517350338833e-18
3.8257496157973,8.22289811161976e-18
3.83280481414729,8.28135703451614e-18
3.83987302323473,8.34055837958228e-18
3.84695426705316,8.40051030079309e-18
3.85404856964039,8.46122099784635e-18
3.86115595507854,8.52269871539005e-18
3.86827644749416,8.58495174222417e-18
3.87541007105828,8.6479884104768e-18
3.88255684998652,8.71181709475471e-18
3.88971680853914,8.77644621126821e-18
3.89688997102114,8.84188421693037e-18
3.90407636178235,8.90813960728633e-18
3.9112760052175,8.97522091390443e-18
3.91848892576631,9.04313670518471e-18
3.92571514791357,9.11189558868526e-18
3.93295469618922,9.18150620996998e-18
3.94020759516844,9.25197724988238e-18
3.94747386947173,9.32331742294843e-18
3.95475354376498,9.39553547627278e-18
3.9620466427596,9.46864018840996e-18
3.96935319121253,9.54264036821121e-18
3.97667321392639,9.6175448536468e-18
3.98400673574955,9.69336251060429e-18
3.99135378157617,9.77009848539131e-18
3.99871437634634,9.8476731790448e-18
4.00608854504615,9.92585070839663e-18
4.01347631270774,1.00043979738147e-17
4.02087770440945,1.00832359679495e-17
4.02829274527584,1.01623616806016e-17
4.0357214604778,1.02417720225351e-17
4.04316387523266,1.03214638251268e-17
4.05062001480424,1.04014338400371e-17
4.05808990450296,1.04816787392995e-17
4.0655735696859,1.05621951160148e-17
4.07307103575691,1.06429794838899e-17
4.0805823281667,1.0724028275047e-17
4.0881074724129,1.08053378390442e-17
4.09564649404016,1.08869044436807e-17
4.10319941864024,1.09687242754312e-17
4.11076627185211,1.10507934393211e-17
4.118347079362,1.11331079588287e-17
4.12594186690352,1.12156637758144e-17
4.13355066025773,1.12984567504794e-17
4.14117348525325,1.13814826613525e-17
4.1488103677663,1.14647372053055e-17
4.15646133372086,1.15482159975984e-17
4.16412640908868,1.1631914571954e-17
4.17180561988942,1.17158283806626e-17
4.17949899219074,1.17999527947168e-17
4.18720655210835,1.18842831039769e-17
4.19492832580612,1.19688145173668e-17
4.20266433949619,1.2053542163101e-17
4.21041461943902,1.21384610889431e-17
4.2181791919435,1.22235662649014e-17
4.22595808336706,1.23088525861569e-17
4.2337513201157,1.23943148687721e-17
4.24155892864414,1.24799478448139e-17
4.24938093545588,1.25657461647911e-17
4.2572173671033,1.26517044007564e-17
4.26506825018774,1.27378170470019e-17
4.2729336113596,1.28240785205704e-17
4.28081347731843,1.29104831617993e-17
4.288707874813,1.29970252348951e-17
4.29661683064144,1.30836989285409e-17
4.30454037165127,1.31704983565344e-17
4.31247852473953,1.32574175584577e-17
4.32043131685288,1.33444505003786e-17
4.32839877498764,1.34315910755827e-17
4.33638092618993,1.35188331053362e-17
4.34437779755577,1.360617033968e-17
4.3523894162311,1.36935964582533e-17
4.36041580941197,1.37811050711475e-17
4.36845700434455,1.38686897201058e-17
4.37651302832526,1.39563438811812e-17
4.38458390870089,1.40440609664549e-17
4.39266967286861,1.41318343214638e-17
4.40077034827615,1.42196572236477e-17
4.40888596242185,1.43075228851725e-17
4.41701654285476,1.4395424455444e-17
4.42516211717472,1.44833550221873e-17
4.4333227130325,1.45713076125525e-17
4.44149835812983,1.46592751942459e-17
4.44968908021953,1.4747250676686e-17
4.45789490710562,1.48352269121836e-17
4.46611586664338,1.49231966971458e-17
4.47435198673946,1.5011152773302e-17
4.48260329535198,1.50990878289533e-17
4.4908698204906,1.51869945002425e-17
4.49915159021665,1.52748653724449e-17
4.50744863264322,1.53626929812793e-17
4.51576097593521,1.54504698142381e-17
4.52408864830949,1.55381883125711e-17
4.53243167803496,1.56258408774017e-17
4.54079009343264,1.57134198739279e-17
4.54916392287579,1.58009176232426e-17
4.55755319478998,1.58883263961274e-17
4.56595793765322,1.59756384193069e-17
4.57437817999602,1.60628458810553e-17
4.58281395040151,1.61499409326495e-17
4.59126527750554,1.6236915689834e-17
4.59973218999675,1.63237622342953e-17
4.60821471661671,1.64104726151466e-17
4.61671288615997,1.64970388504209e-17
4.62522672747419,1.65834529285711e-17
4.63375626946024,1.66697068099777e-17
4.64230154107226,1.67557924284612e-17
4.65086257131782,1.68417016927997e-17
4.65943938925795,1.69274264882504e-17
4.6680320240073,1.70129586780732e-17
4.67664050473419,1.70982901050564e-17
4.68526486066075,1.71834125884216e-17
4.69390512106298,1.72683179190765e-17
4.70256131527089,1.73529978688034e-17
4.71123347266856,1.74374442044452e-17
4.71992162269426,1.75216486880841e-17
4.72862579484056,1.76056030721663e-17
4.73734601865441,1.76892990993141e-17
4.74608232373726,1.77727285038302e-17
4.75483473974512,1.78558830131953e-17
4.76360329638872,1.79387543495582e-17
4.77238802343357,1.80213342312167e-17
4.78118895070007,1.81036143740886e-17
4.79000610806362,1.8185586493173e-17
4.79883952545469,1.82672423039993e-17
4.80768923285899,1.83485735240643e-17
4.81655526031748,1.8429571874256e-17
4.82543763792654,1.85102290802636e-17
4.83433639583807,1.85905368739721e-17
4.84325156425956,1.86704869896579e-17
4.85218317345418,1.87500711598885e-17
4.86113125374095,1.88292811270776e-17
4.87009583549478,1.89081086559352e-17
4.87907694914661,1.89865455301093e-17
4.88807462518348,1.90645835478129e-17
4.89708889414867,1.91422145227342e-17
4.90611978664177,1.92194302852859e-17
4.91516733331881,1.92962226838331e-17
4.92423156489236,1.93725835858999e-17
4.93331251213161,1.94485048793526e-17
4.9424102058625,1.95239784735608e-17
4.95152467696783,1.95989963005341e-17
4.96065595638733,1.96735503160353e-17
4.96980407511782,1.97476325006688e-17
4.97896906421323,1.98212348609438e-17
4.98815095478482,1.98943494303122e-17
4.99734977800116,1.99669920239219e-17
5.00656556508836,2.0039227993797e-17
5.01579834733007,2.01111268646333e-17
5.02504815606765,2.01827112705247e-17
5.03431502270026,2.02539768668114e-17
5.04359897868495,2.03249176359489e-17
5.0529000555368,2.03955275837672e-17
5.062218284829,2.04658007401918e-17
5.07155369819295,2.05357311599429e-17
5.08090632731841,2.0605312923214e-17
5.09027620395355,2.06745401363284e-17
5.09966335990513,2.07434069323741e-17
5.10906782703852,2.08119074718173e-17
5.11848963727788,2.08800359430929e-17
5.12792882260624,2.09477865631739e-17
5.1373854150656,2.1015153578118e-17
5.14685944675706,2.10821312635876e-17
5.15635094984092,2.1148713923278e-17
5.16585995653679,2.1214895887334e-17
5.17538649912368,2.12806715169639e-17
5.18493060994014,2.13460352090244e-17
5.19449232138437,2.14109813943529e-17
5.20407166591428,2.14755045360786e-17
5.21366867604767,2.15395991299908e-17
5.22328338436229,2.16032597048851e-17
5.23291582349599,2.16664808228877e-17
5.24256602614677,2.17292570797575e-17
5.25223402507297,2.17915831051668e-17
5.26191985309331,2.18534535629593e-17
5.27162354308705,2.19148631513878e-17
5.28134512799407,2.19758066033292e-17
5.29108464081502,2.20362786864791e-17
5.30084211461138,2.20962742035251e-17
5.31061758250561,2.2155787988229e-17
5.32041107768126,2.22148149005459e-17
5.33022263338307,2.22733498340422e-17
5.34005228291708,2.2331387726215e-17
5.34990005965076,2.23889235563556e-17
5.35976599701311,2.24459523403789e-17
5.36965012849478,2.25024691298199e-17
5.37955248764818,2.25584690118451e-17
5.3894731080876,2.26139471092461e-17
5.39941202348931,2.26688985804131e-17
5.40936926759169,2.27233186192909e-17
5.41934487419534,2.27772024553167e-17
5.42933887716318,2.28305453533388e-17
5.43935131042059,2.28833426135195e-17
5.44938220795551,2.29355895712189e-17
5.45943160381856,2.29872815971266e-17
5.46949953212316,2.30384141010927e-17
5.47958602704562,2.3088982535143e-17
5.48969112282529,2.31389823852978e-17
5.49981485376467,2.31884091641781e-17
5.50995725422949,2.32372584148116e-17
5.52011835864889,2.32855257141538e-17
5.53029820151548,2.33332066728449e-17
5.54049681738548,2.33802969349536e-17
5.55071424087885,2.34267921777059e-17
5.56095050667937,2.34726881112006e-17
5.57120564953481,2.35179804781114e-17
5.581479704257,2.35626650533755e-17
5.59177270572197,2.36067376438699e-17
5.60208468887008,2.36501940880753e-17
5.61241568870609,2.36930302557274e-17
5.62276574029937,2.37352420506499e-17
5.63313487878391,2.37768254144181e-17
5.64352313935852,2.38177763203238e-17
5.65393055728691,2.38580907647119e-17
5.66435716789782,2.38977647681074e-17
5.67480300658515,2.39367943790426e-17
5.68526810880807,2.39751756745701e-17
5.69575251009114,2.40129047598288e-17
5.70625624602442,2.40499777676019e-17
5.71677935226362,2.40863908578657e-17
5.72732186453019,2.41221402173297e-17
5.73788381861148,2.41572220589684e-17
5.7484652503608,2.41916326215457e-17
5.7590661956976,2.42253681691312e-17
5.76968669060757,2.4258424990609e-17
5.78032677114277,2.42907993875326e-17
5.79098647342172,2.43224876608969e-17
5.80166583362957,2.43534861330871e-17
5.81236488801819,2.43837911732002e-17
5.8230836729063,2.44133991869394e-17
5.83382222467962,2.44423066029595e-17
5.84458057979094,2.44705098710962e-17
5.85535877476029,2.44980054618265e-17
5.86615684617503,2.45247898657245e-17
5.87697483069003,2.4550859592912e-17
5.88781276502772,2.45762111725051e-17
5.89867068597827,2.4600841152057e-17
5.90954863039969,2.46247460969954e-17
5.92044663521795,2.46479225900582e-17
5.93136473742713,2.46703672345487e-17
5.94230297408955,2.46920766625571e-17
5.95326138233583,2.47130475315631e-17
5.96423999936512,2.47332765059848e-17
5.97523886244511,2.4752760250483e-17
5.98625800891227,2.47714954384639e-17
5.9972974761719,2.47902433482627e-17
6.00835730169828,2.4811318972034e-17
6.0194375230348,2.48370870517219e-17
6.03053817779408,2.48683907406328e-17
6.04165930365812,2.49052726257399e-17
6.05280093837839,2.49477569262012e-17
6.06396311977598,2.49958678147791e-17
6.07514588574175,2.50496294219932e-17
6.08634927423641,2.51090658399155e-17
6.09757332329069,2.51742090863132e-17
6.10881807100544,2.52451156447088e-17
6.1200835555518,2.53218590838412e-17
6.13136981517127,2.54044969074252e-17
6.14267688817589,2.5493061364007e-17
6.15400481294835,2.55875760698909e-17
6.16535362794212,2.56880646322779e-17
6.1767233716816,2.5794550653536e-17
6.1881140827622,2.59070577354698e-17
6.19952579985054,2.60256094835886e-17
6.21095856168452,2.61502295113737e-17
6.2224124070735,2.62809414445432e-17
6.2338873748984,2.64177689253138e-17
6.24538350411183,2.6560735616833e-17
6.25690083373826,2.67098652077254e-17
6.2684394028741,2.68651814161117e-17
6.27999925068787,2.70267079932667e-17
6.29158041642033,2.71944687277996e-17
6.30318293938459,2.73684874501889e-17
6.31480685896627,2.7548788037135e-17
6.32645221462362,2.77353944157858e-17
6.33811904588766,2.79283305679566e-17
6.34980739236229,2.81276205343436e-17
6.36151729372447,2.83332884187308e-17
6.37324878972432,2.85453583921906e-17
6.38500192018527,2.87638546972775e-17
6.39677672500418,2.89888016521042e-17
6.40857324415148,2.9220223653944e-17
6.42039151767133,2.94581451831684e-17
6.43223158568174,2.97025908085904e-17
6.44409348837467,2.99535851924491e-17
6.45597726601622,3.02111530939569e-17
6.46788295894676,3.04753193729618e-17
6.47981060758104,3.07461089940829e-17
6.49176025240832,3.10235470308393e-17
6.50373193399257,3.1307658669771e-17
6.51572569297252,3.15984692145534e-17
6.52774157006188,3.18960040901035e-17
6.53977960604943,3.22002888466802e-17
6.55183984179915,3.25113491640951e-17
6.56392231825042,3.28292108568641e-17
6.57602707641808,3.315389987898e-17
6.58815415739261,3.34854423258081e-17
6.6003036023403,3.38238644363695e-17
6.61247545250332,3.41691925985142e-17
6.62466974919991,3.45214533539496e-17
6.63688653382451,3.48806734022891e-17
6.64912584784788,3.52468796050951e-17
6.66138773281729,3.5620098989917e-17
6.67367223035659,3.60003587543236e-17
6.68597938216643,3.63876862699313e-17
6.69830923002432,3.67821090864278e-17
6.71066181578485,3.71836549351601e-17
6.72303718137977,3.75923517318885e-17
6.73543536881817,3.80082275808467e-17
6.74785642018661,3.8431310781316e-17
6.76030037764925,3.88616259656739e-17
6.77276728344803,3.92991733249099e-17
6.78525717990278,3.97439194403782e-17
6.79777010941136,4.01958389466074e-17
6.81030611444984,4.06549445836467e-17
6.82286523757259,4.1121266318338e-17
6.8354475214125,4.15948343374358e-17
6.84805300868104,4.20756790515739e-17
6.86068174216847,4.25638310992326e-17
6.87333376474395,4.30593213519792e-17
6.8860091193557,4.35621809199009e-17
6.89870784903115,4.40724411532054e-17
6.91142999687705,4.45901336432288e-17
6.92417560607969,4.51152902273091e-17
6.93694471990496,4.56479429942723e-17
6.94973738169856,4.61881242886271e-17
6.96255363488612,4.67358667145548e-17
6.97539352297336,4.72912031399045e-17
6.98825708954621,4.78539183965442e-17
7.00114437827099,4.84227448733816e-17
7.01405543289456,4.89952984743994e-17
7.02699029724444,4.95696805805554e-17
7.03994901522898,5.01453441457145e-17
7.05293163083749,5.07222960545503e-17
7.06593818814042,5.13005432829115e-17
7.07896873128948,5.18800928979552e-17
7.09202330451781,5.24609520585879e-17
7.10510195214011,5.30431280157056e-17
7.11820471855282,5.36266281123393e-17
7.13133164823423,5.42114597838075e-17
7.14448278574469,5.47976305578749e-17
7.15765817572667,5.53851480549189e-17
7.17085786290503,5.59740199881025e-17
7.18408189208705,5.65642541616547e-17
7.19733030816269,5.7155858468497e-17
7.21060315610466,5.77488408936249e-17
7.22390048096862,5.83432095195153e-17
7.23722232789332,5.89389725257466e-17
7.25056874210075,5.95361381865698e-17
7.26393976889627,6.01347148704343e-17
7.27733545366884,6.07347110402205e-17
7.29075584189108,6.13361352534786e-17
7.3042009791195,6.19389961626764e-17
7.31767091099459,6.25433025154539e-17
7.33116568324102,6.31490631550287e-17
7.3446853416678,6.37562870227872e-17
7.35822993216839,6.43649831604272e-17
7.37179950072091,6.49751607055276e-17
7.38539409338825,6.55868288876133e-17
7.39901375631825,6.61999970308529e-17
7.41265853574387,6.68146745565918e-17
7.4263284779833,6.74308693629753e-17
7.44002362944017,6.80485790576992e-17
7.45374403660367,6.86677870514417e-17
7.46748974604874,6.92884801311666e-17
7.4812608044362,6.99106611739167e-17
7.49505725851292,7.05343403417277e-17
7.50887915511197,7.1159527896388e-17
7.52272654115279,7.17862341990313e-17
7.53659946364135,7.24144697088348e-17
7.55049796967032,7.30442449833527e-17
7.56442210641918,7.36755706797755e-17
7.57837192115445,7.43084575556501e-17
7.59234746122979,7.49429164692972e-17
7.6063487740862,7.55789583802374e-17
7.62037590725217,7.62165943496256e-17
7.63442890834382,7.68558355406937e-17
7.64850782506511,7.74966932180926e-17
7.66261270520795,7.81391787458703e-17
7.6767435966524,7.87833035888302e-17
7.69090054736679,7.94290793180547e-17
7.70508360540794,8.00765176130248e-17
7.71929281892129,8.07256302595476e-17
7.73352823614104,8.13764291488447e-17
7.74778990539038,8.20289262780645e-17
7.76207787508158,8.26831337508025e-17
7.77639219371621,8.33390637776312e-17
7.79073290988527,8.39967286766381e-17
7.80510007226937,8.46561408741936e-17
7.81949372963891,8.53173129059646e-17
7.83391393085421,8.59802574172662e-17
7.84836072486571,8.66449871627049e-17
7.8628341607141,8.73115150065072e-17
7.87733428753053,8.79798539235844e-17
7.89186115453675,8.86500170003767e-17
7.90641481104526,8.93220174354616e-17
7.92099530645953,8.99958685401718e-17
7.93560269027412,9.06715837392215e-17
7.95023701207486,9.13491765713415e-17
7.96489832153904,9.20286606904835e-17
7.97958666843555,9.27100498672313e-17
7.99430210262506,9.33925429966052e-17
8.00904467406019,9.4073539544984e-17
8.02381443278569,9.47500970075636e-17
8.03861142893858,9.54208892310795e-17
8.05343571274835,9.60857255807995e-17
8.06828733453713,9.67445769532317e-17
8.08316634471984,9.7397413924655e-17
8.09807279380436,9.8044217138681e-17
8.11300673239174,9.86849956436866e-17
8.12796821117633,9.93197740132637e-17
8.14295728094596,9.99485555939336e-17
8.15797399258213,1.00571317012349e-16
8.17301839706017,1.01188026578763e-16
8.18809054544943,1.01798652255876e-16
8.20319048891341,1.02403161654191e-16
8.21831827870998,1.03001522027605e-16
8.23347396619153,1.03593700268987e-16
8.24865760280517,1.04179662905725e-16
8.26386924009285,1.04759376095241e-16
8.2791089296916,1.05332805620017e-16
8.29437672333367,1.05899916882506e-16
8.30967267284669,1.0646067490145e-16
8.32499683015391,1.07015044308403e-16
8.34034924727428,1.07562989342781e-16
8.35572997632273,1.08104473846642e-16
8.37113906951025,1.0863946125992e-16
8.38657657914417,1.09167914615711e-16
8.40204255762822,1.09689796535525e-16
8.41753705746282,1.10205069224511e-16
8.43306013124518,1.10713694467063e-16
8.44861183166951,1.11215633622559e-16
8.46419221152721,1.11710847619806e-16
8.47980132370701,1.12199296950941e-16
8.4954392211952,1.12680941666576e-16
8.51110595707577,1.13155741371421e-16
8.5268015845306,1.13623655219452e-16
8.54252615683965,1.14084641908852e-16
8.55827972738114,1.14538659676932e-16
8.57406234963172,1.14985666295005e-16
8.58987407716666,1.15425619063173e-16
8.60571496366003,1.15858474805059e-16
8.62158506288489,1.1628418986266e-16
8.63748442871345,1.16702720091219e-16
8.65341311511727,1.17114020853892e-16
8.66937117616746,1.17518047016317e-16
8.68535866603481,1.1791475294121e-16
8.70137563899005,1.18304092482923e-16
8.71742214940396,1.18686018981979e-16
8.73349825174761,1.19060485259549e-16
8.74960400059249,1.19427443614413e-16
8.76573945061075,1.197868412972e-16
8.78190465657538,1.20138613407137e-16
8.79809967336034,1.20482689374138e-16
8.81432455594082,1.20819007160959e-16
8.83057935939335,1.21147513862338e-16
8.84686413889608,1.21468158586049e-16
8.86317894972888,1.21780889874151e-16
8.87952384727358,1.22085655697089e-16
8.89589888701412,1.22382403447371e-16
8.91230412453678,1.2267107993255e-16
8.92873961553036,1.22951631369293e-16
8.94520541578632,1.23224003379388e-16
8.96170158119904,1.23488140984533e-16
8.97822816776596,1.23743988599104e-16
8.99478523158779,1.23994057054341e-16
9.01137282886871,1.2424628326978e-16
9.02799101591653,1.24509200208543e-16
9.04463984914291,1.24786257375806e-16
9.06131938506353,1.25077820095112e-16
9.0780296802983,1.25383990171974e-16
9.09477079157156,1.25704870476148e-16
9.11154277571222,1.26040564955472e-16
9.12834568965402,1.26391178644908e-16
9.1451795904357,1.2675681767527e-16
9.16204453520114,1.27137589283684e-16
9.17894058119967,1.27533601824257e-16
9.19586778578614,1.2794496477884e-16
9.21282620642119,1.28371788767667e-16
9.22981590067143,1.28814185559978e-16
9.24683692620961,1.29272268085313e-16
9.26388934081487,1.29746150445219e-16
9.28097320237287,1.30235947924432e-16
9.29808856887605,1.30741777001831e-16
9.31523549842376,1.31263755361666e-16
9.33241404922252,1.31802001904991e-16
9.34962427958618,1.32356636761177e-16
9.36686624793614,1.32927781299488e-16
9.38414001280151,1.33515558140733e-16
9.40144563281937,1.34120091169058e-16
9.41878316673491,1.34741505543899e-16
9.43615267340167,1.35379929921797e-16
9.4535542117817,1.3603549904992e-16
9.47098784094582,1.36708349720243e-16
9.48845362007375,1.37398615612504e-16
9.50595160845436,1.38106428786658e-16
9.52348186548587,1.38831922283315e-16
9.54104445067602,1.39575230504624e-16
9.55863942364229,1.40336489226569e-16
9.5762668441121,1.41115835610821e-16
9.59392677192304,1.41913408217348e-16
9.61161926702303,1.42729347017671e-16
9.62934438947053,1.43563793407973e-16
9.64710219943479,1.44416890222117e-16
9.66489275719598,1.45288781744759e-16
9.68271612314546,1.46179613724495e-16
9.70057235778597,1.47089533387079e-16
9.7184615217318,1.48018689448889e-16
9.73638367570902,1.48967232130543e-16
9.75433888055571,1.49935313170451e-16
9.77232719722214,1.50923085838399e-16
9.79034868677095,1.5193070494927e-16
9.80840341037743,1.52958326876887e-16
9.82649142932965,1.54006109567954e-16
9.84461280502873,1.55074212556607e-16
9.862767598989,1.56162796978972e-16
9.88095587283826,1.572720255863e-16
9.89917768831792,1.58402062758259e-16
9.91743310728327,1.59553074517861e-16
9.9357221917037,1.6072522854644e-16
9.95404500366282,1.61918694198218e-16
9.97240160535877,1.63133642514945e-16
9.99079205910439,1.64367052249675e-16
10.0092164273274,1.65608237431991e-16
10.0276747725707,1.66843926786238e-16
10.0461671574925,1.68067133682387e-16
10.0646936448666,1.69276503540787e-16
10.0832542975824,1.70471914753699e-16
10.1018491786455,1.71653246120161e-16
10.1204783511775,1.72820379156248e-16
10.1391418784166,1.73973194866703e-16
10.1578398237175,1.75111569077936e-16
10.1765722505517,1.76235373316863e-16
10.1953392225078,1.77344477123801e-16
10.2141408032917,1.78438748514246e-16
10.2329770567267,1.79518053965229e-16
10.2518480467538,1.80582258401489e-16
10.2707538374321,1.81631225180586e-16
10.2896944929387,1.82664816077929e-16
10.3086700775689,1.83682891270671e-16
10.3276806557368,1.84685309321261e-16
10.3467262919752,1.85671927163968e-16
10.3658070509359,1.8664260009211e-16
10.3849229973899,1.87597181742076e-16
10.4040741962278,1.88535524076457e-16
10.4232607124596,1.89457477368111e-16
10.4424826112155,1.90362890184413e-16
10.4617399577455,1.91251609372596e-16
10.4810328174202,1.92123480045674e-16
10.5003612557305,1.92978345564699e-16
10.5197253382883,1.93816047518842e-16
10.5391251308264,1.94636425709e-16
10.5585606991988,1.95439318133413e-16
10.5780321093809,1.96224560971969e-16
10.5975394274699,1.96991988569723e-16
10.6170827196849,1.9774143341952e-16
10.6366620523669,1.98472726143995e-16
10.6562774919794,1.9918569547988e-16
10.6759291051085,1.99880168263887e-16
10.6956169584631,2.00555969416083e-16
10.7153411188749,2.01212921921509e-16
10.7351016532992,2.01850846812525e-16
10.7548986288144,2.02469561822439e-16
10.7747321126229,2.03068868290405e-16
10.794602172051,2.0364854202949e-16
10.8145088745489,2.04208359493294e-16
10.8344522876914,2.0474812000392e-16
10.854432479178,2.05267632628516e-16
10.8744495168328,2.05766704360084e-16
10.8945034686051,2.06245140099608e-16
10.9145944025696,2.06702742638312e-16
10.9347223869264,2.07139312640268e-16
10.9548874900015,2.07554648625012e-16
10.9750897802467,2.07948546948814e-16
10.9953293262402,2.0832287268939e-16
11.0156061966867,2.08683677440831e-16
11.0359204604175,2.09037116943289e-16
11.0562721863907,2.09385255777538e-16
11.076661443692,2.09728060110322e-16
11.097088301534,2.10065475988992e-16
11.1175528292572,2.10397448853289e-16
11.1380550963301,2.10723923529125e-16
11.158595172349,2.11044844222601e-16
11.1791731270388,2.11360154515354e-16
11.1997890302527,2.11669797359795e-16
11.2204429519732,2.11973715073879e-16
11.2411349623112,2.12271849335977e-16
11.2618651315075,2.12564141179824e-16
11.2826335299322,2.12850530989109e-16
11.3034402280849,2.13130958491784e-16
11.3242852965957,2.13405362754704e-16
11.3451688062247,2.1367368217853e-16
11.3660908278624,2.13935854492504e-16
11.3870514325302,2.14191816749086e-16
11.4080506913803,2.14441505318141e-16
11.4290886756965,2.14684857993728e-16
11.4501654568935,2.14921818274646e-16
11.4712811065181,2.15152333302366e-16
11.4924356962489,2.1537634527495e-16
11.5136292978968,2.1559378920841e-16
11.5348619834049,2.15804597226539e-16
11.5561338248492,2.16008700733585e-16
11.5774448944384,2.16206030409229e-16
11.5987952645147,2.1639651620281e-16
11.6201850075534,2.16580087327198e-16
11.6416141961635,2.16756672253473e-16
11.663082903088,2.16926198705939e-16
11.684591201204,2.1708859365688e-16
11.706139163523,2.17243783321095e-16
11.7277268631911,2.17391693150294e-16
11.7493543734894,2.17532247827811e-16
11.7710217678341,2.176653712638e-16
11.7927291197766,2.17790986590125e-16
11.8144765030043,2.17909016154787e-16
11.8362639913401,2.18019381516481e-16
11.8580916587434,2.18122003439234e-16
11.8799595793097,2.18216801886785e-16
11.9018678272713,2.18303696017215e-16
11.9238164769974,2.18382604178474e-16
11.9458056029943,2.18453443903667e-16
11.9678352799056,2.18516131905497e-16
11.9899055825128,2.18572965600842e-16
12.012016585735,2.1863177568569e-16
12.0341683646297,2.18701960455849e-16
12.0563609943928,2.18788245666904e-16
12.0785945503588,2.18891536950269e-16
12.1008691080011,2.19012019549015e-16
12.1231847429323,2.19149906215271e-16
12.1455415309045,2.19305419300679e-16
12.1679395478094,2.19478760892742e-16
12.1903788696788,2.19670115831422e-16
12.2128595726846,2.19879666675422e-16
12.2353817331391,2.20107597694846e-16
12.2579454274956,2.20354094881728e-16
12.2805507323481,2.20619345957974e-16
12.303197724432,2.20903540383318e-16
12.3258864806241,2.21206869364123e-16
12.3486170779432,2.21529525862467e-16
12.3713895935499,2.21871704604805e-16
12.3942041047472,2.22233602089352e-16
12.4170606889806,2.22615416593671e-16
12.4399594238385,2.23017348183307e-16
12.4629003870522,2.23439598720193e-16
12.4858836564967,2.23882371870571e-16
12.5089093101902,2.24345873112859e-16
12.5319774262951,2.24830309745235e-16
12.5550880831178,2.25335890892854e-16
12.5782413591091,2.25862827515065e-16
12.6014373328645,2.26411332412704e-16
12.6246760831244,2.26981620235182e-16
12.6479576887744,2.27573907487451e-16
12.6712822288458,2.28188412536873e-16
12.6946497825153,2.28825355619567e-16
12.7180604291059,2.29484958846375e-16
12.7415142480866,2.30167446209006e-16
12.7650113190733,2.30873057925205e-16
12.7885517218284,2.31602073429119e-16
12.8121355362615,2.32354791280453e-16
12.8357628424298,2.33131483114638e-16
12.8594337205377,2.33932390736837e-16
12.8831482509378,2.3475774919575e-16
12.9069065141308,2.35607795455026e-16
12.9307085907659,2.36482768397692e-16
12.9545545616411,2.37382908830351e-16
12.9784445077031,2.38307317461212e-16
13.0023785100482,2.39250361911005e-16
13.0263566499221,2.40201466792727e-16
13.0503790087204,2.41152222844168e-16
13.0744456679887,2.42100155354098e-16
13.098556709423,2.4304520671832e-16
13.1227122148701,2.43987318655273e-16
13.1469122663276,2.44926432202253e-16
13.1711569459444,2.45862487711789e-16
13.1954463360208,2.46795424848066e-16
13.2197805190088,2.47725182583314e-16
13.2441595775128,2.48651699194242e-16
13.2685835942891,2.49574912258709e-16
13.293052652247,2.50494758652612e-16
13.3175668344484,2.51411174546405e-16
13.3421262241085,2.52324095401217e-16
13.366730904596,2.53233455965468e-16
13.3913809594332,2.54139190272037e-16
13.4160764722966,2.55041231635335e-16
13.440817527017,2.55939546533622e-16
13.4656042075796,2.56834168640863e-16
13.4904365981246,2.57725130996266e-16
13.5153147829475,2.58612397767407e-16
13.540238846499,2.59495898080495e-16
13.5652088733858,2.60375560213208e-16
13.5902249483703,2.61251311697583e-16
13.6152871563716,2.62123079317524e-16
13.640395582465,2.62990789106337e-16
13.6655503118831,2.63854366344352e-16
13.6907514300154,2.64713735556691e-16
13.7159990224089,2.6556882051115e-16
13.7412931747684,2.66419544215943e-16
13.7666339729569,2.67265828917444e-16
13.7920215029954,2.68107596098643e-16
13.8174558510639,2.68944766478052e-16
13.8429371035011,2.69777260008075e-16
13.868465346805,2.70604995873159e-16
13.894040667633,2.71427892488331e-16
13.9196631528025,2.72245867498014e-16
13.9453328892909,2.73058837774772e-16
13.971049964236,2.73866688542171e-16
13.9968144649363,2.74668955233587e-16
14.0226264788513,2.75464593669363e-16
14.0484860936018,2.76252609571731e-16
14.0743933969701,2.77032604026092e-16
14.1003484769004,2.77804344956944e-16
14.1263514214993,2.78567316909989e-16
14.1524023190355,2.793209076153e-16
14.1785012579408,2.80064739725045e-16
14.20464832681,2.80798649879989e-16
14.2308436144012,2.81522522356413e-16
14.2570872096361,2.82236240516274e-16
14.2833792016008,2.82939686808824e-16
14.3097196795451,2.83632742772335e-16
14.3361087328839,2.84315289035945e-16
14.3625464511966,2.84987205321767e-16
14.3890329242282,2.85648370447267e-16
14.4155682418888,2.86298662327613e-16
14.4421524942545,2.86937957978033e-16
14.4687857715676,2.87566133516561e-16
14.4954681642366,2.88183064167166e-16
14.5221997628369,2.88788624262965e-16
14.5489806581109,2.89382687249553e-16
14.5758109409682,2.89965125688618e-16
14.6026907024863,2.90535811261787e-16
14.6296200339105,2.91094614774594e-16
14.6565990266543,2.91641406160592e-16
14.6836277723,2.92176054485803e-16
14.7107063625986,2.92698427953407e-16
14.7378348894703,2.93208393908297e-16
14.765013445005,2.93705881748967e-16
14.7922421214622,2.94190982135935e-16
14.8195210112717,2.94663857000607e-16
14.8468502070337,2.95124540379805e-16
14.8742298015191,2.95572928921091e-16
14.90165988767,2.9600888184159e-16
14.9291405585999,2.96432257508979e-16
14.9566719075938,2.96842913447387e-16
14.984254028109,2.9724948750624e-16
15.011887013775,2.97683029321373e-16
15.039570958394,2.98184410753171e-16
15.0673059559412,2.98777338257362e-16
15.0950921005651,2.99467465187085e-16
15.1229294865877,3.00255750656902e-16
15.1508182085052,3.01143158304379e-16
15.1787583609879,3.02130656232763e-16
15.2067500388805,3.03219216951032e-16
15.2347933372031,3.04409817312298e-16
15.2628883511505,3.05703438452183e-16
15.2910351760934,3.07101065726252e-16
15.3192339075782,3.0860368864588e-16
15.3474846413277,3.10212300812521e-16
15.375787473241,3.11927899850121e-16
15.404142499394,3.13751487336402e-16
15.4325498160402,3.15684066283913e-16
15.4610095196101,3.17726637399742e-16
15.4895217067124,3.19880202713751e-16
15.5180864741337,3.22145772878498e-16
15.5467039188393,3.24524367077151e-16
15.5753741379731,3.27017009244632e-16
15.6040972288584,3.29624726757589e-16
15.6328732889977,3.32348550356195e-16
15.6617024160736,3.35189514064672e-16
15.6905847079485,3.38148655109382e-16
15.7195202626657,3.41227013836239e-16
15.7485091784489,3.44425633628218e-16
15.7775515537031,3.47745560821747e-16
15.8066474870149,3.51187844621583e-16
15.8357970771524,3.54753537014121e-16
15.8650004230662,3.58443692679557e-16
15.8942576238891,3.62259368903482e-16
15.9235687789368,3.66201625487513e-16
15.9529339877083,3.70271524658767e-16
15.9823533498858,3.74459397457227e-16
16.0118269653356,3.78727422968107e-16
16.041354934108,3.8302426179947e-16
16.0709373564379,3.8731957362814e-16
16.1005743327449,3.91606633422234e-16
16.130265963634,3.95885243178966e-16
16.1600123498956,4.00155209284189e-16
16.189813592506,4.04416321496192e-16
16.2196697926276,4.08668354513488e-16
16.2495810516096,4.12911078564335e-16
16.279547470988,4.17144262444101e-16
16.3095691524858,4.21367673532216e-16
16.339646198014,4.25581077809509e-16
16.3697787096713,4.2978423987581e-16
16.3999667897446,4.3397692296789e-16
16.4302105407097,4.38158888977795e-16
16.4605100652312,4.42329898471615e-16
16.490865466163,4.46489710708623e-16
16.5212768465489,4.506380836607e-16
16.5517443096223,4.54774774032071e-16
16.5822679588075,4.58899537279417e-16
16.6128478977191,4.63012127632327e-16
16.643484230163,4.67112298114078e-16
16.6741770601365,4.71199800562744e-16
16.7049264918286,4.75274385652652e-16
16.7357326296206,4.79335802916161e-16
16.7665955780862,4.83383791417416e-16
16.7975154419919,4.87418066303503e-16
16.8284923262974,4.91438333509331e-16
16.859526336156,4.9544431690197e-16
16.8906175769151,4.99435757164235e-16
16.921766154116,5.03412398169782e-16
16.952972173495,5.0737398281441e-16
16.984235740983,5.1131192956842e-16
17.0155569627067,5.15197620127602e-16
17.0469359449882,5.18995579084003e-16
17.0783727943458,5.22686704972422e-16
17.1098676174941,5.2626668761944e-16
17.1414205213447,5.29734489460344e-16
17.1730316130062,5.33089072044133e-16
17.2047009997847,5.36329396135303e-16
17.2364287891844,5.39454421815935e-16
17.2682150889075,5.42463108588072e-16
17.300060006855,5.45354415476184e-16
17.3319636511267,5.4812730112971e-16
17.363926130022,5.50780723925731e-16
17.3959475520398,5.53313642071742e-16
17.4280280258793,5.55725042014803e-16
17.4601676604398,5.58013991860599e-16
17.4923665648218,5.6017960945623e-16
17.5246248483269,5.62220955047887e-16
17.556942620458,5.64137009689095e-16
17.5893199909204,5.65926729466431e-16
17.6217570696213,5.67589071004539e-16
17.6542539666707,5.69122991568537e-16
17.6868107923819,5.70527449166096e-16
17.7194276572713,5.71801402649492e-16
17.7521046720593,5.72943811817353e-16
17.7848419476704,5.73953637515762e-16
17.8176395952336,5.74829841738916e-16
17.8504977260831,5.7557138772946e-16
17.8834164517581,5.76177240078497e-16
17.9163958840036,5.76646364825066e-16
17.9494361347709,5.76977729554994e-16
17.9825373162174,5.77187223383236e-16
18.0156995407076,5.77332237097849e-16
18.0489229208129,5.77485625679441e-16
18.0822075693128,5.77686887715625e-16
18.1155535991942,5.77943749060664e-16
18.1489611236528,5.78256345439133e-16
18.1824302560929,5.78624840755524e-16
18.2159611101279,5.79049555278351e-16
18.2495537995807,5.79530879943872e-16
18.2832084384843,5.8006920471782e-16
18.3169251410817,5.8066491856046e-16
18.3507040218267,5.81318409391973e-16
18.3845451953843,5.82030064058196e-16
18.4184487766308,5.82800268296839e-16
18.4524148806544,5.83629406704131e-16
18.4864436227555,5.84517862701761e-16
18.5205351184472,5.85466018504103e-16
18.5546894834556,5.86474255085975e-16
18.5889068337202,5.87542952151137e-16
18.6231872853943,5.88672488101242e-16
18.6575309548454,5.89863240004613e-16
18.6919379586556,5.91115583565405e-16
18.726408413622,5.924298930937e-16
18.7609424367572,5.93806557472709e-16
18.7955401452893,5.95246010246962e-16
18.8302016566628,5.96748711429186e-16
18.8649270885389,5.98315086667189e-16
18.8997165587955,5.99945514985181e-16
18.934570185528,6.01640359445097e-16
18.9694880870496,6.03398083177429e-16
19.0044703818918,6.05209777901448e-16
19.0395171888044,6.07059347716502e-16
19.0746286267564,6.08934384794869e-16
19.1098048149363,6.10831429849427e-16
19.1450458727521,6.12750568405363e-16
19.1803519198322,6.14691885379513e-16
19.2157230760256,6.16655465076818e-16
19.2511594614023,6.18641391186883e-16
19.2866611962536,6.20649746780753e-16
19.3222284010928,6.22680614307889e-16
19.3578611966555,6.24734075593163e-16
19.3935597038997,6.2681021183403e-16
19.4293240440067,6.28909109175817e-16
19.4651543383811,6.3103086823735e-16
19.5010507086516,6.33175596798725e-16
19.5370132766708,6.35343390546279e-16
19.5730421645166,6.37534330760498e-16
19.6091374944915,6.39748494039842e-16
19.6452993891238,6.4198595634219e-16
19.6815279711677,6.44246792983587e-16
19.7178233636038,6.46531078637154e-16
19.7541856896394,6.48838887332194e-16
19.7906150727092,6.51170292453475e-16
19.8271116364754,6.53525366740682e-16
19.8636755048282,6.55904182288063e-16
19.9003068018864,6.58306810544171e-16
19.9370056519976,6.60733322311697e-16
19.9737721797388,6.63182829085878e-16
20.0106065099165,6.65651588419197e-16
20.0475087675677,6.6813397560072e-16
20.0844790779598,6.70626251773784e-16
20.1215175665913,6.73127471208808e-16
20.1586243591919,6.75637605438284e-16
20.1957995817234,6.78156629289359e-16
20.2330433603799,6.80684527888816e-16
20.270355821588,6.83221290574088e-16
20.3077370920078,6.85766906507104e-16
20.3451872985326,6.88321364678357e-16
20.3827065682899,6.90884653910879e-16
20.4202950286416,6.934567628642e-16
20.4579528071846,6.96037680038522e-16
20.4956800317508,6.98627393778953e-16
20.5334768304083,7.0122589227963e-16
20.5713433314609,7.03833163587844e-16
20.6092796634493,7.0644919560817e-16
20.6472859551511,7.09073976106617e-16
20.6853623355816,7.11707492714795e-16
20.7235089339937,7.14349732934116e-16
20.7617258798789,7.17000688870455e-16
20.8000133029674,7.19660365556714e-16
20.8383713332287,7.22328774981628e-16
20.876800100872,7.25005919261151e-16
20.9152997363465,7.27691788206632e-16
20.953870370342,7.303861385065e-16
20.9925121337895,7.33080168191924e-16
21.0312251578612,7.3574881024798e-16
21.0700095739713,7.38367318827899e-16
21.1088655137764,7.40927298382413e-16
21.1477931091758,7.43428447679201e-16
21.1867924923121,7.45870467417895e-16
21.2258637955715,7.48253060234344e-16
21.2650071515845,7.50575930704419e-16
21.3042226932261,7.52838785347273e-16
21.3435105536162,7.55041332628019e-16
21.3828708661206,7.57183282959919e-16
21.4223037643505,7.59264343947236e-16
21.4618093821638,7.61284208984987e-16
21.5013878536654,7.63242560269011e-16
21.5410393132072,7.65139091881121e-16
21.580763895389,7.66973518327255e-16
21.6205617350588,7.68745562850232e-16
21.6604329673134,7.70454950636562e-16
21.7003777274985,7.72101408814721e-16
21.7403961512095,7.73684666452987e-16
21.780488374292,7.75204454556797e-16
21.8206545328419,7.76660506065639e-16
21.8608947632063,7.78052555849525e-16
21.9012092019835,7.79380340705049e-16
21.9415979860238,7.80643599351026e-16
21.9820612524299,7.81851219165685e-16
22.0225991385575,7.83033058426783e-16
22.0632117820152,7.84224346877497e-16
22.1038993206658,7.85442133217203e-16
22.144661892626,7.8668913693806e-16
22.1854996362674,7.87965471823468e-16
22.2264126902167,7.89271236283655e-16
22.2674011933563,7.90606516894486e-16
22.3084652848246,7.91971397616938e-16
22.3496051040168,7.93365961728432e-16
22.3908207905849,7.94790291827809e-16
22.4321124844388,7.96244469840428e-16
22.4734803257459,7.97728577023356e-16
22.5149244549326,7.99242693970664e-16
22.5564450126839,8.00786900618797e-16
22.5980421399444,8.02361276252053e-16
22.6397159779187,8.03965899508161e-16
22.6814666680716,8.05600848383954e-16
22.723294352129,8.07266200241111e-16
22.7651991720779,8.08962030491673e-16
22.8071812701673,8.10688410616759e-16
22.8492407889087,8.12445410175224e-16
22.8913778710761,8.14233100837106e-16
22.9335926597069,8.16051556397938e-16
22.9758852981022,8.17900573273448e-16
23.0182559298277,8.19779242009427e-16
23.0607046987136,8.21686351064752e-16
23.1032317488551,8.23621239830581e-16
23.1458372246137,8.25583820916983e-16
23.1885212706166,8.27574154991975e-16
23.231284031758,8.29592302241626e-16
23.2741256531993,8.31638322375991e-16
23.3170462803695,8.33712274635088e-16
23.3600460589658,8.35814217794922e-16
23.4031251349541,8.37944210173535e-16
23.4462836545694,8.40102303076292e-16
23.4895217643167,8.42288534264434e-16
23.5328396109707,8.44502941220208e-16
23.5762373415772,8.46745574407486e-16
23.6197151034528,8.49016490620173e-16
23.6632730441861,8.51315746268615e-16
23.7069113116376,8.53643397342511e-16
23.7506300539408,8.55999499417149e-16
23.794429419502,8.58384107659657e-16
23.8383095570014,8.6079727683528e-16
23.8822706153934,8.63239061313655e-16
23.9263127439071,8.657095150751e-16
23.9704360920465,8.68215002321202e-16
24.0146408095918,8.70779673011685e-16
24.0589270465991,8.73438032230939e-16
24.1032949534012,8.76212054719937e-16
24.1477446806083,8.7910718119346e-16
24.1922763791081,8.82123723142628e-16
24.236890200067,8.85261977953112e-16
24.2815862949297,8.88522231417573e-16
24.3263648154204,8.91904765507965e-16
24.3712259135431,8.95409860187066e-16
24.4161697415821,8.99037793435798e-16
24.4611964521025,9.02788841281008e-16
24.5063061979508,9.06663277823224e-16
24.5514991322553,9.10661375263963e-16
24.5967754084268,9.14783403933118e-16
24.6421351801589,9.19029632316659e-16
24.6875786014287,9.23400327084367e-16
24.7331058264972,9.27895753117476e-16
24.77871700991,9.32516171274448e-16
24.8244123064975,9.37261836081303e-16
24.8701918713758,9.42133000248594e-16
24.9160558599469,9.47129919440086e-16
24.9620044278997,9.52238455717628e-16
25.0080377312097,9.57393580721227e-16
25.0541559261405,9.62485953104757e-16
25.1003591692437,9.67434741390995e-16
25.1466476173596,9.7221748744578e-16
25.1930214276177,9.7683378031513e-16
25.2394807574373,9.81283211913083e-16
25.2860257645281,9.85565376982374e-16
25.3326566068904,9.8967987305511e-16
25.379373442816,9.93626300413435e-16
25.4261764308889,9.9740426462277e-16
25.473065729985,1.00101338120592e-15
25.5200414992735,1.00445327252945e-15
25.5671038982173,1.00772355820102e-15
25.614253086573,1.01082385332598e-15
25.661489224392,1.01375377332073e-15
25.7088124720208,1.01651293608216e-15
25.7562229901018,1.01910096194863e-15
25.8037209395733,1.02151747366093e-15
25.8513064816707,1.02376209632335e-15
25.8989797779266,1.02583445736485e-15
25.9467409901715,1.02773732008759e-15
25.9945902805343,1.02950558349196e-15
26.042527811443,1.03122602413171e-15
26.0905537456249,1.03297941186198e-15
26.1386682461078,1.03479173755855e-15
26.1868714762198,1.03666309620478e-15
26.2351635995903,1.0385935872672e-15
26.2835447801504,1.04058331708088e-15
26.3320151821336,1.04263239392033e-15
26.3805749700764,1.04474092554887e-15
26.4292243088183,1.04690901923032e-15
26.4779633635033,1.04913678174074e-15
26.5267922995795,1.05142431937994e-15
26.5757112828005,1.0537717379831e-15
26.6247204792252,1.05617914293216e-15
26.673820055219,1.05864663916724e-15
26.7230101774541,1.06117433119796e-15
26.7722910129098,1.06376233863377e-15
26.8216627288736,1.06641081521368e-15
26.8711254929415,1.06911992095184e-15
26.9206794730184,1.07188978354919e-15
26.9703248373189,1.07471875250606e-15
27.0200617543679,1.07760059764363e-15
27.069890393001,1.08052695268592e-15
27.1198109223651,1.08349294706252e-15
27.1698235119192,1.08649757947286e-15
27.2199283314347,1.0895409072751e-15
27.2701255509961,1.09262298771443e-15
27.3204153410015,1.09574387792898e-15
27.3707978721633,1.09890363495568e-15
27.4212733155086,1.10210230609374e-15
27.4718418423802,1.10533990790268e-15
27.5225036244366,1.10861643443477e-15
27.5732588336529,1.11193189988153e-15
27.6241076423214,1.11528635167162e-15
27.6750502230521,1.11867984883008e-15
27.7260867487733,1.12211245029396e-15
27.7772173927324,1.1255842149179e-15
27.8284423284959,1.12909520147956e-15
27.8797617299509,1.13264546868519e-15
27.9311757713045,1.13623507517511e-15
27.9826846270857,1.1398413656952e-15
28.0342884721451,1.14339319237517e-15
28.0859874816556,1.14681330146986e-15
28.1377818311134,1.15006979172956e-15
28.1896716963382,1.15315938842155e-15
28.2416572534739,1.15608177576335e-15
28.2937386789894,1.15883665711193e-15
28.3459161496788,1.16142374338449e-15
28.3981898426624,1.1638427464264e-15
28.4505599353871,1.16609337898268e-15
28.503026605627,1.1681753546697e-15
28.5555900314842,1.17008838794716e-15
28.6082503913889,1.17183219409031e-15
28.6610078641007,1.17340648916241e-15
28.7138626287087,1.17481098998741e-15
28.7668148646322,1.17604542382673e-15
28.8198647516216,1.17710954214844e-15
28.8730124697585,1.17800310505686e-15
28.9262581994568,1.17872585325957e-15
28.979602121463,1.1793033223584e-15
29.033044416857,1.17981775465837e-15
29.0865852670526,1.18036153602404e-15
29.1402248537981,1.18097550054291e-15
29.1939633591771,1.18166472693081e-15
29.2478009656088,1.18242933585148e-15
29.3017378558489,1.1832694477773e-15
29.3557742129903,1.18418518299966e-15
29.4099102204632,1.1851766616182e-15
29.4641460620364,1.18624400347145e-15
29.5184819218173,1.1873873281313e-15
29.5729179842531,1.18860675507452e-15
29.627454434131,1.18990240378916e-15
29.6820914565788,1.19127439370248e-15
29.7368292370662,1.19272284413053e-15
29.7916679614043,1.19424787428761e-15
29.8466078157474,1.19584960329555e-15
29.9016489865927,1.19752815019306e-15
29.9567916607817,1.19928756250014e-15
30.0120360255,1.20114479224043e-15
30.067382268279,1.20312690440404e-15
30.1228305769952,1.20525315305141e-15
30.1783811398722,1.20752880683662e-15
30.2340341454805,1.20995409681791e-15
30.2897897827381,1.21252925386299e-15
30.3456482409118,1.21525450871651e-15
30.4016097096171,1.21813009206158e-15
30.4576743788194,1.22115623453631e-15
30.5138424388343,1.22433316675018e-15
30.5701140803285,1.22766111930015e-15
30.6264894943201,1.23114032278664e-15
30.6829688721796,1.23477100782925e-15
30.7395524056304,1.23855340485947e-15
30.7962402867496,1.24248774310735e-15
30.8530327079681,1.24657425026979e-15
30.9099298620722,1.25081315461403e-15
30.9669319422034,1.25518289885939e-15
31.0240391418594,1.25960607319051e-15
31.0812516548947,1.26398069451107e-15
31.1385696755216,1.26824823443525e-15
31.1959933983102,1.27239631776246e-15
31.2535230181895,1.27642476040529e-15
31.3111587304481,1.28033337834273e-15
31.3689007307346,1.28412198760703e-15
31.4267492150585,1.28779040459626e-15
31.4847043797908,1.29133844661768e-15
31.5427664216644,1.29476593144585e-15
31.6009355377753,1.29807267618116e-15
31.6592119255827,1.30125849710284e-15
31.7175957829103,1.30432321023013e-15
31.7760873079462,1.30726663154906e-15
31.8346866992442,1.31008857700066e-15
31.8933941557243,1.31278886246928e-15
31.9522098766732,1.31538097467569e-15
32.0111340617453,1.31792550254878e-15
32.070166910963,1.32052262870887e-15
32.1293086247176,1.32324536867355e-15
32.1885594037701,1.32611367694475e-15
32.2479194492515,1.32912777539287e-15
32.3073889626639,1.3322878839919e-15
32.366968145881,1.33559422203145e-15
32.4266572011485,1.33904700909152e-15
32.4864563310855,1.34264646505293e-15
32.5463657386845,1.34639281010767e-15
32.6063856273122,1.35028626476904e-15
32.6665162007108,1.35432704988168e-15
32.7267576629978,1.35851538661042e-15
32.7871102186672,1.36285149579567e-15
32.8475740725903,1.36733559737915e-15
32.908149430016,1.3719679117417e-15
32.968836496572,1.3767256025537e-15
33.0296354782647,1.38153009786581e-15
33.090546581481,1.38628358742267e-15
33.1515700129878,1.39093428128718e-15
33.2127059799339,1.39547249105918e-15
33.2739546898498,1.39989804920676e-15
33.3353163506486,1.40421078800893e-15
33.396791170627,1.40841053953546e-15
33.4583793584659,1.41249713552145e-15
33.5200811232308,1.41647040727879e-15
33.581896674373,1.42033018592609e-15
33.6438262217298,1.42407630258051e-15
33.7058699755256,1.42770858822921e-15
33.7680281463726,1.43122687361422e-15
33.8303009452712,1.43463098922488e-15
33.892688583611,1.43792076529056e-15
33.9551912731714,1.44111059297702e-15
34.0178092261224,1.44425832262528e-15
34.0805426550253,1.44745052033681e-15
34.1433917728331,1.45074475740697e-15
34.2063567928921,1.45415549993893e-15
34.2694379289413,1.45768292229445e-15
34.3326353951145,1.46132720050814e-15
34.3959494059402,1.46508851149197e-15
34.4593801763422,1.46896703255148e-15
34.5229279216411,1.4729629413907e-15
34.5865928575544,1.477076416117e-15
34.6503752001972,1.48130763524582e-15
34.7142751660836,1.48565677770529e-15
34.7782929721266,1.49012402294907e-15
34.8424288356393,1.49470955108318e-15
34.9066829743357,1.49941354266579e-15
34.9710556063311,1.50423959012758e-15
35.0355469501432,1.509199134875e-15
35.1001572246926,1.51430566727028e-15
35.1648866493036,1.5195658659689e-15
35.229735443705,1.52498097663133e-15
35.2947038280307,1.53055123565172e-15
35.3597920228209,1.53627688000123e-15
35.4250002490219,1.54215814790579e-15
35.4903287279882,1.54819528002914e-15
35.5557776814818,1.55438851861881e-15
35.6213473316741,1.56073810511897e-15
35.6870379011461,1.56724427983886e-15
35.7528496128893,1.57390728317149e-15
35.8187826903063,1.58072735612072e-15
35.8848373572119,1.58770474030536e-15
35.9510138378334,1.59480275942215e-15
36.0173123568118,1.60187102048419e-15
36.0837331392022,1.60867924442048e-15
36.1502764104749,1.61507063155495e-15
36.2169423965159,1.62100472293878e-15
36.2837313236277,1.62648083140776e-15
36.3506434185305,1.63149826644729e-15
36.417678908362,1.63605633525784e-15
36.4848380206792,1.64015434333077e-15
36.5521209834587,1.6437915944349e-15
36.6195280250975,1.64696739060336e-15
36.6870593744136,1.6496810321208e-15
36.7547152606472,1.6519318163411e-15
36.8224959134611,1.65371903543266e-15
36.8904015629419,1.65504197766766e-15
36.9584324396001,1.65594220132563e-15
37.0265887743716,1.65657295071439e-15
37.0948707986181,1.65714181045632e-15
37.163278744128,1.6577720865676e-15
37.231812843117,1.65849089811074e-15
37.3004733282291,1.65929838103449e-15
37.3692604325374,1.66019467164044e-15
37.4381743895448,1.66117990678932e-15
37.5072154331848,1.66225422416785e-15
37.5763837978224,1.66341776193729e-15
37.6456797182544,1.66467065819649e-15
37.7151034297111,1.66601305106784e-15
37.7846551678564,1.66744507897208e-15
37.8543351687886,1.66896688069375e-15
37.9241436690419,1.67057939667946e-15
37.994080905586,1.6722902425961e-15
38.0641471158283,1.67411720373016e-15
38.1343425376136,1.676076505717e-15
38.2046674092253,1.67817343977963e-15
38.2751219693865,1.68040821887424e-15
38.3457064572602,1.6827810571247e-15
38.4164211124509,1.68529216949038e-15
38.4872661750044,1.68794177149768e-15
38.5582418854096,1.69073007924139e-15
38.6293484845989,1.69365730938595e-15
38.7005862139486,1.69672367916671e-15
38.7719553152806,1.69992940680371e-15
38.8434560308624,1.70327471203521e-15
38.9150886034086,1.70675853300493e-15
38.9868532760811,1.71034489616855e-15
39.0587502924904,1.71393296782059e-15
39.1307798966963,1.71742420768963e-15
39.2029423332084,1.72078600851295e-15
39.2752378469875,1.72401817144873e-15
39.347666683446,1.72712049712059e-15
39.420229088449,1.73009278581407e-15
39.4929253083147,1.73293483785731e-15
39.565755589816,1.73564645340329e-15
39.6387201801804,1.73822743165369e-15
39.7118193270918,1.74067757068748e-15
39.7850532786904,1.74299666785356e-15
39.8584222835744,1.74518451995993e-15
39.9319265908002,1.74724213927806e-15
40.0055664498836,1.74917586078522e-15
40.0793421108005,1.75099781408684e-15
40.1532538239877,1.75271772207184e-15
40.2273018403441,1.75433832211724e-15
40.3014864112311,1.75585946002226e-15
40.3758077884735,1.75728098080661e-15
40.4502662243609,1.75860272894453e-15
40.5248619716479,1.75982454850071e-15
40.5995952835551,1.76094628313013e-15
40.6744664137702,1.76196777607801e-15
40.749475616449,1.76288887156567e-15
40.8246231462155,1.76370941774912e-15
40.8999092581636,1.7644292654765e-15
40.9753342078576,1.7650917027125e-15
41.050898251333,1.76583224755915e-15
41.1266016450973,1.76679706079043e-15
41.2024446461315,1.76804551207624e-15
41.2784275118902,1.7695831945414e-15
41.3545505003026,1.77141056616403e-15
41.430813869774,1.7735280822991e-15
41.5072178791859,1.77593618999823e-15
41.5837627878975,1.77863533377793e-15
41.6604488557458,1.78162596714353e-15
41.7372763430475,1.78490855257108e-15
41.8142455105991,1.78848355565485e-15
41.8913566196781,1.79235144313389e-15
41.9686099320439,1.796490221302e-15
42.0460057099384,1.80082776538557e-15
42.1235442160873,1.80528155492783e-15
42.2012257137008,1.80981392826682e-15
42.2790504664744,1.81441990810515e-15
42.35701873859,1.81909961588614e-15
42.4351307947165,1.82385317198633e-15
42.5133869000111,1.82868069704482e-15
42.59178732012,1.83358231196699e-15
42.670332321179,1.83855813792356e-15
42.749022169815,1.8436082971469e-15
42.8278571331464,1.84873291461455e-15
42.9068374787842,1.85393106926468e-15
42.9859634748332,1.85917692584262e-15
43.0652353898923,1.86439889488084e-15
43.1446534930558,1.86952728722895e-15
43.2242180539142,1.87453906049867e-15
43.3039293425554,1.87943403064124e-15
43.3837876295653,1.884212013046e-15
43.4637931860284,1.88887282116932e-15
43.5439462835298,1.89341626548447e-15
43.6242471941548,1.89784215626774e-15
43.7046961904909,1.90215030604697e-15
43.7852935456281,1.90634052818936e-15
43.8660395331599,1.91041263560737e-15
43.9469344271847,1.91436245695444e-15
44.0279785023061,1.91817477678855e-15
44.109172033634,1.92182821980334e-15
44.190515296786,1.92530934850713e-15
44.2720085678877,1.92861482352171e-15
44.353652123574,1.93174436489383e-15
44.43544624099,1.93469769113131e-15
44.5173911977917,1.93747451995584e-15
44.5994872721474,1.94007456845001e-15
44.6817347427383,1.94249755305997e-15
44.7641338887593,1.94474318973936e-15
44.8466849899205,1.9468111941632e-15
44.9293883264476,1.94870730928073e-15
45.0122441790832,1.95045968839631e-15
45.0952528290875,1.95211723768933e-15
45.1784145582396,1.95371690239924e-15
45.2617296488379,1.9552689516328e-15
45.3451983837017,1.95677330911702e-15
45.4288210461719,1.95822989825526e-15
45.5125979201115,1.95963864188855e-15
45.5965292899074,1.96099946252436e-15
45.6806154404708,1.96231228282335e-15
45.7648566572382,1.96357702561494e-15
45.8492532261728,1.96479361365148e-15
45.9338054337648,1.96596677701715e-15
46.0185135670329,1.96711702059719e-15
46.1033779135251,1.96827719157823e-15
46.1883987613197,1.96947057986438e-15
46.2735763990261,1.97070339613873e-15
46.3589111157861,1.97197570430367e-15
46.4444032012747,1.97328756861173e-15
46.5300529457011,1.97463905347961e-15
46.6158606398095,1.97603022343819e-15
46.7018265748806,1.97746114313175e-15
46.7879510427319,1.97893187731696e-15
46.8742343357193,1.98044249086208e-15
46.9606767467379,1.98198658590783e-15
47.0472785692226,1.98354283835946e-15
47.1340400971498,1.9850859257471e-15
47.2209616250378,1.98660342683955e-15
47.3080434479481,1.98809332695613e-15
47.3952858614865,1.98955558176375e-15
47.4826891618036,1.99099014685717e-15
47.5702536455964,1.99239697776263e-15
47.657979610109,1.99377602990915e-15
47.7458673531335,1.9951272586115e-15
47.8339171730114,1.99645061908569e-15
47.9221293686343,1.99774490544203e-15
48.010504239445,1.99900432719518e-15
48.0990420854383,2.00021855953646e-15
48.1877432071626,2.0013795796353e-15
48.2766079057204,2.00248503815873e-15
48.3656364827693,2.00353484598435e-15
48.4548292405235,2.00452891325409e-15
48.5441864817542,2.00546714981687e-15
48.6337085097912,2.00634946536907e-15
48.7233956285236,2.00717576933317e-15
48.8132481424009,2.00794597028272e-15
48.9032663564342,2.00866393775185e-15
48.9934505761967,2.00936420297727e-15
49.0838011078254,2.01012688560977e-15
49.174318258022,2.01102438061062e-15
49.2650023340534,2.01207970654808e-15
49.3558536437535,2.01329311879737e-15
49.4468724955237,2.0146648735073e-15
49.5380591983341,2.01619522806746e-15
49.6294140617249,2.01788444036446e-15
49.7209373958065,2.01973276782103e-15
49.812629511262,2.02174046765418e-15
49.9044907193467,2.02390128173387e-15
49.9965213318904,2.02616685176068e-15
50.0887216612977,2.02843054040531e-15
50.1810920205494,2.03059848538561e-15
50.2736327232035,2.03264138864946e-15
50.3663440833961,2.03455904742756e-15
50.4592264158428,2.03635125945182e-15
50.5522800358397,2.0380178224077e-15
50.6455052592638,2.03955853370335e-15
50.7389024025751,2.04097319072645e-15
50.8324717828171,2.04226159148169e-15
50.9262137176179,2.04342593161674e-15
51.0201285251915,2.04447632480608e-15
51.1142165243384,2.04542914396872e-15
51.2084780344474,2.04629599637461e-15
51.3029133754961,2.04707986692173e-15
51.397522868052,2.04778062199438e-15
51.4923068332743,2.04839812752354e-15
51.5872655929138,2.0489322489818e-15
51.6823994693152,2.0493828518356e-15
51.7777087854174,2.04974980178033e-15
51.8731938647548,2.05003296451459e-15
51.9688550314586,2.05025401239227e-15
52.0646926102576,2.05048088020902e-15
52.1607069264794,2.05078676871889e-15
52.256898306052,2.05120131124361e-15
52.3532670755037,2.05172722462543e-15
52.4498135619656,2.05236468700127e-15
52.5465380931717,2.05311387668894e-15
52.6434409974606,2.05397497217655e-15
52.7405226037763,2.05494815213178e-15
52.8377832416695,2.0560335954281e-15
52.9352232412986,2.05724157810624e-15
53.0328429334307,2.05861064762583e-15
53.1306426494431,2.06019552757412e-15
53.2286227213242,2.06203082696847e-15
53.3267834816743,2.0641249978515e-15
53.4251252637076,2.06647845164525e-15
53.5236484012523,2.06909159971318e-15
53.6223532287525,2.07196485355874e-15
53.7212400812691,2.07509862530436e-15
53.8203092944806,2.07849332771953e-15
53.9195612046848,2.08214393008644e-15
54.0189961487995,2.08602671190594e-15
54.118614464364,2.09010231961888e-15
54.2184164895401,2.09434221797597e-15
54.318402563113,2.0987388663104e-15
54.4185730244927,2.10329251228441e-15
54.5189282137153,2.10800340257467e-15
54.6194684714438,2.11287178386768e-15
54.7201941389695,2.11789790303535e-15
54.8211055582131,2.1230820073919e-15
54.9222030717259,2.12840958861715e-15
55.0234870226906,2.13381870848071e-15
55.1249577549232,2.13921153042931e-15
55.2266156128735,2.14451956458972e-15
55.3284609416266,2.14972476976865e-15
55.4304940869039,2.15482698044861e-15
55.5327153950644,2.15982602627347e-15
55.6351252131059,2.16472173496116e-15
55.737723888666,2.16951393803424e-15
55.8405117700235,2.17420247077306e-15
55.9434892060993,2.17881680352255e-15
56.046656546458,2.18346022926007e-15
56.1500141413085,2.18826516358074e-15
56.2535623415061,2.19330490652795e-15
56.3573014985524,2.19859427768571e-15
56.4612319645978,2.20413366456265e-15
56.5653540924419,2.20992345340186e-15
56.6696682355348,2.21596403052806e-15
56.7741747479786,2.22225578271181e-15
56.8788739845283,2.22879417030915e-15
56.9837663005932,2.2354956206853e-15
57.088852052238,2.24213785191176e-15
57.1941315961838,2.2485078551595e-15
57.29960528981,2.25453579861253e-15
57.4052734911546,2.26022115091077e-15
57.5111365589161,2.26556337969139e-15
57.6171948524546,2.27056195178682e-15
57.7234487317926,2.27521633446005e-15
57.8298985576169,2.27952599584238e-15
57.936544691279,2.28349104434198e-15
58.0433874947972,2.28711325270492e-15
58.1504273308572,2.290395163258e-15
58.2576645628135,2.29333804251308e-15
58.365099554691,2.29594175378742e-15
58.4727326711854,2.29820577794799e-15
58.5805642776654,2.30012959556774e-15
58.6885947401732,2.30171268721227e-15
58.7968244254262,2.30295453322136e-15
58.905253700818,2.30388032619163e-15
59.0138829344197,2.30461484631106e-15
59.1227124949813,2.30537939273254e-15
59.2317427519327,2.30634425731614e-15
59.340974075385,2.30755794800339e-15
59.4504068361321,2.3090208403272e-15
59.5600414056515,2.31073331060473e-15
59.6698781561058,2.31269573519608e-15
59.7799174603439,2.31490848956084e-15
59.8901596919023,2.31738368921575e-15
60.0006052250064,2.32019708499296e-15
60.1112544345715,2.32350491760954e-15
60.2221076962047,2.32744028301173e-15
60.3331653862055,2.33204435636047e-15
60.4444278815672,2.33731813229077e-15
60.5558955599787,2.34326260569506e-15
60.6675687998251,2.34987877118042e-15
60.7794479801895,2.35716762306692e-15
60.891533480854,2.36509090632554e-15
61.003825682301,2.37341703172488e-15
61.1163249657147,2.38168423273277e-15
61.229031712982,2.38950827905883e-15
61.3419463066945,2.39677345492366e-15
61.4550691301489,2.40347893071076e-15
61.568400567349,2.40962387733401e-15
61.6819410030067,2.4152074661099e-15
61.7956908225432,2.42022886860109e-15
61.9096504120908,2.42469473805738e-15
62.0238201584936,2.42863666802557e-15
62.1382004493093,2.43210624113657e-15
62.25279167281,2.43514016282097e-15
62.3675942179842,2.43774777056929e-15
62.4826084745375,2.43992844187802e-15
62.5978348328943,2.44168155484021e-15
62.7132736841988,2.44300648802765e-15
62.8289254203168,2.44390262075567e-15
62.9447904338365,2.44444948149991e-15
63.0608691180703,2.44491471481846e-15
63.1771618670558,2.44562156424276e-15
63.2936690755572,2.44673324718067e-15
63.4103911390668,2.44827785335075e-15
63.5273284538064,2.45025600234159e-15
63.644481416728,2.45266831331836e-15
63.7618504255162,2.4555154047526e-15
63.8794358785885,2.45880219273325e-15
63.9972381750975,2.46255966298843e-15
64.1152577149317,2.46685382665492e-15
64.2334948987171,2.47174223774538e-15
64.3519501278186,2.4772432480719e-15
64.470623804341,2.48335771819875e-15
64.5895163311309,2.49008650833394e-15
64.7086281117777,2.49743047786864e-15
64.8279595506151,2.50539048549696e-15
64.9475110527225,2.51386162643434e-15
65.0672830239261,2.52249754717545e-15
65.1872758708007,2.53089214126851e-15
65.307490000671,2.53885054191617e-15
65.4279258216125,2.54634264127188e-15
65.5485837424535,2.55336778373916e-15
65.6694641727762,2.55992531448192e-15
65.790567522918,2.56601457938538e-15
65.9118942039733,2.57163993925623e-15
66.0334446277942,2.57682090538257e-15
66.1552192069928,2.58158724682723e-15
66.2772183549416,2.58595874728392e-15
66.3994424857758,2.58993997575204e-15
66.5218920143942,2.59353039403568e-15
66.6445673564607,2.59672946457198e-15
66.7674689284057,2.59953665037634e-15
66.8905971474277,2.60195938251582e-15
67.0139524314944,2.60403695389853e-15
67.1375351993445,2.60584057169693e-15
67.2613458704886,2.6074256347803e-15
67.3853848652113,2.60880779093563e-15
67.5096526045719,2.60998676580818e-15
67.6341495104064,2.61096228569517e-15
67.7588760053289,2.61173407720883e-15
67.8838325127324,2.61232500873375e-15
68.0090194567912,2.61286018538909e-15
68.1344372624612,2.61357684459576e-15
68.2600863554826,2.61466637639436e-15
68.3859671623806,2.61618531696334e-15
68.5120801104665,2.61813423280409e-15
68.6384256278403,2.62051368941848e-15
68.7650041433909,2.62332425128359e-15
68.8918160867984,2.6265423204742e-15
69.0188618885354,2.63005460179003e-15
69.1461419798681,2.63366490350794e-15
69.2736567928581,2.63722503647649e-15
69.4014067603638,2.64069352643e-15
69.5293923160419,2.64407025028994e-15
69.6576138943488,2.64735508507902e-15
69.786071930542,2.65054790812854e-15
69.9147668606817,2.65364831665401e-15
70.0436991216324,2.65665512515495e-15
70.172869151064,2.65956670397354e-15
70.3022773874538,2.66238198306702e-15
70.4319242700874,2.66510061498618e-15
70.5618102390608,2.66772247356082e-15
70.6919357352815,2.67024743280818e-15
70.8223012004698,2.67267536693675e-15
70.9529070771611,2.67499585241099e-15
71.0837538087065,2.67717615628514e-15
71.214841839275,2.67918013502127e-15
71.3461716138544,2.68099222805104e-15
71.4777435782532,2.68261052415794e-15
71.6095581791023,2.68403477987648e-15
71.7416158638559,2.68526475228565e-15
71.8739170807935,2.68630415829506e-15
72.0064622790215,2.68717537232339e-15
72.1392519084741,2.68792228850457e-15
72.2722864199155,2.68858096161501e-15
72.4055662649411,2.68916204044862e-15
72.5390918959791,2.68966542920868e-15
72.6728637662923,2.69009103239187e-15
72.8068823299788,2.69043875477576e-15
72.9411480419747,2.69072331719867e-15
73.0756613580546,2.69099324310052e-15
73.210422734834,2.69130538117396e-15
73.3454326297704,2.69168697760449e-15
73.4806915011645,2.69214222875167e-15
73.6161998081627,2.69267122200955e-15
73.7519580107578,2.69327404454109e-15
73.887966569791,2.69395639724535e-15
74.0242259469535,2.69474370302615e-15
74.1607366047875,2.69567840081545e-15
74.2974990066886,2.69679176206968e-15
74.4345136169068,2.69809249418207e-15
74.5717809005482,2.69958081539382e-15
74.7093013235769,2.70125694325392e-15
74.8470753528157,2.70311456023065e-15
74.985103455949,2.70508310391688e-15
75.1233861015231,2.70698942941054e-15
75.2619237589488,2.70867309577917e-15
75.4007168985022,2.71008251213904e-15
75.5397659913268,2.71121736185005e-15
75.6790715094352,2.71207732929329e-15
75.8186339257098,2.71266209978338e-15
75.9584537139058,2.71300371251127e-15
76.0985313486517,2.71320171766647e-15
76.2388673054511,2.71336120464336e-15
76.379462060685,2.71352256646863e-15
76.5203160916125,2.71368846307641e-15
76.6614298763728,2.71385889931867e-15
76.8028038939873,2.71403388010384e-15
76.9444386243603,2.71427038030881e-15
77.0863345482813,2.71475131377353e-15
77.2284921474265,2.71568350166157e-15
77.3709119043602,2.7171598849173e-15
77.5135943025369,2.71919282812689e-15
77.6565398263023,2.72178293690052e-15
77.7997489608956,2.72493081472228e-15
77.9432221924508,2.72859802997012e-15
78.086960007998,2.73265966616915e-15
78.2309628954662,2.73697403414628e-15
78.3752313436834,2.74147747021294e-15
78.5197658423796,2.7461619098793e-15
78.6645668821878,2.7510275400274e-15
78.8096349546457,2.75607454670037e-15
78.9549705521977,2.76120806350443e-15
79.1005741681959,2.76613345976416e-15
79.2464462969026,2.77053699040805e-15
79.3925874334915,2.77429500237623e-15
79.5389980740493,2.77739757252256e-15
79.6856787155778,2.7798440148313e-15
79.8326298559951,2.78164235185624e-15
79.9798519941377,2.78291249123229e-15
80.127345629762,2.7839637063073e-15
80.2751112635458,2.78508849421914e-15
80.4231493970907,2.7863817065623e-15
80.5714605329227,2.78784351296325e-15
80.720045174495,2.78947408213839e-15
80.8689038261892,2.79134334308534e-15
81.0180369933166,2.79379535290697e-15
81.167445182121,2.79744382248771e-15
81.3171288997793,2.80276378651475e-15
81.4670886544039,2.80989167228396e-15
81.6173249550443,2.81882925837547e-15
81.7678383116885,2.82957831542206e-15
81.9186292352652,2.8419092155208e-15
82.0696982376453,2.85502066952518e-15
82.2210458316437,2.86789376236181e-15
82.3726725310208,2.87997182425877e-15
82.5245788504845,2.89114587936208e-15
82.6767653056922,2.90141504324976e-15
82.8292324132517,2.91077502410027e-15
82.981980690724,2.91918507476954e-15
83.1350106566244,2.92654505126174e-15
83.2883228304242,2.93276144646629e-15
83.4419177325529,2.93780344571384e-15
83.5957958843996,2.94166994162033e-15
83.7499578083151,2.94435983217549e-15
83.9044040276134,2.94607455000987e-15
84.0591350665733,2.94755485595849e-15
84.214151450441,2.94981009783422e-15
84.3694537054307,2.95344523566641e-15
84.5250423587275,2.95859534631028e-15
84.6809179384885,2.9652617983212e-15
84.8370809738447,2.97342104771481e-15
84.9935319949032,2.9828860023557e-15
85.1502715327482,2.99324165203959e-15
85.3073001194437,3.00412209354009e-15
85.4646182880349,3.01541374221768e-15
85.6222265725496,3.0271169451502e-15
85.7801255080009,3.03923204740405e-15
85.9383156303884,3.05156998961764e-15
86.0967974766998,3.06352370642546e-15
86.2555715849137,3.07440809270113e-15
86.4146384940002,3.08391681659688e-15
86.5739987439237,3.09201020551692e-15
86.7336528756445,3.09868703910724e-15
86.8936014311199,3.10400111469368e-15
87.0538449533072,3.10816028125489e-15
87.2143839861648,3.11146048245273e-15
87.3752190746542,3.11408785312065e-15
87.5363507647421,3.11608576451608e-15
87.6977796034015,3.11745369194126e-15
87.8595061386148,3.1182195176336e-15
88.0215309193744,3.11851992927482e-15
88.1838544956853,3.11859575877116e-15
88.346477418567,3.1186313150342e-15
88.5094002400548,3.1186786237161e-15
88.6726235132023,3.11873769424358e-15
88.8361477920826,3.11881153480023e-15
88.9999736317912,3.11891974011612e-15
89.1641015884468,3.11910312098048e-15
89.3285322191938,3.1193965501107e-15
89.4932660822042,3.1198107274911e-15
89.658303736679,3.12034574657489e-15
89.8236457428506,3.12099681558519e-15
89.9892926619849,3.12172303137998e-15
90.1552450563822,3.12243070453778e-15
90.3215034893803,3.12303576423307e-15
90.4880685253555,3.12351171522255e-15
90.6549407297251,3.12385845973865e-15
90.8221206689492,3.12408726515431e-15
90.9896089105322,3.12429222829907e-15
91.1574060230254,3.1246878783173e-15
91.3255125760282,3.12546635229323e-15
91.4939291401908,3.12668819933053e-15
91.6626562872156,3.1283537389395e-15
91.8316945898592,3.13045371486608e-15
92.0010446219347,3.1329271283384e-15
92.170706958313,3.13564767680865e-15
92.3406821749254,3.13850802861796e-15
92.5109708487655,3.1414756068041e-15
92.6815735578905,3.14455048212658e-15
92.8524908814238,3.1477024975615e-15
93.0237233995569,3.15078705961479e-15
93.1952716935511,3.15355146664747e-15
93.3671363457398,3.15580321254473e-15
93.53931793953,3.15748789864093e-15
93.711817059405,3.15860514062061e-15
93.8846342909255,3.15919994841571e-15
94.0577702207323,3.15944477621727e-15
94.2312254365483,3.15958541958533e-15
94.4050005271796,3.15977702185349e-15
94.5790960825188,3.16005621189773e-15
94.7535126935459,3.16042304594892e-15
94.9282509523309,3.16088122661461e-15
95.1033114520358,3.16144261521157e-15
95.278694786916,3.16212079596161e-15
95.4544015523234,3.16292205696903e-15
95.6304323447076,3.1638473267907e-15
95.8067877616177,3.16490506807374e-15
95.9834684017055,3.16617786662522e-15
96.160474864726,3.16786322725466e-15
96.337807751541,3.17014217935576e-15
96.5154676641198,3.17307260222517e-15
96.6934552055421,3.17665488117735e-15
96.8717709799997,3.18086118927176e-15
97.0504155927985,3.18557929901796e-15
97.2293896503608,3.19064098870257e-15
97.4086937602273,3.19593435460286e-15
97.5883285310588,3.2014315603201e-15
97.7682945726389,3.20713271413224e-15
97.9485924958753,3.21291212511779e-15
98.1292229128027,3.2183834211968e-15
98.3101864365844,3.22314241948593e-15
98.4914836815141,3.22703674368817e-15
98.673115263019,3.23005733177986e-15
98.8550817976604,3.23227820511056e-15
99.0373839031374,3.23402308675358e-15
99.2200221982879,3.23581728024693e-15
99.4029973030907,3.23803746277347e-15
99.5863098386685,3.24078460480453e-15
99.769960427289,3.24405897766203e-15
99.9539496923678,3.24775730161683e-15
100.13827825847,3.25156568813867e-15
100.322946751312,3.25516354299026e-15
100.507955797765,3.25843757597047e-15
100.693306025856,3.26138453361103e-15
100.878998064769,3.26400713808225e-15
101.06503254485,3.26631607735255e-15
101.251410097607,3.26832641502241e-15
101.438131355712,3.27004744424658e-15
101.625196953004,3.27148120745814e-15
101.81260752449,3.27263431044241e-15
102.00036370635,3.27355036457874e-15
102.188466135937,3.27432009205671e-15
102.376915451776,3.27502083255945e-15
102.565712293575,3.27567612910006e-15
102.754857302216,3.27628596028114e-15
102.944351119767,3.27695705491267e-15
103.134194389479,3.27801838570228e-15
103.324387755788,3.27981609978881e-15
103.514931864321,3.28248262885256e-15
103.705827361891,3.28602667511158e-15
103.89707489651,3.29030387282874e-15
104.08867511738,3.29481283732124e-15
104.280628674902,3.29891727952294e-15
104.472936220677,3.30227039933547e-15
104.665598407507,3.30480468410401e-15
104.858615889398,3.30657112487684e-15
105.051989321561,3.30777703543582e-15
105.245719360418,3.30873712717543e-15
105.439806663599,3.30966359861162e-15
105.634251889948,3.31061009566904e-15
105.829055699523,3.31156877167974e-15
106.0242187536,3.31250114069381e-15
106.219741714674,3.31333881572808e-15
106.415625246463,3.31402906491807e-15
106.611870013908,3.31455687774288e-15
106.808476683175,3.31492838150562e-15
107.005445921661,3.31518078245945e-15
107.202778397992,3.31538875494576e-15
107.400474782027,3.31561467383096e-15
107.598535744862,3.31587729504862e-15
107.79696195883,3.31618833437579e-15
107.995754097501,3.31662983699726e-15
108.194912835692,3.31737783958782e-15
108.39443884946,3.31858515578412e-15
108.594332816113,3.32029897610327e-15
108.794595414203,3.32251486275542e-15
108.995227323538,3.32520049484676e-15
109.196229225177,3.32828610017068e-15
109.397601801436,3.33171101658255e-15
109.599345735889,3.33545659323168e-15
109.801461713371,3.33949114308642e-15
110.003950419978,3.34361903110569e-15
110.206812543075,3.34744353608068e-15
110.410048771291,3.35063112359896e-15
110.613659794526,3.35308097564242e-15
110.817646303953,3.3548512561535e-15
111.02200899202,3.35623626272463e-15
111.22674855245,3.35776937079362e-15
111.431865680247,3.35986758928194e-15
111.637361071696,3.36265066689693e-15
111.843235424366,3.36605633875019e-15
112.049489437114,3.36982421925207e-15
112.256123810082,3.37354732622968e-15
112.463139244707,3.37694339850601e-15
112.670536443719,3.37993907185521e-15
112.878316111141,3.38254878207543e-15
113.086478952297,3.38482438316051e-15
113.295025673812,3.3868344310629e-15
113.503956983613,3.38861841800966e-15
113.713273590931,3.39018462851072e-15
113.922976206308,3.39156554983522e-15
114.133065541595,3.39286440988836e-15
114.343542309956,3.39419569313971e-15
114.554407225869,3.39560874081626e-15
114.76566100513,3.39710879893888e-15
114.977304364856,3.39869227057284e-15
115.189338023487,3.4003503395952e-15
115.401762700785,3.40207484981552e-15
115.614579117843,3.40386319650428e-15
115.827787997081,3.40573594492096e-15
116.041390062251,3.40778385970516e-15
116.255386038443,3.41015591267256e-15
116.469776652082,3.41296001214119e-15
116.684562630931,3.41622532781328e-15
116.899744704097,3.41988950230652e-15
117.115323602033,3.4237449470969e-15
117.331300056536,3.42754342305764e-15
117.547674800754,3.43116164683726e-15
117.764448569188,3.43457135667654e-15
117.981622097692,3.43769791676966e-15
118.199196123476,3.44036532611773e-15
118.417171385114,3.44241341453188e-15
118.635548622536,3.44379135902903e-15
118.854328577041,3.44455232486481e-15
119.073511991294,3.4448985965177e-15
119.293099609328,3.44511773370598e-15
119.513092176551,3.44539081888895e-15
119.733490439742,3.44576039127454e-15
119.954295147061,3.44622131328461e-15
120.175507048044,3.44675857199833e-15
120.397126893612,3.44735727914137e-15
120.61915543607,3.44801249155577e-15
120.84159342911,3.44871671406498e-15
121.064441627814,3.44944022865738e-15
121.287700788656,3.45013886263823e-15
121.511371669507,3.45078343747945e-15
121.735455029633,3.4513670547866e-15
121.959951629701,3.45189806733539e-15
122.184862231783,3.45239958249729e-15
122.410187599354,3.45289407339618e-15
122.635928497296,3.45338892924519e-15
122.862085691905,3.45391626074865e-15
123.088659950887,3.45459285675809e-15
123.315652043366,3.45557637378326e-15
123.543062739882,3.45696020206672e-15
123.770892812398,3.45876498084458e-15
123.999143034301,3.46099221872899e-15
124.227814180401,3.46364507493347e-15
124.45690702694,3.46672625029564e-15
124.686422351591,3.47023656112344e-15
124.91636093346,3.47407917706807e-15
125.14672355309,3.47794723869611e-15
125.377510992465,3.48150139926545e-15
125.608724035009,3.48459625453492e-15
125.840363465592,3.48726437748963e-15
126.072430070532,3.48969455524172e-15
126.304924637594,3.49216114259123e-15
126.537847955999,3.49484114309596e-15
126.771200816423,3.49779509569311e-15
127.004984010999,3.50113192323097e-15
127.23919833332,3.50507189646521e-15
127.473844578445,3.50979985164599e-15
127.708923542898,3.51537147330717e-15
127.944436024672,3.52162250777306e-15
128.18038282323,3.52805732766913e-15
128.416764739511,3.53417490085283e-15
128.653582575933,3.53980319845794e-15
128.890837136389,3.54488265006738e-15
129.128529226258,3.54922364433656e-15
129.366659652403,3.55260053125918e-15
129.605229223175,3.55490220450385e-15
129.844238748417,3.55620150101275e-15
130.083689039464,3.55683917982705e-15
130.323580909147,3.55729309968499e-15
130.563915171797,3.55785962338629e-15
130.804692643246,3.55859367395471e-15
131.045914140831,3.55943497022487e-15
131.287580483397,3.56028423076388e-15
131.529692491296,3.56106934272886e-15
131.772250986397,3.56177749299888e-15
132.015256792082,3.5624456786128e-15
132.258710733251,3.56314474241021e-15
132.502613636328,3.56393216732588e-15
132.746966329258,3.56482497428351e-15
132.991769641516,3.56582381823174e-15
133.237024404102,3.56693015062652e-15
133.482731449553,3.56814523955969e-15
133.72889161194,3.56946341959683e-15
133.975505726871,3.57082300228421e-15
134.222574631496,3.57207509834782e-15
134.470099164509,3.57308279614038e-15
134.718080166149,3.57380520314687e-15
134.966518478206,3.57427947370687e-15
135.215414944023,3.57460063235141e-15
135.464770408497,3.5748583091787e-15
135.714585718083,3.57508362194883e-15
135.964861720797,3.57530699951829e-15
136.215599266221,3.57560707947635e-15
136.4667992055,3.57605832600189e-15
136.718462391352,3.57668374218465e-15
136.970589678066,3.57747045485041e-15
137.223181921506,3.57838655829069e-15
137.476239979116,3.57940234281352e-15
137.729764709919,3.58051208437137e-15
137.983756974524,3.58174781851438e-15
138.238217635125,3.58318274813925e-15
138.49314755551,3.58488244957597e-15
138.748547601055,3.58684130026881e-15
139.004418638735,3.58889703552487e-15
139.260761537124,3.59071985638852e-15
139.517577166395,3.59203218280503e-15
139.774866398329,3.59278397680179e-15
140.032630106313,3.59313992790232e-15
140.290869165344,3.59339155644498e-15
140.549584452034,3.59376297592616e-15
140.808776844611,3.59431816123669e-15
141.068447222922,3.59505916542909e-15
141.328596468439,3.59598914644062e-15
141.589225464255,3.59711022372836e-15
141.850335095097,3.59842178358422e-15
142.111926247319,3.59991984166954e-15
142.373999808912,3.60159920967431e-15
142.636556669504,3.60345691535765e-15
142.899597720363,3.60546839313823e-15
143.163123854402,3.60755723487188e-15
143.427135966179,3.60963784392841e-15
143.691634951904,3.61166916270776e-15
143.956621709436,3.61358143378981e-15
144.222097138294,3.61519911956883e-15
144.488062139652,3.61635329267554e-15
144.75451761635,3.61701058227703e-15
145.021464472888,3.6172868767237e-15
145.288903615439,3.61739905233386e-15
145.556835951844,3.61752051291121e-15
145.825262391619,3.61769986017168e-15
146.094183845957,3.61792970937033e-15
146.363601227732,3.6181997213397e-15
146.6335154515,3.61850348484395e-15
146.903927433507,3.61889596328047e-15
147.174838091684,3.61955540181274e-15
147.446248345658,3.62067763415718e-15
147.718159116752,3.62232640865038e-15
147.990571327985,3.6243709431341e-15
148.263485904082,3.62650643992813e-15
148.536903771471,3.62846583380973e-15
148.810825858289,3.63015757619649e-15
149.085253094384,3.6315474396824e-15
149.360186411321,3.63258557923848e-15
149.63562674238,3.633239854759e-15
149.911575022564,3.63355598812778e-15
150.1880321886,3.63370029875494e-15
150.464999178941,3.63385096584774e-15
150.742476933773,3.63407529738146e-15
151.020466395013,3.63435824944616e-15
151.298968506319,3.63466033565815e-15
151.577984213085,3.63494980930342e-15
151.857514462451,3.63521317702191e-15
152.137560203303,3.63543612672498e-15
152.418122386277,3.63560093402438e-15
152.699201963761,3.63571925780981e-15
152.980799889901,3.63596832954072e-15
153.262917120602,3.63675942621334e-15
153.545554613532,3.63846206038975e-15
153.828713328124,3.64124194457775e-15
154.112394225581,3.64527889272311e-15
154.396598268878,3.6508146513094e-15
154.681326422768,3.65795276205109e-15
154.966579653782,3.66627676515705e-15
155.252358930231,3.67467597458666e-15
155.538665222215,3.6821161469356e-15
155.825499501621,3.68827540992207e-15
156.11286274213,3.69319043214396e-15
156.400755919217,3.69691040948177e-15
156.689180010157,3.69948554232289e-15
156.978135994026,3.70110783095149e-15
157.267624851707,3.70220836619824e-15
157.557647565891,3.70317665169842e-15
157.848205121081,3.70426427063138e-15
158.139298503597,3.70591267854335e-15
158.430928701576,3.7086742504759e-15
158.723096704978,3.71278581076866e-15
159.015803505589,3.7179763364835e-15
159.309050097024,3.72361434714209e-15
159.60283747473,3.72918390687463e-15
159.897166635989,3.73439427492274e-15
160.192038579924,3.73881086125155e-15
160.4874543075,3.74195830834598e-15
160.783414821526,3.74375077486205e-15
161.079921126662,3.74462455186445e-15
161.37697422942,3.74527100595472e-15
161.67457513817,3.74614331029537e-15
161.972724863139,3.74723966425159e-15
162.271424416419,3.7482757725368e-15
162.570674811967,3.74899180450934e-15
162.87047706561,3.74934712249559e-15
163.17083219505,3.74947858647926e-15
163.471741219864,3.7495454211363e-15
163.773205161509,3.74962218256261e-15
164.075225043327,3.74971638446022e-15
164.377801890547,3.74982237333419e-15
164.680936730288,3.74993608617968e-15
164.984630591564,3.7500551207513e-15
165.288884505285,3.75017634181755e-15
165.593699504264,3.75029696932544e-15
165.899076623219,3.75041416258446e-15
166.205016898773,3.75052175564174e-15
166.511521369464,3.7506130960705e-15
166.818591075743,3.75071135374604e-15
167.126227059982,3.7509090774605e-15
167.434430366472,3.7513293580947e-15
167.743202041434,3.75204080843291e-15
168.052543133015,3.75304641133882e-15
168.362454691296,3.75432577409667e-15
168.672937768295,3.75585148319454e-15
168.983993417969,3.75752231300289e-15
169.29562269622,3.75912083205881e-15
169.607826660895,3.7604541441272e-15
169.920606371795,3.76157605822977e-15
170.233962890673,3.76283267915872e-15
170.547897281241,3.7645779326007e-15
170.862410609171,3.76681021578722e-15
171.177503942104,3.76911643598107e-15
171.493178349645,3.7710094860305e-15
171.809434903376,3.77230470631922e-15
172.126274676851,3.77313984340695e-15
172.443698745608,3.77374642217386e-15
172.761708187166,3.77426441686996e-15
173.08030408103,3.77473966964661e-15
173.399487508698,3.77519753011935e-15
173.719259553661,3.77565368024432e-15
174.03962130141,3.77610434012089e-15
174.360573839435,3.77653487730879e-15
174.682118257234,3.7769558329541e-15
175.004255646313,3.77750074427459e-15
175.326987100191,3.77844904579037e-15
175.650313714403,3.78001231444119e-15
175.974236586505,3.78204222867041e-15
176.298756816078,3.78402521873205e-15
176.623875504729,3.78550075230519e-15
176.949593756098,3.78640167400156e-15
177.275912675858,3.78693945119183e-15
177.602833371724,3.78731631083426e-15
177.930356953452,3.78760382403541e-15
178.258484532844,3.78781868509915e-15
178.587217223754,3.78797749900383e-15
178.916556142089,3.78810003567973e-15
179.246502405814,3.78822950430398e-15
179.577057134957,3.78841007232666e-15
179.908221451608,3.78866715399186e-15
180.239996479931,3.78903108764543e-15
180.572383346159,3.78953290683495e-15
180.905383178605,3.79014259029804e-15
181.23899710766,3.79073335210526e-15
181.573226265802,3.7911722272537e-15
181.908071787595,3.79143710692044e-15
182.243534809699,3.79161011462644e-15
182.579616470866,3.79177929914917e-15
182.916317911951,3.79196912903827e-15
183.253640275911,3.7921568735468e-15
183.591584707812,3.79231809549964e-15
183.930152354831,3.79246517131517e-15
184.26934436626,3.79265929350426e-15
184.609161893513,3.79296581362292e-15
184.949606090124,3.79347569476885e-15
185.290678111756,3.79437432858008e-15
185.632379116204,3.79582405984589e-15
185.974710263397,3.79775860658842e-15
186.317672715402,3.79989165637624e-15
186.661267636431,3.80195072552741e-15
187.005496192842,3.80376599944734e-15
187.350359553145,3.80515756947455e-15
187.695858888003,3.80600467050262e-15
188.041995370239,3.80641286947469e-15
188.388770174839,3.80665163390138e-15
188.736184478955,3.80693997191149e-15
189.084239461911,3.80738274832487e-15
189.432936305205,3.80805123986622e-15
189.782276192514,3.80896515720529e-15
190.132260309698,3.81002872140275e-15
190.482889844804,3.81109374248594e-15
190.834165988069,3.81212291562198e-15
191.186089931927,3.81326904159388e-15
191.538662871008,3.81473938430553e-15
191.891886002147,3.81665442775057e-15
192.245760524387,3.81908361500834e-15
192.600287638981,3.8220713044433e-15
192.955468549396,3.82550329183391e-15
193.311304461321,3.82903949267488e-15
193.667796582666,3.83235918958486e-15
194.02494612357,3.83535500591517e-15
194.382754296405,3.83801870926135e-15
194.741222315774,3.84035956599013e-15
195.100351398526,3.84243924900815e-15
195.46014276375,3.84435313287243e-15
195.820597632783,3.8461442735994e-15
196.181717229217,3.8477591175639e-15
196.543502778898,3.84911254065945e-15
196.905955509935,3.85019426252367e-15
197.269076652699,3.85109901728057e-15
197.632867439833,3.8519362295096e-15
197.997329106249,3.85277135808857e-15
198.362462889142,3.85366388895659e-15
198.728270027982,3.85465277790982e-15
199.094751764532,3.85570863187158e-15
199.461909342838,3.85676307618228e-15
199.829744009244,3.85774244216503e-15
200.198257012394,3.85854473064397e-15
200.56744960323,3.85906714645803e-15
200.937323035004,3.85935489246743e-15
201.307878563279,3.85966653155947e-15
201.679117445932,3.86025993706213e-15
202.051040943162,3.86121863436893e-15
202.42365031749,3.86254090003155e-15
202.796946833766,3.86418369060697e-15
203.170931759172,3.8660015355575e-15
203.545606363228,3.86780908422841e-15
203.920971917793,3.86945375431559e-15
204.297029697075,3.87076495772454e-15
204.673780977628,3.87162727475043e-15
205.051227038363,3.87215584924282e-15
205.429369160548,3.87263936981721e-15
205.808208627814,3.87327395228865e-15
206.18774672616,3.87404011670773e-15
206.567984743956,3.87483721394694e-15
206.948923971946,3.87561081197277e-15
207.330565703259,3.87634662927901e-15
207.712911233404,3.87704938224952e-15
208.095961860281,3.87775551871354e-15
208.479718884184,3.87852355463298e-15
208.864183607805,3.8793549877891e-15
209.249357336237,3.88013829835474e-15
209.63524137698,3.88076028503054e-15
210.021837039947,3.8812790839056e-15
210.409145637465,3.88190959229424e-15
210.79716848428,3.88280796810192e-15
211.185906897566,3.88394571659388e-15
211.575362196923,3.88522704178165e-15
211.965535704387,3.88665864914368e-15
212.356428744428,3.88837566837751e-15
212.748042643964,3.89047095167956e-15
213.140378732355,3.89283841087226e-15
213.533438341416,3.89526893617374e-15
213.927222805416,3.897545891489e-15
214.321733461086,3.8993883229937e-15
214.716971647621,3.90061557155099e-15
215.112938706685,3.9014065684209e-15
215.509635982419,3.90214888486697e-15
215.90706482144,3.9031128351733e-15
216.30522657285,3.90440297971507e-15
216.704122588238,3.90600219757409e-15
217.103754221685,3.90768686495796e-15
217.504122829771,3.90909356961607e-15
217.905229771577,3.91003070982467e-15
218.307076408689,3.91060277119412e-15
218.709664105205,3.91098817892602e-15
219.112994227738,3.91128173231642e-15
219.517068145424,3.91154009395567e-15
219.921887229919,3.91183337163395e-15
220.327452855413,3.91226595303384e-15
220.733766398627,3.91293428873422e-15
221.140829238823,3.91388036398158e-15
221.548642757805,3.91511023935329e-15
221.957208339926,3.91653252639343e-15
222.366527372093,3.91790340176204e-15
222.776601243768,3.91901510363765e-15
223.187431346978,3.9198622897089e-15
223.599019076315,3.92052940365691e-15
224.011365828945,3.92105604428966e-15
224.424473004608,3.92143657188788e-15
224.838342005628,3.92168748016598e-15
225.252974236912,3.92189767944158e-15
225.668371105962,3.92220995767952e-15
226.08453402287,3.92283806771463e-15
226.501464400334,3.92405633040886e-15
226.919163653655,3.925948198758e-15
227.337633200742,3.92824956107668e-15
227.756874462122,3.93059647615145e-15
228.17688886094,3.9326963447877e-15
228.597677822965,3.93433560889331e-15
229.019242776596,3.93557862272707e-15
229.441585152868,3.93680088391186e-15
229.864706385451,3.93841089900101e-15
230.288607910662,3.94074171274516e-15
230.713291167466,3.94393649387992e-15
231.138757597482,3.94768440085323e-15
231.565008644986,3.95140934831983e-15
231.992045756919,3.95476691290686e-15
232.41987038289,3.95773126571852e-15
232.848483975181,3.96038701677473e-15
233.277887988752,3.96284563817881e-15
233.708083881247,3.96516381080515e-15
234.139073112997,3.96720404729514e-15
234.570857147026,3.96872549289344e-15
235.003437449058,3.96965859028483e-15
235.436815487519,3.97016252814973e-15
235.87099273354,3.97051228725131e-15
236.305970660971,3.97108723183393e-15
236.741750746373,3.97217337512093e-15
237.178334469036,3.97368865047036e-15
237.615723310975,3.97533661351355e-15
238.053918756938,3.97685475897827e-15
238.492922294412,3.97804306239802e-15
238.932735413626,3.97889044860493e-15
239.373359607559,3.97968024268631e-15
239.814796371942,3.98065244797304e-15
240.257047205264,3.98169069602737e-15
240.700113608779,3.98255339078333e-15
241.143997086507,3.98315357723168e-15
241.588699145243,3.98352532465488e-15
242.034221294563,3.98374273561288e-15
242.480565046822,3.98390139516688e-15
242.927731917169,3.98406842322204e-15
243.375723423543,3.98425231638866e-15
243.824541086684,3.98444835458717e-15
244.274186430138,3.98467592377908e-15
244.724660980258,3.98497518317267e-15
245.175966266213,3.985408367472e-15
245.628103819993,3.98606743851387e-15
246.081075176411,3.98709302844356e-15
246.534881873113,3.98861843670404e-15
246.989525450577,3.9904662063874e-15
247.445007452125,3.9920257409323e-15
247.901329423924,3.9928753461673e-15
248.358492914993,3.99325303314921e-15
248.816499477207,3.9935646110047e-15
249.275350665302,3.99393474648119e-15
249.735048036883,3.99439241086012e-15
250.195593152426,3.99508161513329e-15
250.656987575285,3.99612588129675e-15
251.119232871699,3.99734190027876e-15
251.582330610791,3.99833451016482e-15
252.046282364581,3.99897058927611e-15
252.511089707989,3.99950131046397e-15
252.976754218836,4.00025527791505e-15
253.443277477855,4.001476250185e-15
253.910661068694,4.00329261980052e-15
254.378906577919,4.00568408232125e-15
254.848015595026,4.00844571503709e-15
255.317989712438,4.01112426514964e-15
255.788830525519,4.01329049651519e-15
256.26053963257,4.01487018852897e-15
256.733118634845,4.01604050843562e-15
257.206569136546,4.01708064143267e-15
257.680892744836,4.01821796832165e-15
258.156091069842,4.01937341695467e-15
258.632165724659,4.0202992843342e-15
259.109118325358,4.02102583221857e-15
259.586950490989,4.02184614062819e-15
260.065663843589,4.02282935505884e-15
260.545260008185,4.02370663825028e-15
261.025740612801,4.0242771483997e-15
261.507107288465,4.02460173726173e-15
261.98936166921,4.02483302476768e-15
262.472505392086,4.02511051704838e-15
262.956540097158,4.02559522931319e-15
263.441467427518,4.02649292878066e-15
263.927289029287,4.02801915446931e-15
264.414006551623,4.03036832358726e-15
264.901621646724,4.03358203675352e-15
265.390135969835,4.03742532053987e-15
265.879551179254,4.04141277305736e-15
266.369868936337,4.04482048199021e-15
266.861090905503,4.04712896614706e-15
267.353218754241,4.04849292876484e-15
267.846254153117,4.04938689830247e-15
268.340198775773,4.05021817711869e-15
268.835054298943,4.05119650430515e-15
269.330822402448,4.0521988296195e-15
269.827504769211,4.05305056703953e-15
270.325103085257,4.05386198176293e-15
270.823619039718,4.05483954156761e-15
271.323054324845,4.0560288664505e-15
271.823410636007,4.05729789696841e-15
272.3246896717,4.05835307185757e-15
272.826893133552,4.05900948112383e-15
273.330022726331,4.05949924701537e-15
273.834080157947,4.06023720491089e-15
274.339067139459,4.06150642990974e-15
274.844985385084,4.06342791660865e-15
275.351836612197,4.06597463029704e-15
275.859622541342,4.06885050686169e-15
276.368344896236,4.07136193562928e-15
276.878005403775,4.07294827909638e-15
277.388605794038,4.07374352521596e-15
277.900147800296,4.07419741729467e-15
278.412633159016,4.0746436163278e-15
278.926063609867,4.07521849896332e-15
279.440440895727,4.07582801029996e-15
279.955766762686,4.07640568646553e-15
280.472042960056,4.07710161268132e-15
280.989271240376,4.07796671180396e-15
281.507453359414,4.07876933786222e-15
282.026591076177,4.07940746190066e-15
282.546686152917,4.08014320126087e-15
283.067740355135,4.08124066959397e-15
283.589755451587,4.08268937465676e-15
284.112733214291,4.08424116638455e-15
284.636675418535,4.08556616668082e-15
285.161583842879,4.08650054506564e-15
285.687460269162,4.08718817449653e-15
286.214306482512,4.08804513500467e-15
286.742124271345,4.08947388946668e-15
287.270915427379,4.09149723737516e-15
287.800681745634,4.09372796938612e-15
288.33142502444,4.09554309068757e-15
288.863147065445,4.09654235220891e-15
289.395849673618,4.09695895331324e-15
289.929534657257,4.09724055871157e-15
290.464203827995,4.09755675337476e-15
290.999859000805,4.0979110392562e-15
291.53650199401,4.09831130174042e-15
292.074134629282,4.09881451284285e-15
292.612758731655,4.09954579332425e-15
293.152376129528,4.1006641860496e-15
293.692988654673,4.10220171529964e-15
294.234598142237,4.10385782812701e-15
294.777206430755,4.10523310742303e-15
295.32081536215,4.10628523832125e-15
295.865426781742,4.10722815319714e-15
296.411042538254,4.10818867762065e-15
296.957664483821,4.1091713220815e-15
297.505294473989,4.11012176969253e-15
298.053934367729,4.11092688550838e-15
298.60358602744,4.11147752656959e-15
299.154251318954,4.11182968779482e-15
299.705932111546,4.11217955227393e-15
300.258630277936,4.11262325368686e-15
300.812347694298,4.11313006107096e-15
301.367086240268,4.11370368662091e-15
301.922847798946,4.11444007922935e-15
302.479634256905,4.1154843218326e-15
303.037447504197,4.11688711379433e-15
303.596289434362,4.11849043785187e-15
304.156161944429,4.11999604638772e-15
304.717066934925,4.12115424589532e-15
305.279006309886,4.12194278602236e-15
305.841981976854,4.12257732386888e-15
306.405995846892,4.12335700556201e-15
306.971049834587,4.12432390629385e-15
307.537145858055,4.12513064693205e-15
308.104285838953,4.12556045647798e-15
308.672471702476,4.12585110255767e-15
309.241705377375,4.12635163647798e-15
309.811988795956,4.12727808128794e-15
310.383323894086,4.12873534588677e-15
310.955712611205,4.13053764079544e-15
311.529156890328,4.13214221755233e-15
312.103658678054,4.13323068174545e-15
312.679219924572,4.13419609089956e-15
313.255842583666,4.13591589284065e-15
313.833528612725,4.13906210360745e-15
314.412279972746,4.14349393586203e-15
314.992098628343,4.14827018396573e-15
315.572986547753,4.15218417803062e-15
316.154945702843,4.15463411463723e-15
316.737978069116,4.15591585441828e-15
317.322085625718,4.15652709034705e-15
317.907270355445,4.15677513393952e-15
318.49353424475,4.15693524566024e-15
319.080879283749,4.15728905012515e-15
319.669307466226,4.15798280106092e-15
320.258820789646,4.15888362155874e-15
320.849421255154,4.15973180129646e-15
321.441110867587,4.16043823114077e-15
322.033891635479,4.16100355363484e-15
322.627765571068,4.1613935388444e-15
323.222734690301,4.16174289915564e-15
323.818801012847,4.16228436443854e-15
324.415966562095,4.16298883961057e-15
325.014233365168,4.1636248072375e-15
325.613603452927,4.16404579840846e-15
326.214078859977,4.16425426597118e-15
326.815661624676,4.16436748317156e-15
327.418353789142,4.16455655144665e-15
328.022157399256,4.16489864559529e-15
328.627074504675,4.16530454777757e-15
329.233107158834,4.16564481643881e-15
329.840257418956,4.16592107773893e-15
330.448527346056,4.1662958717578e-15
331.057919004952,4.16688628644094e-15
331.668434464268,4.16763283019964e-15
332.280075796444,4.1684721088243e-15
332.892845077741,4.16935974050869e-15
333.506744388251,4.17014692918283e-15
334.121775811898,4.17076717696521e-15
334.737941436452,4.17134517334947e-15
335.355243353533,4.17193998106068e-15
335.973683658617,4.17244780616669e-15
336.593264451047,4.17278079601692e-15
337.213987834033,4.17301603597158e-15
337.835855914667,4.17336096692984e-15
338.458870803926,4.17396492214968e-15
339.08303461668,4.17475711513984e-15
339.708349471698,4.17561387976423e-15
340.334817491659,4.17673087961334e-15
340.962440803153,4.17841469444797e-15
341.591221536694,4.18053410918652e-15
342.221161826724,4.18256904232647e-15
342.852263811623,4.18409388240398e-15
343.484529633711,4.18507192093972e-15
344.117961439262,4.185699477165e-15
344.752561378507,4.18614176785775e-15
345.388331605641,4.18650966002697e-15
346.025274278834,4.18686888557247e-15
346.663391560234,4.18722066315208e-15
347.302685615977,4.18754365950819e-15
347.943158616194,4.18782583919174e-15
348.584812735016,4.18808790586852e-15
349.227650150588,4.18842555644621e-15
349.871673045066,4.18888306002707e-15
350.516883604635,4.18932710033695e-15
351.163284019509,4.18974302895824e-15
351.810876483941,4.19031979041449e-15
352.459663196231,4.19102480840928e-15
353.109646358735,4.1916050821509e-15
353.760828177867,4.19197562088097e-15
354.413210864112,4.19228658775004e-15
355.06679663203,4.19265684323515e-15
355.721587700268,4.19300779354484e-15
356.37758629156,4.19325542285642e-15
357.034794632743,4.19355036615865e-15
357.693214954759,4.19415578555634e-15
358.352849492663,4.19507443852554e-15
359.013700485634,4.19603682332128e-15
359.675770176979,4.19681651439854e-15
360.339060814141,4.19732817043928e-15
361.003574648711,4.19759658066834e-15
361.669313936428,4.19773974111358e-15
362.336280937194,4.1978787050822e-15
363.004477915076,4.1980838815994e-15
363.67390713832,4.19838483624638e-15
364.344570879351,4.19874564872395e-15
365.016471414787,4.19909036582626e-15
365.689611025444,4.19937901686305e-15
366.363991996343,4.1996163548296e-15
367.03961661672,4.19984822682284e-15
367.716487180032,4.20011910859442e-15
368.394605983967,4.20037622273117e-15
369.073975330449,4.20054404801077e-15
369.754597525646,4.20067663488108e-15
370.43647487998,4.20088705040562e-15
371.119609708136,4.20116616155416e-15
371.804004329062,4.20153487017622e-15
372.489661065988,4.20233135458506e-15
373.176582246427,4.20387971089415e-15
373.864770202181,4.20588886124597e-15
374.554227269356,4.207584692461e-15
375.244955788363,4.20853952510777e-15
375.936958103933,4.20896305343993e-15
376.630236565118,4.20916525145265e-15
377.324793525302,4.20928225402514e-15
378.02063134221,4.20937237128106e-15
378.717752377914,4.2094633317768e-15
379.416158998844,4.20964655675936e-15
380.115853575791,4.21022013792442e-15
380.81683848392,4.21151538616352e-15
381.519116102777,4.21338511269142e-15
382.222688816293,4.21514525851717e-15
382.927559012798,4.21621843211557e-15
383.633729085027,4.21665755123057e-15
384.341201430124,4.216936478838e-15
385.049978449658,4.2174790171343e-15
385.760062549623,4.21850512818735e-15
386.471456140452,4.22000803687354e-15
387.184161637023,4.22177288582566e-15
387.898181458667,4.22344129122238e-15
388.613518029177,4.22467385643578e-15
389.330173776815,4.22550902058999e-15
390.048151134322,4.22637964737986e-15
390.767452538925,4.22755365891888e-15
391.488080432345,4.22879664989647e-15
392.210037260807,4.22981071445512e-15
392.933325475046,4.23063917602265e-15
393.657947530317,4.23144997315455e-15
394.383905886402,4.23230563971986e-15
395.111203007621,4.23307419149819e-15
395.839841362838,4.23368829278422e-15
396.569823425468,4.23448741319505e-15
397.301151673489,4.23560899638148e-15
398.03382858945,4.23667157317387e-15
398.767856660475,4.2374778804609e-15
399.503238378276,4.23815992942523e-15
400.239976239161,4.23888676023323e-15
400.978072744041,4.23994518390204e-15
401.717530398438,4.24162652448309e-15
402.458351712496,4.2437132588482e-15
403.200539200988,4.24549010445226e-15
403.944095383322,4.24649938772329e-15
404.689022783555,4.24695217170001e-15
405.435323930398,4.24726252844463e-15
406.183001357225,4.2475727855984e-15
406.932057602083,4.24784284171851e-15
407.682495207696,4.2480949427599e-15
408.434316721481,4.24853062620839e-15
409.187524695551,4.24933496181824e-15
409.942121686727,4.25035052946137e-15
410.698110256542,4.251203892472e-15
411.455492971256,4.25175376813008e-15
412.21427240186,4.25212597687654e-15
412.974451124087,4.25241458917016e-15
413.736031718418,4.25267215591648e-15
414.499016770095,4.25302819121249e-15
415.263408869128,4.25363092730847e-15
416.0292106103,4.25465695593831e-15
416.796424593183,4.256178937587e-15
417.565053422141,4.25779679811314e-15
418.335099706339,4.25895436723097e-15
419.106566059759,4.25960843482664e-15
419.879455101197,4.26009799163508e-15
420.653769454284,4.2605994609862e-15
421.429511747486,4.26100736489221e-15
422.206684614116,4.26123078919524e-15
422.985290692347,4.26136889439838e-15
423.765332625212,4.2615922556201e-15
424.546813060622,4.262023315687e-15
425.32973465137,4.26277061090572e-15
426.114100055139,4.2639266435175e-15
426.899911934518,4.26529329044431e-15
427.687172957,4.26636172241783e-15
428.475885795002,4.26696255369636e-15
429.266053125868,4.26745928564585e-15
430.057677631877,4.26816852878995e-15
430.85076200026,4.26905421656082e-15
431.645308923197,4.26990880717767e-15
432.441321097837,4.27068320420413e-15
433.238801226301,4.27146744200253e-15
434.037752015696,4.27217685484699e-15
434.838176178117,4.27264960959917e-15
435.640076430663,4.27293390275603e-15
436.443455495445,4.27317581848634e-15
437.24831609959,4.27348100922304e-15
438.054660975257,4.27386035258935e-15
438.862492859644,4.27417966978807e-15
439.671814494994,4.27441832705915e-15
440.482628628611,4.27469954232917e-15
441.29493801286,4.27506069452647e-15
442.108745405188,4.27556238328225e-15
442.924053568122,4.27632718821267e-15
443.740865269286,4.27725932675265e-15
444.559183281408,4.27804334962613e-15
445.379010382328,4.27853085215474e-15
446.200349355008,4.27881406888444e-15
447.023202987546,4.2789803320034e-15
447.847574073177,4.2791175396665e-15
448.67346541029,4.27938949648406e-15
449.500879802434,4.27992462230681e-15
450.329820058328,4.28075529195525e-15
451.16028899187,4.28179716188752e-15
451.992289422148,4.28293070583482e-15
452.825824173449,4.28453108777398e-15
453.660896075267,4.28715781912195e-15
454.497507962316,4.29017506093517e-15
455.335662674536,4.29233768778338e-15
456.175363057104,4.29346998591611e-15
457.016611960446,4.29415750442666e-15
457.859412240242,4.29474086757888e-15
458.70376675744,4.29529301838949e-15
459.549678378264,4.2960219129102e-15
460.397149974222,4.29701439199693e-15
461.246184422119,4.29792411776532e-15
462.096784604066,4.2985550214445e-15
462.948953407485,4.29910521124139e-15
463.802693725129,4.29975437597987e-15
464.658008455079,4.300627028521e-15
465.514900500765,4.30172258803079e-15
466.373372770971,4.30281878589953e-15
467.233428179843,4.30374008202503e-15
468.095069646903,4.30441289259619e-15
468.958300097055,4.30484506725306e-15
469.823122460599,4.30517519452661e-15
470.689539673238,4.30566138812635e-15
471.557554676089,4.30659278676457e-15
472.427170415693,4.30785528083701e-15
473.298389844023,4.30893170864878e-15
474.171215918499,4.30962326275755e-15
475.045651601992,4.31015714484014e-15
475.921699862839,4.31063312147273e-15
476.799363674851,4.31095912811346e-15
477.678646017319,4.31119428638392e-15
478.559549875035,4.31147793092668e-15
479.44207823829,4.31178703214209e-15
480.326234102892,4.31209044648026e-15
481.212020470173,4.31252778259206e-15
482.099440347,4.31329854054513e-15
482.988496745784,4.31440042084027e-15
483.879192684493,4.3154468251413e-15
484.771531186659,4.31602050538202e-15
485.665515281393,4.31617455877508e-15
486.561148003386,4.31622576575951e-15
487.458432392932,4.31638654300455e-15
488.357371495928,4.31674944988996e-15
489.257968363888,4.31720653038484e-15
490.160226053955,4.31752664413279e-15
491.064147628909,4.31769097717839e-15
491.969736157177,4.31790599389087e-15
492.876994712848,4.31828537877824e-15
493.785926375676,4.31871569982763e-15
494.696534231096,4.31907027865928e-15
495.608821370235,4.31938283940593e-15
496.522790889917,4.31981555613607e-15
497.43844589268,4.32045919768461e-15
498.355789486781,4.32112934038853e-15
499.274824786212,4.32157852726622e-15
500.195554910703,4.3218183251874e-15
501.117982985742,4.32200780097236e-15
502.042112142579,4.32218943300088e-15
502.967945518237,4.32232103833659e-15
503.895486255527,4.32241135898384e-15
504.824737503052,4.32256176654163e-15
505.755702415226,4.32296336857588e-15
506.688384152277,4.32364199834821e-15
507.62278588026,4.32439474893427e-15
508.558910771072,4.32514226440199e-15
509.496762002458,4.32584989416784e-15
510.436342758021,4.32634460026447e-15
511.37765622724,4.32660499701556e-15
512.320705605469,4.32679456276443e-15
513.26549409396,4.32697019616557e-15
514.212024899869,4.3270884857278e-15
515.160301236261,4.32716556176824e-15
516.110326322131,4.32724866361564e-15
517.062103382409,4.32734698820921e-15
518.015635647972,4.3274584165704e-15
518.970926355657,4.32762557032874e-15
519.927978748265,4.32804077561465e-15
520.886796074584,4.32904870160204e-15
521.847381589387,4.33069403946896e-15
522.809738553454,4.33236062919022e-15
523.773870233577,4.33341469727982e-15
524.739779902569,4.33388569387622e-15
525.707470839284,4.33418487727937e-15
526.676946328618,4.33463018196535e-15
527.648209661528,4.33515858034321e-15
528.621264135039,4.33550154323643e-15
529.596113052255,4.33571566424278e-15
530.572759722372,4.33606113154877e-15
531.55120746069,4.33655008739536e-15
532.53145958862,4.33705231502618e-15
533.513519433702,4.33752057189013e-15
534.497390329609,4.33788933672404e-15
535.483075616163,4.33817087309102e-15
536.470578639345,4.33859295394862e-15
537.459902751307,4.3393296185888e-15
538.451051310383,4.34032575160392e-15
539.444027681098,4.34136939093547e-15
540.438835234184,4.34217533049894e-15
541.435477346589,4.34259529812829e-15
542.433957401486,4.34274276699895e-15
543.434278788291,4.34282785251856e-15
544.436444902666,4.34308548883555e-15
545.440459146541,4.34371763907164e-15
546.446324928112,4.34461515432945e-15
547.454045661867,4.34542142233454e-15
548.463624768588,4.34593798053428e-15
549.475065675364,4.34623074565484e-15
550.488371815607,4.34644270821739e-15
551.503546629057,4.34663399415217e-15
552.520593561801,4.34683693057946e-15
553.53951606628,4.34709442279636e-15
554.5603176013,4.34734186814496e-15
555.583001632048,4.34750035338108e-15
556.607571630099,4.34760354018055e-15
557.634031073431,4.34773824287405e-15
558.662383446438,4.34810527744401e-15
559.692632239934,4.34887078057597e-15
560.724780951178,4.34978715377103e-15
561.758833083872,4.35050185591468e-15
562.794792148183,4.35106332312283e-15
563.83266166075,4.35172559486995e-15
564.872445144697,4.35253766895219e-15
565.914146129645,4.35324818914324e-15
566.957768151727,4.35377294189173e-15
568.003314753591,4.35448225017247e-15
569.050789484425,4.35555704015087e-15
570.100195899956,4.3566238205407e-15
571.151537562473,4.35737391406159e-15
572.204818040832,4.35792595648282e-15
573.260040910471,4.35851292522874e-15
574.317209753422,4.359423852419e-15
575.376328158321,4.36086662115921e-15
576.437399720424,4.36244244774123e-15
577.500428041617,4.36362068796287e-15
578.565416730426,4.36445198470521e-15
579.632369402036,4.36505209223557e-15
580.701289678293,4.36538710851088e-15
581.772181187727,4.36562716890507e-15
582.845047565559,4.3659185541762e-15
583.91989245371,4.36619579714996e-15
584.996719500823,4.36649462878798e-15
586.075532362264,4.36703795848968e-15
587.156334700143,4.36784373271256e-15
588.239130183325,4.36867619946123e-15
589.323922487435,4.36935814605729e-15
590.410715294884,4.3698576342212e-15
591.499512294868,4.37037553525586e-15
592.590317183388,4.37119171904062e-15
593.683133663263,4.37221639964982e-15
594.777965444137,4.37307622960146e-15
595.874816242498,4.37362003378675e-15
596.973689781686,4.37403247057272e-15
598.074589791908,4.37453590559118e-15
599.177520010251,4.37514549492931e-15
600.282484180691,4.37567752336102e-15
601.389486054111,4.37600577888669e-15
602.49852938831,4.37618165381056e-15
603.609617948017,4.37630285041893e-15
604.722755504904,4.37643629384651e-15
605.837945837597,4.37656960559856e-15
606.955192731694,4.37666595215124e-15
608.074499979769,4.37676862854869e-15
609.195871381393,4.3769446116056e-15
610.319310743146,4.37724998746668e-15
611.444821878623,4.37769196764465e-15
612.572408608455,4.37812248796821e-15
613.702074760317,4.37842346143328e-15
614.833824168946,4.37867979084382e-15
615.967660676146,4.37903705447113e-15
617.10358813081,4.3796737117627e-15
618.241610388927,4.38063698714002e-15
619.381731313596,4.38161553449368e-15
620.523954775041,4.38227269823153e-15
621.668284650626,4.38264535414678e-15
622.814724824861,4.3829541778704e-15
623.963279189421,4.38323170082752e-15
625.113951643159,4.38344089531675e-15
626.266746092116,4.38379774775019e-15
627.421666449539,4.38448861215741e-15
628.578716635889,4.3852161768314e-15
629.737900578858,4.38564750988237e-15
630.899222213382,4.3858932689442e-15
632.06268548165,4.38612371836147e-15
633.228294333127,4.38636544956966e-15
634.396052724555,4.38665453133238e-15
635.565964619977,4.38698638891931e-15
636.738033990744,4.3873060311278e-15
637.912264815533,4.38759648715131e-15
639.088661080355,4.38785121104771e-15
640.267226778575,4.38806566048317e-15
641.447965910919,4.38835307722959e-15
642.630882485495,4.38886849545895e-15
643.815980517799,4.38949737988817e-15
645.003264030734,4.38995880924675e-15
646.192737054619,4.39022408683085e-15
647.38440362721,4.39042760337642e-15
648.578267793706,4.3906069760662e-15
649.774333606765,4.39091595284548e-15
650.972605126523,4.39188359941866e-15
652.173086420599,4.39377771173448e-15
653.375781564114,4.39583496433427e-15
654.580694639708,4.39717962167679e-15
655.787829737544,4.39791644063259e-15
656.997190955332,4.39849739593498e-15
658.208782398337,4.39899496173069e-15
659.422608179395,4.39933257367373e-15
660.638672418929,4.39955641299622e-15
661.856979244955,4.39972465060743e-15
663.077532793108,4.39981939533775e-15
664.300337206644,4.39986104349447e-15
665.525396636463,4.39995453066423e-15
666.752715241122,4.4001798073011e-15
667.98229718684,4.40049970704394e-15
669.214146647527,4.40081316722142e-15
670.448267804783,4.40107717861311e-15
671.684664847925,4.40142161612202e-15
672.923341973994,4.40195521942416e-15
674.164303387769,4.40251479139205e-15
675.407553301786,4.40295365237455e-15
676.653095936346,4.40329044989861e-15
677.900935519537,4.40352526479815e-15
679.151076287242,4.40366335958366e-15
680.403522483155,4.40374351673577e-15
681.658278358797,4.40380657818589e-15
682.915348173528,4.40396892931186e-15
684.174736194565,4.40445031524093e-15
685.436446696993,4.40525145943728e-15
686.70048396378,4.40598944798198e-15
687.966852285794,4.40642034785862e-15
689.235555961815,4.40668276343934e-15
690.506599298551,4.40692311799687e-15
691.779986610653,4.40718375920988e-15
693.055722220726,4.40755850446382e-15
694.333810459349,4.4080743450106e-15
695.614255665087,4.4085282297472e-15
696.897062184504,4.40876056846795e-15
698.182234372182,4.40887099708897e-15
699.469776590732,4.40900967326757e-15
700.75969321081,4.4092631383519e-15
702.051988611134,4.4096586043927e-15
703.346667178494,4.41008575156337e-15
704.643733307774,4.41041754515471e-15
705.943191401958,4.41074451041481e-15
707.245045872152,4.41125475056291e-15
708.549301137598,4.41187874519652e-15
709.855961625685,4.41233647433649e-15
711.16503177197,4.41256603503648e-15
712.476516020184,4.41284066268313e-15
713.79041882226,4.41350120380724e-15
715.106744638337,4.41449562574951e-15
716.425497936778,4.41531494852438e-15
717.74668319419,4.41572369037114e-15
719.070304895432,4.41598698107677e-15
720.396367533635,4.41629366212618e-15
721.724875610217,4.4165864803852e-15
723.055833634896,4.41679594894123e-15
724.389246125707,4.41692747517877e-15
725.725117609015,4.41707158866974e-15
727.063452619535,4.41738093129913e-15
728.404255700344,4.41790697441697e-15
729.747531402896,4.41852059213043e-15
731.093284287039,4.41907887679953e-15
732.44151892103,4.41952862088106e-15
733.79223988155,4.41984421685463e-15
735.145451753722,4.42002935430628e-15
736.501159131122,4.42013411955384e-15
737.859366615798,4.42022961335396e-15
739.220078818286,4.42038343655837e-15
740.583300357622,4.42061583175027e-15
741.949035861363,4.42088291231337e-15
743.317289965598,4.42109453372611e-15
744.688067314967,4.42124353866162e-15
746.061372562673,4.42148175386786e-15
747.437210370501,4.42191604353271e-15
748.815585408836,4.42245891277634e-15
750.196502356671,4.42294699718102e-15
751.579965901631,4.42330849174393e-15
752.965980739985,4.42356605073541e-15
754.35455157666,4.42374705211353e-15
755.745683125265,4.42391331879463e-15
757.139380108095,4.42421959379131e-15
758.53564725616,4.42474184795265e-15
759.934489309188,4.42530819249595e-15
761.335911015653,4.42575054321208e-15
762.739917132785,4.42627865316303e-15
764.146512426583,4.42716444718463e-15
765.555701671841,4.42807293677866e-15
766.967489652152,4.42856432881221e-15
768.381881159937,4.42878712439049e-15
769.798880996451,4.42898581335186e-15
771.218493971803,4.42917744397366e-15
772.640724904975,4.42933823780659e-15
774.065578623834,4.42953423580279e-15
775.493059965149,4.42985139539499e-15
776.923173774613,4.43019027749936e-15
778.35592490685,4.43044615255502e-15
779.791318225439,4.43076708176939e-15
781.22935860293,4.43132769487242e-15
782.670050920855,4.43198520732194e-15
784.113400069751,4.43246133601971e-15
785.559410949172,4.43271143616626e-15
787.008088467708,4.43285042382237e-15
788.459437543002,4.43296756717545e-15
789.913463101763,4.43315662222694e-15
791.370170079791,4.43352238213989e-15
792.829563421981,4.43398641073792e-15
794.291648082353,4.43431795975567e-15
795.756429024062,4.43450364633695e-15
797.223911219412,4.43472171787384e-15
798.69409964988,4.43506337551726e-15
800.166999306129,4.43555506911611e-15
801.642615188024,4.43618073016255e-15
803.120952304654,4.43681523995066e-15
804.602015674339,4.43727465900814e-15
806.085810324661,4.43755425168303e-15
807.572341292468,4.43784766808605e-15
809.061613623899,4.43821305327427e-15
810.553632374399,4.43856715682867e-15
812.048402608733,4.43885012446936e-15
813.545929401012,4.43905263592824e-15
815.046217834697,4.43922930894892e-15
816.549273002628,4.43938762737597e-15
818.055100007039,4.43948768121516e-15
819.563703959567,4.43958273096504e-15
821.075089981282,4.4398430115914e-15
822.589263202691,4.44041347489982e-15
824.106228763769,4.44124013357401e-15
825.625991813967,4.44207536653991e-15
827.148557512231,4.4426492576929e-15
828.673931027024,4.44295272423808e-15
830.202117536335,4.44315050616675e-15
831.733122227709,4.44330030524467e-15
833.266950298252,4.44349146268127e-15
834.803606954656,4.44379126604212e-15
836.343097413216,4.44407790364937e-15
837.885426899844,4.44428188433336e-15
839.430600650091,4.44445059479199e-15
840.978623909165,4.44458495552142e-15
842.529501931941,4.44477017067038e-15
844.083239982992,4.4451099960643e-15
845.639843336593,4.44546183152266e-15
847.199317276749,4.44573099475417e-15
848.76166709721,4.44598477227615e-15
850.326898101487,4.44617713103157e-15
851.895015602871,4.44627022625449e-15
853.466024924451,4.44635224796077e-15
855.039931399136,4.44649873193247e-15
856.616740369666,4.446699782423e-15
858.196457188633,4.44694103414856e-15
859.779087218505,4.44724433655835e-15
861.364635831634,4.4475996226674e-15
862.953108410281,4.44794651907227e-15
864.544510346635,4.44820803698732e-15
866.138847042823,4.44837658739604e-15
867.736123910941,4.44851056823104e-15
869.336346373062,4.4486552324255e-15
870.939519861258,4.4487989405998e-15
872.545649817621,4.44889671047583e-15
874.154741694274,4.44903310623674e-15
875.7668009534,4.44931248528064e-15
877.381833067252,4.449613110323e-15
878.999843518174,4.44982173199917e-15
880.620837798624,4.45003632507755e-15
882.244821411183,4.45035197930467e-15
883.871799868584,4.45067553532298e-15
885.501778693725,4.45087158197887e-15
887.134763419689,4.45098363830051e-15
888.770759589763,4.45110136514864e-15
890.409772757454,4.45121932675776e-15
892.051808486515,4.45132253134385e-15
893.696872350956,4.45142306470247e-15
895.344969935066,4.45153756992235e-15
896.996106833436,4.45166143069025e-15
898.650288650968,4.45183176049993e-15
900.307521002906,4.45214416450293e-15
901.967809514847,4.45255716379705e-15
903.631159822761,4.45289384384428e-15
905.297577573014,4.45309829272805e-15
906.967068422383,4.45326808945301e-15
908.639638038076,4.45348889465031e-15
910.315292097756,4.45377848114608e-15
911.994036289552,4.45415836542748e-15
913.675876312085,4.45458124814054e-15
915.360817874484,4.45487251039121e-15
917.048866696407,4.45498257455065e-15
918.740028508061,4.45505181045889e-15
920.434309050216,4.45523805992078e-15
922.131714074235,4.45559175938052e-15
923.832249342082,4.45595213219729e-15
925.53592062635,4.45616038623461e-15
927.242733710276,4.45630676422678e-15
928.952694387761,4.45660348898789e-15
930.665808463395,4.45715515645978e-15
932.382081752466,4.45779449205126e-15
934.101520080992,4.45823411716294e-15
935.824129285733,4.45844430822328e-15
937.549915214211,4.45859595001817e-15
939.278883724735,4.45876704141488e-15
941.011040686413,4.4589368437036e-15
942.74639197918,4.4591061375028e-15
944.484943493815,4.45937400184416e-15
946.226701131957,4.45981259225226e-15
947.971670806132,4.46030150379424e-15
949.719858439765,4.46066623379298e-15
951.471269967209,4.46088154374597e-15
953.22591133376,4.46105140589656e-15
954.983788495675,4.4612290004821e-15
956.744907420198,4.46138564356848e-15
958.509274085577,4.46155775009724e-15
960.276894481084,4.46177981462326e-15
962.047774607036,4.46198173929166e-15
963.821920474815,4.46214884270894e-15
965.599338106891,4.46234664077506e-15
967.380033536838,4.4625817459646e-15
969.164012809356,4.46282824017808e-15
970.951281980296,4.46309240685244e-15
972.741847116673,4.46339619887341e-15
974.535714296692,4.46371645445775e-15
976.332889609768,4.46397386610881e-15
978.133379156543,4.46433144312699e-15
979.937189048913,4.46503101548347e-15
981.74432541004,4.46576724952914e-15
983.554794374384,4.46617685494082e-15
985.368602087714,4.46637804569666e-15
987.185754707133,4.46651575855235e-15
989.0062584011,4.46661294405759e-15
990.830119349448,4.46670332530066e-15
992.657343743405,4.46679416481009e-15
994.487937785623,4.46689737066822e-15
996.321907690183,4.4670798816266e-15
998.159259682634,4.46742445330078e-15
1000,4.46764569197531e-15
