Frequency [Hz],PSD [microns/s^2]^2/Hz
0.1,1.29430732925228e-20
0.100184413489081,1.29903376382316e-20
0.100369167061512,1.30377726846005e-20
0.100554261344451,1.30853790342748e-20
0.100739696966216,1.3133157291926e-20
0.100925474556281,1.31811080642581e-20
0.101111594745282,1.32292319600132e-20
0.101298058165018,1.32775295899782e-20
0.101484865448451,1.33260015669902e-20
0.101672017229714,1.33746485059431e-20
0.101859514144106,1.3423471023794e-20
0.1020473568281,1.34724697395684e-20
0.102235545919342,1.35216452743674e-20
0.102424082056653,1.35709982513729e-20
0.102612965880033,1.36205292958548e-20
0.102802198030662,1.36702390351762e-20
0.102991779150902,1.37201280988004e-20
0.103181709884301,1.37701971182965e-20
0.103371990875592,1.38204467273461e-20
0.103562622770698,1.38708775617492e-20
0.103753606216734,1.39214902594308e-20
0.103944941862005,1.39722854604467e-20
0.104136630356016,1.40232638069902e-20
0.104328672349467,1.40744259433983e-20
0.104521068494259,1.41257725161576e-20
0.104713819443494,1.41773041739114e-20
0.10490692585148,1.42290215674652e-20
0.10510038837373,1.42809253497936e-20
0.105294207666968,1.43330161760463e-20
0.105488384389127,1.43852947035548e-20
0.105682919199354,1.44377615918386e-20
0.105877812758012,1.44904175026112e-20
0.106073065726682,1.45432630997873e-20
0.106268678768164,1.45962990494885e-20
0.106464652546481,1.46495260200503e-20
0.10666098772688,1.4702944682028e-20
0.106857684975835,1.47565557082033e-20
0.10705474496105,1.4810359773591e-20
0.10725216835146,1.48643575554453e-20
0.107449955817232,1.49185497332663e-20
0.10764810802977,1.49729369888061e-20
0.107846625661718,1.50275200060764e-20
0.108045509386957,1.50822994713534e-20
0.108244759880613,1.51372760731859e-20
0.108444377819056,1.51924505024009e-20
0.108644363879904,1.52478234521103e-20
0.108844718742025,1.53033956177177e-20
0.109045443085538,1.53591676969246e-20
0.109246537591816,1.54151403897376e-20
0.109448002943489,1.54713143984741e-20
0.109649839824447,1.55276904277698e-20
0.109852048919839,1.55842691845847e-20
0.110054630916079,1.56410513782099e-20
0.110257586500846,1.56980377202745e-20
0.110460916363089,1.57552289247517e-20
0.110664621193025,1.58126257079662e-20
0.110868701682146,1.58702287885999e-20
0.111073158523217,1.59280388876998e-20
0.111277992410282,1.59860567286833e-20
0.111483204038665,1.60442830373461e-20
0.111688794104972,1.61027185418683e-20
0.111894763307094,1.61613639728213e-20
0.112101112344207,1.62202200631743e-20
0.11230784191678,1.62792875483015e-20
0.11251495272657,1.63385671659884e-20
0.112722445476631,1.63980596564388e-20
0.112930320871312,1.64577657622815e-20
0.113138579616261,1.65176862285772e-20
0.113347222418428,1.65778218028251e-20
0.113556249986067,1.66381732349698e-20
0.113765663028736,1.66987412774082e-20
0.113975462257303,1.67595266849962e-20
0.114185648383948,1.68205302150557e-20
0.114396222122163,1.6881752627381e-20
0.114607184186755,1.69431946842464e-20
0.114818535293851,1.70048571504124e-20
0.115030276160899,1.70667407931328e-20
0.115242407506667,1.71288463821618e-20
0.115454930051251,1.71911746897605e-20
0.115667844516074,1.72537264907041e-20
0.115881151623891,1.73165025622886e-20
0.116094852098788,1.73795036843381e-20
0.116308946666187,1.74427306392111e-20
0.116523436052848,1.75061842118082e-20
0.11673832098687,1.75698651895782e-20
0.116953602197696,1.7633774362526e-20
0.117169280416115,1.76979125232186e-20
0.117385356374262,1.7762280466793e-20
0.117601830805622,1.78268789909624e-20
0.117818704445033,1.78917088960236e-20
0.118035978028691,1.79567709848641e-20
0.118253652294144,1.80220660629688e-20
0.118471727980306,1.80875949384272e-20
0.118690205827449,1.81533584219404e-20
0.118909086577213,1.8219357326828e-20
0.119128370972604,1.82855924690356e-20
0.119348059758,1.8352064667141e-20
0.11956815367915,1.84187747423623e-20
0.11978865348318,1.84857235185642e-20
0.120009559918591,1.85529118222653e-20
0.120230873735268,1.86203404826453e-20
0.120452595684476,1.86880103315519e-20
0.120674726518866,1.87559222035082e-20
0.120897266992479,1.88240769357194e-20
0.121120217860743,1.88924753680802e-20
0.121343579880483,1.89611183431818e-20
0.121567353809916,1.90300067063191e-20
0.121791540408661,1.90991413054979e-20
0.122016140437734,1.91685229914419e-20
0.122241154659557,1.92381526175997e-20
0.122466583837958,1.93080310401524e-20
0.122692428738172,1.93781591180204e-20
0.122918690126846,1.94485377128708e-20
0.123145368772042,1.95191676891244e-20
0.123372465443236,1.95900499139629e-20
0.123599980911325,1.9661185257336e-20
0.123827915948627,1.97325745919693e-20
0.124056271328885,1.98042187933704e-20
0.124285047827266,1.98761187398366e-20
0.12451424622037,1.99482753124626e-20
0.124743867286228,2.00206893951469e-20
0.124973911804306,2.00933618745996e-20
0.125204380555505,2.01662936403494e-20
0.12543527432217,2.02394855847508e-20
0.125666593888086,2.03129386029914e-20
0.125898340038484,2.03866535930993e-20
0.126130513560044,2.04606314559501e-20
0.126363115240896,2.05348730952743e-20
0.126596145870623,2.06093794176645e-20
0.126829606240265,2.06841513325827e-20
0.127063497142321,2.07591897523676e-20
0.127297819370749,2.08344955922419e-20
0.127532573720975,2.09100697703193e-20
0.127767760989889,2.09859132076124e-20
0.128003381975851,2.10620268280392e-20
0.128239437478694,2.11384115584309e-20
0.128475928299727,2.12150683285393e-20
0.128712855241734,2.12919980710436e-20
0.128950219108981,2.13692017215582e-20
0.129188020707217,2.14466802186396e-20
0.129426260843678,2.15244345037942e-20
0.129664940327087,2.16024655214849e-20
0.129904059967659,2.16807742191393e-20
0.130143620577104,2.17593615471563e-20
0.130383622968626,2.18382284589136e-20
0.130624067956933,2.19173759107753e-20
0.130864956358232,2.1996804862099e-20
0.131106288990237,2.20765162752431e-20
0.131348066672168,2.21565111155742e-20
0.131590290224759,2.22367903514745e-20
0.131832960470254,2.23173549543491e-20
0.132076078232416,2.2398205898633e-20
0.132319644336526,2.24793441617993e-20
0.132563659609387,2.25607707243654e-20
0.132808124879326,2.26424865699013e-20
0.133053040976199,2.27244926850364e-20
0.133298408731392,2.28067900594673e-20
0.133544228977823,2.28893796859643e-20
0.133790502549947,2.29722625603799e-20
0.134037230283759,2.30554396816553e-20
0.134284413016793,2.3138912051828e-20
0.134532051588129,2.32226806760391e-20
0.134780146838395,2.33067465625408e-20
0.135028699609768,2.33911107227035e-20
0.135277710745979,2.34757741710236e-20
0.135527181092315,2.35607379251302e-20
0.13577711149562,2.3646003005793e-20
0.136027502804303,2.37315704369292e-20
0.136278355868334,2.38174412456113e-20
0.136529671539253,2.39036164620742e-20
0.13678145067017,2.39900971197222e-20
0.137033694115766,2.40768842551372e-20
0.137286402732302,2.41639789080853e-20
0.137539577377614,2.42513821215243e-20
0.137793218911124,2.43390949416111e-20
0.138047328193835,2.44271184177091e-20
0.13830190608834,2.45154536023955e-20
0.138556953458823,2.46041015514686e-20
0.138812471171061,2.4693063323955e-20
0.139068460092427,2.47823399821169e-20
0.139324921091895,2.48719325914599e-20
0.13958185504004,2.49618422207397e-20
0.139839262809044,2.50520699419698e-20
0.140097145272695,2.51426168304286e-20
0.140355503306395,2.52334839646668e-20
0.14061433778716,2.53246724265147e-20
0.140873649593621,2.54161833010892e-20
0.141133439606033,2.55080176768019e-20
0.14139370870627,2.56001766453654e-20
0.141654457777837,2.56926613018011e-20
0.141915687705864,2.57854727444465e-20
0.142177399377116,2.58786120749622e-20
0.142439593679992,2.59720803983396e-20
0.14270227150453,2.60658788229074e-20
0.142965433742409,2.61600084603399e-20
0.143229081286953,2.62544704256632e-20
0.143493215033133,2.63492658372632e-20
0.143757835877571,2.64443958168923e-20
0.14402294471854,2.6539861489677e-20
0.144288542455973,2.6635663984125e-20
0.14455462999146,2.67318044321322e-20
0.144821208228255,2.68282839689904e-20
0.145088278071278,2.69251037333938e-20
0.145355840427117,2.70222648674468e-20
0.145623896204032,2.71197685166708e-20
0.145892446311958,2.72176158300115e-20
0.146161491662507,2.73158079598464e-20
0.146431033168975,2.74143460619908e-20
0.146701071746339,2.75132312957067e-20
0.146971608311266,2.76124648237083e-20
0.147242643782111,2.77120478121699e-20
0.147514179078925,2.78119814307333e-20
0.147786215123454,2.79122668525138e-20
0.148058752839144,2.80129052541087e-20
0.148331793151145,2.8113897815603e-20
0.148605336986311,2.82152457205778e-20
0.148879385273208,2.83169501561161e-20
0.149153938942113,2.84190123128105e-20
0.149428998925018,2.85214333847706e-20
0.149704566155634,2.8624214569629e-20
0.149980641569396,2.87273570685493e-20
0.15025722610346,2.88308620862323e-20
0.150534320696714,2.89347308309236e-20
0.150811926289775,2.90389645144202e-20
0.151090043824996,2.91435643520774e-20
0.151368674246468,2.92485315628165e-20
0.151647818500022,2.93538673691302e-20
0.151927477533233,2.94595729970911e-20
0.152207652295425,2.95656496763577e-20
0.152488343737671,2.96720986401816e-20
0.1527695528128,2.97789211254139e-20
0.153051280475395,2.98861183725129e-20
0.153333527681803,2.99936916255502e-20
0.153616295390132,3.01016421322176e-20
0.153899584560258,3.02099711438343e-20
0.154183396153827,3.03186799153533e-20
0.154467731134258,3.04277697053684e-20
0.154752590466747,3.05372417761207e-20
0.15503797511827,3.06470973935055e-20
0.155323886057587,3.07573378270789e-20
0.155610324255242,3.08679643500649e-20
0.155897290683571,3.09789782393613e-20
0.156184786316703,3.10903807755472e-20
0.156472812130564,5.06306652058027e-19
0.156761369102877,5.0410627992959e-19
0.157050458213171,5.01915941000251e-19
0.15734008044278,4.9973559875179e-19
0.157630236774847,4.9756521681769e-19
0.15792092819433,4.9540475898256e-19
0.158212155688003,4.93254189181555e-19
0.158503920244457,4.91113471499779e-19
0.15879622285411,4.88982570171737e-19
0.159089064509205,4.86861449580734e-19
0.159382446203812,4.84750074258317e-19
0.15967636893384,4.82648408883704e-19
0.159970833697028,4.8055641828322e-19
0.160265841492961,4.78474067429728e-19
0.160561393323063,4.7640132144207e-19
0.160857490190608,4.74338145584508e-19
0.161154133100716,4.72284505266173e-19
0.161451323060366,4.70240366040507e-19
0.161749061078389,4.68205693604711e-19
0.162047348165479,4.66180453799202e-19
0.162346185334195,4.64164612607068e-19
0.16264557359896,4.62158136153518e-19
0.162945513976069,4.60160990705353e-19
0.163246007483694,4.58173142670426e-19
0.16354705514188,4.56194558597102e-19
0.163848657972556,4.54225205173738e-19
0.164150816999536,4.52265049228148e-19
0.16445353324852,4.50314057727079e-19
0.164756807747101,4.48372197775696e-19
0.165060641524766,4.4643943661705e-19
0.165365035612901,4.44515741631586e-19
0.165669991044795,4.42601080336614e-19
0.165975508855641,4.40695420385802e-19
0.166281590082542,4.38798729568686e-19
0.166588235764512,4.36910975810163e-19
0.166895446942484,4.35032127169989e-19
0.167203224659308,4.33162151842311e-19
0.167511569959758,4.31301018155154e-19
0.167820483890536,4.29448694569969e-19
0.168129967500271,4.27605149681139e-19
0.168440021839529,4.25770352215527e-19
0.168750647960812,4.23944271032006e-19
0.169061846918564,4.22126875121011e-19
0.169373619769171,4.20318133604098e-19
0.16968596757097,4.18518015733508e-19
0.169998891384249,4.16726490891741e-19
0.17031239227125,4.14943528591152e-19
0.170626471296175,4.13169098473547e-19
0.170941129525188,4.11403170309807e-19
0.17125636802642,4.09645713999519e-19
0.171572187869971,4.07896699570642e-19
0.171888590127914,4.06156097179172e-19
0.172205575874302,4.04423877108871e-19
0.172523146185163,4.02700009770991e-19
0.172841302138516,4.00984465704059e-19
0.173160044814363,3.99277215573699e-19
0.173479375294699,3.9757823017251e-19
0.173799294663516,3.95887480419999e-19
0.174119804006803,3.94204937362605e-19
0.174440904412553,3.92530572173792e-19
0.174762596970765,3.90864356154266e-19
0.175084882773448,3.8920626073232e-19
0.175407762914624,3.87556257464343e-19
0.175731238490334,3.85914318035516e-19
0.176055310598639,3.84280414260761e-19
0.176379980339626,3.82654518085986e-19
0.176705248815411,3.81036601589708e-19
0.177031117130141,3.79426636985138e-19
0.17735758639,3.77824596622859e-19
0.177684657703212,3.7623045299426e-19
0.178012332180044,3.7464417873591e-19
0.178340610932812,3.7306574663516e-19
0.178669495075881,3.71495129637338e-19
0.178998985725674,3.69932300854984e-19
0.179329084000671,3.68377233579791e-19
0.179659791021413,3.66829901298097e-19
0.179991107910512,3.65290277711099e-19
0.180323035792645,3.63758336761373e-19
0.180655575794567,3.6223405266791e-19
0.180988729045109,3.60717399972638e-19
0.181322496675185,3.59208353602588e-19
0.181656879817793,3.57706888953389e-19
0.18199187960802,3.56212982001773e-19
0.18232749718305,3.54726609457311e-19
0.182663733682159,3.53247748966301e-19
0.183000590246728,3.51776379382368e-19
0.183338068020241,3.50312481115861e-19
0.183676168148291,3.48856036558864e-19
0.184014891778584,3.47407030534602e-19
0.184354240060941,3.45965450593544e-19
0.184694214147307,3.44531286680985e-19
0.185034815191747,3.4310452907913e-19
0.185376044350456,3.41685162469214e-19
0.185717902781763,3.40273152979652e-19
0.186060391646131,3.38868427001759e-19
0.186403512106164,3.37470851805335e-19
0.186747265326609,3.36080248926721e-19
0.187091652474361,3.34696467546493e-19
0.187436674718468,3.33319472943221e-19
0.187782333230134,3.31949351602875e-19
0.188128629182722,3.30586228413922e-19
0.188475563751758,3.29230191143517e-19
0.188823138114938,3.27881271817894e-19
0.189171353452128,3.26539462386474e-19
0.189520210945371,3.25204734528618e-19
0.189869711778889,3.23877052581034e-19
0.190219857139088,3.22556379893368e-19
0.190570648214564,3.21242681319501e-19
0.1909220861961,3.19935923876815e-19
0.191274172276681,3.18636076668029e-19
0.191626907651487,3.17343110568772e-19
0.191980293517906,3.16056997885968e-19
0.19233433107553,3.1477771205827e-19
0.192689021526167,3.13505227414756e-19
0.19304436607384,3.12239518987964e-19
0.193400365924791,3.10980562371642e-19
0.193757022287488,3.09728333613267e-19
0.194114336372628,3.08482809132951e-19
0.19447230939314,3.07243965662093e-19
0.194830942564188,3.06011780196749e-19
0.19519023710318,3.04786229961962e-19
0.195550194229768,3.0356729238432e-19
0.195910815165852,3.02354945070653e-19
0.196272101135586,3.01149165791396e-19
0.196634053365383,2.99949932467466e-19
0.196996673083915,2.98757223159861e-19
0.197359961522123,2.97571016061319e-19
0.197723919913215,2.96391289489592e-19
0.198088549492675,2.95218021881979e-19
0.198453851498264,2.94051191790832e-19
0.198819827170028,2.92890777879842e-19
0.199186477750297,2.91736758920948e-19
0.199553804483694,2.90589113791728e-19
0.199921808617137,2.89447821473185e-19
0.200290491399841,2.88312861047864e-19
0.20065985408333,2.87184211698216e-19
0.20102989792143,2.8606185270517e-19
0.201400624170282,2.84945763446895e-19
0.201772034088346,2.83835923397688e-19
0.202144128936398,2.82732312126988e-19
0.202516909977542,2.81634909298489e-19
0.202890378477211,2.80543694669323e-19
0.203264535703171,2.79458648089333e-19
0.203639382925525,2.78379749500385e-19
0.204014921416721,2.77306978935737e-19
0.204391152451552,2.76240316519449e-19
0.204768077307161,2.75179742465827e-19
0.205145697263047,2.74125237078898e-19
0.20552401360107,2.73076780751914e-19
0.205903027605451,2.7203435396687e-19
0.206282740562781,2.70997937294054e-19
0.206663153762025,2.699675113916e-19
0.207044268494523,2.6894305700507e-19
0.207426086053996,2.67924554967035e-19
0.207808607736552,2.6691198619668e-19
0.20819183484069,2.65905331699407e-19
0.208575768667302,2.64904572566456e-19
0.208960410519679,2.63909689974536e-19
0.209345761703516,2.62920665185449e-19
0.209731823526917,2.61937479545735e-19
0.210118597300396,2.60960114486317e-19
0.210506084336886,2.59988551522146e-19
0.21089428595174,2.59022772251866e-19
0.211283203462736,2.5806275835746e-19
0.211672838190084,2.57108491603926e-19
0.212063191456427,2.56159953838936e-19
0.212454264586848,2.55217126992508e-19
0.212846058908874,2.54279993076678e-19
0.21323857575248,2.53348534185181e-19
0.213631816450092,2.52422732493121e-19
0.214025782336595,2.51502570256659e-19
0.214420474749335,2.50588029812694e-19
0.214815895028124,2.49679093578548e-19
0.215212044515246,2.48775744051658e-19
0.215608924555459,2.47877963809257e-19
0.216006536496002,2.46985735508077e-19
0.216404881686598,2.46099041884029e-19
0.216803961479458,2.45217865751911e-19
0.217203777229288,2.44342190005097e-19
0.217604330293292,2.43471997615238e-19
0.218005622031178,2.42607271631961e-19
0.218407653805158,2.4174799518257e-19
0.21881042697996,2.40894151471749e-19
0.219213942922827,2.40045723781269e-19
0.219618203003523,2.39202695469686e-19
0.220023208594339,2.3836504997206e-19
0.220428961070096,2.37532770799649e-19
0.220835461808151,2.36705841539629e-19
0.221242712188399,2.35884245854798e-19
0.221650713593284,2.35067967483294e-19
0.222059467407794,2.34256990238303e-19
0.222468975019475,2.33451298007772e-19
0.222879237818432,2.32650874754131e-19
0.22329025719733,2.31855704514001e-19
0.223702034551406,2.31065771397919e-19
0.224114571278467,2.3028105959005e-19
0.224527868778901,2.2950155334791e-19
0.224941928455675,2.28727237002088e-19
0.225356751714347,2.27958094955963e-19
0.225772339963063,2.27194111685431e-19
0.226188694612569,2.26435271738626e-19
0.226605817076211,2.25681559735647e-19
0.227023708769942,2.24932960368279e-19
0.227442371112325,2.24189458399727e-19
0.227861805524542,2.23451038664336e-19
0.228282013430393,2.22717686067324e-19
0.228702996256305,2.21989385584509e-19
0.229124755431334,2.21266122262042e-19
0.229547292387173,2.20547881216138e-19
0.229970608558156,2.19834647632803e-19
0.230394705381259,2.19126406767574e-19
0.23081958429611,2.1842314394525e-19
0.231245246744993,2.17724844559627e-19
0.23167169417285,2.17031494073231e-19
0.232098928027287,2.16343078017062e-19
0.232526949758582,2.15659581990323e-19
0.232955760819685,2.14980991660164e-19
0.233385362666228,2.1430729276142e-19
0.233815756756526,2.13638471096349e-19
0.234246944551582,2.12974512534375e-19
0.234678927515095,2.12315403011828e-19
0.235111707113463,2.11661128531691e-19
0.23554528481579,2.11011675163338e-19
0.235979662093884,2.10367029042278e-19
0.236414840422273,2.09727176369906e-19
0.236850821278201,2.09092103413244e-19
0.237287606141638,2.08461796504686e-19
0.23772519649528,2.07836242041752e-19
0.238163593824562,2.07215426486831e-19
0.238602799617655,2.06599336366927e-19
0.239042815365475,2.0598795827342e-19
0.239483642561688,2.05381278861802e-19
0.239925282702714,2.04779284851442e-19
0.240367737287734,2.04181963025328e-19
0.240811007818691,2.03589300229823e-19
0.241255095800301,2.03001283374419e-19
0.241700002740052,2.02417899431493e-19
0.242145730148214,2.01839135436058e-19
0.242592279537841,2.01264978485521e-19
0.243039652424778,2.00695415739441e-19
0.243487850327665,2.0013043441928e-19
0.243936874767943,1.9957002180817e-19
0.244386727269858,1.99014165250662e-19
0.244837409360467,1.98462852152493e-19
0.245288922569645,1.97916069980343e-19
0.245741268430085,1.97373806261593e-19
0.246194448477309,1.96836048584092e-19
0.24664846424967,1.96302784595912e-19
0.247103317288357,1.95774002005118e-19
0.247559009137404,1.95249688579528e-19
0.248015541343689,1.94729832146474e-19
0.248472915456944,1.94214420592572e-19
0.248931133029759,1.93703441863484e-19
0.249390195617588,1.93196883963687e-19
0.249850104778753,1.92694734956236e-19
0.250310862074448,1.92196982962533e-19
0.250772469068749,1.91703616162098e-19
0.251234927328613,1.91214622792331e-19
0.25169823842389,1.90729991148286e-19
0.252162403927323,1.90249709582441e-19
0.252627425414556,1.89773766504468e-19
0.253093304464139,1.89302150381e-19
0.253560042657531,1.88834849735411e-19
0.254027641579112,1.88371853147578e-19
0.254496102816178,1.87913149253664e-19
0.254965427958957,1.87458726745885e-19
0.255435618600606,1.87008574372286e-19
0.255906676337223,1.86562680936516e-19
0.256378602767848,1.86121035297603e-19
0.25685139949447,1.85683626369732e-19
0.257325068122031,1.85250443122016e-19
0.257799610258435,1.84821474578279e-19
0.25827502751455,1.84396709816829e-19
0.258751321504214,1.83976137970242e-19
0.259228493844244,1.83559748225135e-19
0.259706546154434,1.83147529821945e-19
0.26018548005757,1.82739472054716e-19
0.260665297179426,1.82335564270871e-19
0.261145999148778,1.81935795870999e-19
0.261627587597404,1.81540156308631e-19
0.262110064160091,1.81148635090029e-19
0.262593430474641,1.80761221773962e-19
0.263077688181877,1.80377905971492e-19
0.263562838925647,1.79998677345759e-19
0.264048884352831,1.79623525611762e-19
0.264535826113346,1.79252440536144e-19
0.265023665860151,1.78885411936983e-19
0.265512405249254,1.78522429683567e-19
0.266002045939717,1.78163483696191e-19
0.266492589593662,1.77808563945936e-19
0.266984037876274,1.77457660454459e-19
0.267476392455811,1.77110763293782e-19
0.267969655003607,1.76767862586077e-19
0.268463827194077,1.76428948503459e-19
0.268958910704726,1.76094011267771e-19
0.269454907216151,1.75763041150374e-19
0.269951818412049,1.75436028471939e-19
0.27044964597922,1.75112963602237e-19
0.270948391607578,1.74793836959929e-19
0.271448056990151,1.7447863901236e-19
0.271948643823089,1.74167360275345e-19
0.272450153805672,1.73859991312968e-19
0.272952588640311,1.73556522737373e-19
0.27345595003256,1.73256945208554e-19
0.273960239691115,1.72961249434153e-19
0.274465459327824,1.72669426169249e-19
0.274971610657693,1.7238146621616e-19
0.275478695398889,1.72097360424231e-19
0.275986715272749,1.71817099689632e-19
0.276495672003784,1.71540674955155e-19
0.277005567319684,1.71268077210009e-19
0.277516402951327,1.70999297489617e-19
0.278028180632782,1.70734326875411e-19
0.278540902101315,1.70473156494634e-19
0.279054569097398,1.70215777520134e-19
0.279569183364711,1.69962181170164e-19
0.280084746650149,1.69712358708179e-19
0.280601260703831,1.69466301442639e-19
0.2811187272791,1.69224000726804e-19
0.281637148132536,1.68985447958535e-19
0.282156525023955,1.68750634580097e-19
0.282676859716422,1.68519552077956e-19
0.28319815397625,1.68292191982581e-19
0.28372040957301,1.68068545868249e-19
0.284243628279539,1.6784860535284e-19
0.28476781187194,1.67632362097645e-19
0.285292962129593,1.67419807807165e-19
0.285819080835159,1.67210934228916e-19
0.286346169774586,1.67005733153231e-19
0.286874230737117,1.66804196413062e-19
0.287403265515294,1.66606315883789e-19
0.287933275904964,1.66412083483018e-19
0.288464263705286,1.6622149117039e-19
0.288996230718736,1.66034530947383e-19
0.289529178751118,1.65851194857119e-19
0.29006310961156,1.65671474984171e-19
0.290598025112532,1.65495363454364e-19
0.291133927069843,1.65322852434585e-19
0.291670817302651,1.65153934132591e-19
0.29220869763347,1.64988600796811e-19
0.292747569888174,1.64826844716158e-19
0.293287435896005,1.64668658219833e-19
0.293828297489577,1.64514033677134e-19
0.294370156504885,1.64362963497264e-19
0.294913014781309,1.64215440129142e-19
0.295456874161621,1.64071456061206e-19
0.296001736491993,1.63931003821228e-19
0.296547603621998,1.63794075976121e-19
0.297094477404624,1.63660665131745e-19
0.297642359696273,1.63530763932724e-19
0.298191252356772,1.6340436506225e-19
0.298741157249377,1.63281461241897e-19
0.299292076240782,1.63162045231429e-19
0.299844011201121,1.63046109828615e-19
0.300396964003978,1.62933647869036e-19
0.300950936526391,1.62824652225898e-19
0.301505930648861,1.62719115809846e-19
0.302061948255357,1.62617031568773e-19
0.302618991233321,1.62518392487635e-19
0.303177061473676,1.62423191588261e-19
0.303736160870833,1.62331421929166e-19
0.304296291322696,1.62243076605368e-19
0.304857454730669,1.62158148748196e-19
0.305419652999661,1.6207663152511e-19
0.305982888038097,1.61998518139506e-19
0.306547161757919,1.61923801830539e-19
0.307112476074596,1.61852475872932e-19
0.307678832907128,1.61784533576792e-19
0.308246234178056,1.61719968287426e-19
0.308814681813465,1.61658773385153e-19
0.309384177742992,1.61600942285124e-19
0.309954723899832,1.61546468437131e-19
0.310526322220748,1.61495345325431e-19
0.31109897464607,1.61447566468554e-19
0.31167268311971,1.61403125419123e-19
0.312247449589164,1.61362015763672e-19
0.312823276005518,1.61362836839921e-19
0.313400164323457,1.6139785624398e-19
0.313978116501272,1.6143575487056e-19
0.314557134500863,1.61476528284382e-19
0.315137220287749,1.61520172076029e-19
0.315718375831075,1.6156668186179e-19
0.316300603103615,1.61616053283511e-19
0.316883904081783,1.61668282008436e-19
0.317468280745636,1.61723363729059e-19
0.318053735078885,1.61781294162966e-19
0.318640269068897,1.61842069052685e-19
0.319227884706704,1.61905684165531e-19
0.319816583987011,1.61972135293454e-19
0.320406368908201,1.62041418252885e-19
0.320997241472343,1.62113528884584e-19
0.321589203685196,1.62188463053488e-19
0.32218225755622,1.62266216648553e-19
0.32277640509858,1.6234678558261e-19
0.323371648329152,1.62430165792203e-19
0.323967989268535,1.62516353237444e-19
0.324565429941051,1.62605343901857e-19
0.325163972374756,1.62697133792224e-19
0.325763618601447,1.62791718938437e-19
0.326364370656666,1.62889095393341e-19
0.326966230579712,1.62989259232586e-19
0.327569200413641,1.6309220655447e-19
0.328173282205278,1.63197933479793e-19
0.328778478005225,1.63306436151697e-19
0.329384789867862,1.63417710735523e-19
0.32999221985136,1.6353175341865e-19
0.330600770017684,1.6364856041035e-19
0.331210442432602,1.63768127941632e-19
0.331821239165693,1.63890452265093e-19
0.33243316229035,1.64015529654762e-19
0.333046213883793,1.64143356405955e-19
0.333660396027068,1.64273928835114e-19
0.334275710805063,1.64407243279666e-19
0.334892160306509,1.6454329609786e-19
0.335509746623989,1.64682083668627e-19
0.336128471853946,1.64823602391417e-19
0.336748338096686,1.64967848686058e-19
0.337369347456393,1.65114818992595e-19
0.337991502041127,1.65264509771147e-19
0.338614803962839,1.65416917501749e-19
0.339239255337372,1.65572038684205e-19
0.339864858284472,1.65729869837931e-19
0.340491614927795,1.65890407501813e-19
0.341119527394912,1.66053648234045e-19
0.341748597817317,1.66219588611988e-19
0.342378828330438,1.66388225232007e-19
0.343010221073637,1.66559554709331e-19
0.343642778190223,1.66733573677896e-19
0.344276501827459,1.66910278790195e-19
0.344911394136565,1.67089666717126e-19
0.345547457272731,1.67271734147841e-19
0.346184693395118,1.67456477789597e-19
0.346823104666873,1.67643894367603e-19
0.347462693255128,1.67833980624865e-19
0.348103461331015,1.68026733322046e-19
0.348745411069667,1.68222149237303e-19
0.349388544650231,1.68420225166142e-19
0.35003286425587,1.68620957921267e-19
0.350678372073775,1.68824344332427e-19
0.351325070295169,1.69030381246267e-19
0.351972961115316,1.69239065526173e-19
0.352622046733531,1.69450394052127e-19
0.353272329353181,1.69664363720552e-19
0.3539238111817,1.69880971444162e-19
0.354576494430588,1.70100214151811e-19
0.355230381315429,1.70322088788341e-19
0.355885474055889,1.70546592314436e-19
0.356541774875728,1.70773721706463e-19
0.357199286002808,1.71003473956327e-19
0.357858009669098,1.71235846071321e-19
0.358517948110685,1.71470835073968e-19
0.359179103567778,1.71708438001881e-19
0.359841478284717,1.71948651907599e-19
0.360505074509983,1.72191473858449e-19
0.361169894496201,1.72436900936387e-19
0.361835940500152,1.72684930237849e-19
0.362503214782778,1.72935558873601e-19
0.363171719609189,1.7318878396859e-19
0.363841457248676,1.73444602661789e-19
0.364512429974712,1.73703012106048e-19
0.365184640064963,1.73964009467945e-19
0.365858089801294,1.74227591927632e-19
0.366532781469782,1.74493756678689e-19
0.367208717360717,1.74762500927968e-19
0.367885899768611,1.75033821895443e-19
0.368564330992212,1.75307716814065e-19
0.369244013334503,1.75584182929605e-19
0.369924949102716,1.75863217500503e-19
0.370607140608338,1.76144817797723e-19
0.371290590167117,1.76428981104598e-19
0.371975300099074,1.76715704716679e-19
0.372661272728506,1.77004985941586e-19
0.373348510383999,1.77296822098859e-19
0.37403701539843,1.77591210519802e-19
0.374726790108981,1.77888148547339e-19
0.375417836857142,1.78187633535856e-19
0.376110157988723,1.78489662851058e-19
0.376803755853859,1.78794233869811e-19
0.377498632807017,1.79101343979999e-19
0.37819479120701,1.79410990580367e-19
0.378892233416998,1.79723171080373e-19
0.379590961804499,1.80037882900039e-19
0.380290978741399,1.80355123469798e-19
0.380992286603956,1.80674890230343e-19
0.381694887772813,1.80997180632479e-19
0.382398784632998,1.81321992136972e-19
0.383103979573944,1.81649322214398e-19
0.383810474989484,1.81979168344991e-19
0.384518273277871,1.82311528018494e-19
0.385227376841777,1.82646398734009e-19
0.385937788088306,1.82983777999848e-19
0.386649509429002,1.83323663333378e-19
0.387362543279855,1.83666052260874e-19
0.388076892061311,1.84010942317371e-19
0.388792558198278,1.84358331046508e-19
0.389509544120139,1.84708216000381e-19
0.390227852260755,1.85060594739394e-19
0.390947485058475,1.85415464832105e-19
0.391668444956146,1.8577282385508e-19
0.392390734401119,1.8613266939274e-19
0.393114355845259,1.86494999037212e-19
0.393839311744952,1.8685981038818e-19
0.394565604561114,1.87227101052731e-19
0.395293236759198,1.87596868645211e-19
0.396022210809208,1.87969110787068e-19
0.396752529185697,1.8834382510671e-19
0.397484194367785,1.88721009239348e-19
0.398217208839165,1.89100660826852e-19
0.398951575088106,1.89482777517595e-19
0.39968729560747,1.8986735696631e-19
0.400424372894714,1.90254396833936e-19
0.4011628094519,1.90643894787466e-19
0.401902607785705,1.91035848499808e-19
0.402643770407431,1.9143025564962e-19
0.403386299833007,1.91827113921177e-19
0.404130198583004,1.92226421004207e-19
0.404875469182641,1.92628174593752e-19
0.405622114161794,1.93032372390012e-19
0.406370136055004,1.93439012098202e-19
0.407119537401486,1.93848091428396e-19
0.407870320745139,1.94259608095384e-19
0.408622488634552,1.94673559818519e-19
0.409376043623012,1.95089944321568e-19
0.41013098826852,1.95508759332567e-19
0.410887325133788,1.95930002583671e-19
0.411645056786259,1.96353671811e-19
0.412404185798108,1.96779764754496e-19
0.413164714746255,1.97208279157773e-19
0.41392664621237,1.9763921276797e-19
0.414689982782887,1.98072563335598e-19
0.415454727049006,1.98508328614396e-19
0.41622088160671,1.98946506361183e-19
0.416988449056765,1.99387094335705e-19
0.417757432004735,1.99830090300495e-19
0.41852783306099,2.00275492020716e-19
0.419299654840714,2.0072329726402e-19
0.42007289996391,2.01173503800398e-19
0.420847571055418,2.01626109402031e-19
0.421623670744914,2.02081111843146e-19
0.422401201666926,2.02538508899864e-19
0.42318016646084,2.02998298350058e-19
0.42396056777091,2.03460477973202e-19
0.424742408246264,2.03925045550225e-19
0.425525690540918,2.04391998863364e-19
0.426310417313781,2.04861335696017e-19
0.427096591228665,2.05333053832601e-19
0.427884214954296,2.05807151058396e-19
0.428673291164321,2.06283625159407e-19
0.429463822537315,2.06762473922215e-19
0.430255811756797,2.0724369513383e-19
0.431049261511232,2.07727286581547e-19
0.431844174494043,2.08213246052796e-19
0.432640553403621,2.08701571335004e-19
0.433438400943332,2.09192260215443e-19
0.434237719821529,2.09685310481086e-19
0.435038512751558,2.10180719918463e-19
0.435840782451769,2.10678486313517e-19
0.436644531645527,2.11178607451457e-19
0.437449763061216,2.11681081116614e-19
0.438256479432254,2.12185905092297e-19
0.439064683497098,2.12693077160648e-19
0.439874377999258,2.13202595102499e-19
0.4406855656873,2.1371445669723e-19
0.441498249314861,2.14228659722617e-19
0.442312431640654,2.147452019547e-19
0.443128115428482,2.1526408116763e-19
0.443945303447243,2.15785295133534e-19
0.444763998470941,2.16308841622365e-19
0.445584203278698,2.16834718401761e-19
0.446405920654758,2.1736292323691e-19
0.447229153388502,2.17893453890394e-19
0.448053904274454,2.18426308122062e-19
0.44888017611229,2.18961483688872e-19
0.449707971706852,2.19498978344766e-19
0.450537293868152,2.20038789840518e-19
0.451368145411386,2.20580915923595e-19
0.452200529156939,2.21125354338018e-19
0.453034447930401,2.2167210282422e-19
0.453869904562568,2.22221159118906e-19
0.454706901889461,2.22772520954911e-19
0.455545442752328,2.23326186061065e-19
0.456385529997657,2.23882152162047e-19
0.457227166477187,2.24440416978253e-19
0.458070355047914,2.25000978225649e-19
0.458915098572104,2.2556383361564e-19
0.4597613999173,2.26128980854924e-19
0.460609261956336,2.2669641764536e-19
0.46145868756734,2.27266141683827e-19
0.46230967963375,2.27838150662086e-19
0.463162241044322,2.28412442266646e-19
0.464016374693138,2.28989014178624e-19
0.464872083479617,2.29567864073607e-19
0.465729370308526,2.30148989621518e-19
0.466588238089987,2.30732388486483e-19
0.467448689739491,2.31318058326688e-19
0.468310728177903,2.3190599679425e-19
0.469174356331477,2.32546728742704e-19
0.470039577131861,2.33243302732773e-19
0.470906393516112,2.33941417162578e-19
0.471774808426701,2.3464107285191e-19
0.472644824811526,2.35342270602296e-19
0.473516445623922,2.3604501119691e-19
0.47438967382267,2.36749295400485e-19
0.475264512372006,2.37455123959232e-19
0.476140964241636,2.38162497600742e-19
0.477019032406738,2.3887141703391e-19
0.47789871984798,2.39581882948842e-19
0.478780029551525,2.4029389601677e-19
0.479662964509045,2.41007456889967e-19
0.480547527717725,2.41722566201658e-19
0.481433722180282,2.42439224565939e-19
0.482321550904968,2.43157432577685e-19
0.483211016905581,2.4387719081247e-19
0.484102123201481,2.4459849982648e-19
0.484994872817592,2.45321360156425e-19
0.48588926878442,2.4604577231946e-19
0.486785314138055,2.46771736813096e-19
0.487683011920192,2.47499254115119e-19
0.488582365178129,2.48228324683502e-19
0.489483376964789,2.48958948956325e-19
0.490386050338722,2.49691127351691e-19
0.491290388364118,2.50424860267641e-19
0.49219639411082,2.51160148082072e-19
0.493104070654331,2.51896991152654e-19
0.494013421075825,2.52635389816751e-19
0.49492444846216,2.53375344391335e-19
0.495837155905884,2.54116855172904e-19
0.496751546505251,2.54859922437405e-19
0.497667623364225,2.55604546440147e-19
0.498585389592498,2.56350727415729e-19
0.499504848305494,2.5709846557795e-19
0.500426002624383,2.57847761119732e-19
0.501348855676091,2.58598614213046e-19
0.502273410593312,2.59351025008825e-19
0.503199670514513,2.60104993636888e-19
0.504127638583953,2.60860520205864e-19
0.505057317951688,2.61617604803109e-19
0.505988711773582,2.62376247494631e-19
0.50692182321132,2.63136448325015e-19
0.507856655432417,2.63898207317337e-19
0.508793211610231,2.64661524473097e-19
0.509731494923969,2.65426399772141e-19
0.510671508558703,2.66192833172579e-19
0.511613255705379,2.66960824610715e-19
0.512556739560826,2.6773037400097e-19
0.513501963327771,2.68501481235811e-19
0.514448930214843,2.69274146185671e-19
0.515397643436592,2.7004836869888e-19
0.516348106213495,2.70824148601587e-19
0.517300321771968,2.71601485697694e-19
0.518254293344375,2.72380379768777e-19
0.519210024169044,2.73160830574019e-19
0.520167517490272,2.73942837850134e-19
0.521126776558343,2.74726401311301e-19
0.52208780462953,2.75511520649091e-19
0.523050604966113,2.76298195532398e-19
0.524015180836391,2.77086425607365e-19
0.524981535514686,2.77876210497326e-19
0.52594967228136,2.78667549802724e-19
0.526919594422824,2.79460443101054e-19
0.527891305231551,2.80254889946792e-19
0.528864808006084,2.81050889871326e-19
0.52984010605105,2.8184844238289e-19
0.53081720267717,2.82647546966505e-19
0.531796101201269,2.83448203083906e-19
0.532776804946291,2.84250410173481e-19
0.533759317241307,2.85054167650206e-19
0.534743641421527,2.85859474905583e-19
0.535729780828312,2.86666331307577e-19
0.536717738809184,2.87474736200548e-19
0.537707518717839,2.88284688905204e-19
0.538699123914157,2.89096188718523e-19
0.539692557764217,2.89909234913702e-19
0.5406878236403,2.90723826740099e-19
0.541684924920912,2.91539963423167e-19
0.542683864990785,2.92357644164401e-19
0.543684647240894,2.93176868141276e-19
0.544687275068469,2.93997634507193e-19
0.545691751877003,2.94819942391425e-19
0.546698081076267,2.95643790899053e-19
0.547706266082319,2.96469179110919e-19
0.548716310317517,2.97296106083566e-19
0.549728217210531,2.98124570849188e-19
0.550741990196352,2.98954572415575e-19
0.551757632716307,2.9978610976606e-19
0.552775148218071,3.0061918185947e-19
0.553794540155672,3.01453787630071e-19
0.554815811989514,3.02289925987522e-19
0.555838967186377,3.03127595816822e-19
0.556864009219438,3.03966795978265e-19
0.557890941568276,3.04807525307389e-19
0.558919767718889,3.05649782614927e-19
0.559950491163703,3.06493566686765e-19
0.560983115401585,3.07338876283896e-19
0.562017643937852,3.0818571014237e-19
0.563054080284289,3.09034066973253e-19
0.564092427959155,3.09883945462585e-19
0.565132690487196,3.10735344271336e-19
0.566174871399661,3.11588262035364e-19
0.56721897423431,3.12442697365374e-19
0.568265002535425,3.13298648846876e-19
0.569312959853827,3.14156115040149e-19
0.570362849746884,3.15015094480203e-19
0.571414675778525,3.15875585676734e-19
0.572468441519249,3.16737587114097e-19
0.573524150546143,3.17601097251262e-19
0.574581806442887,3.18466114521783e-19
0.575641412799774,3.19332637333764e-19
0.576702973213713,3.20200664069821e-19
0.577766491288251,3.21070193087056e-19
0.578831970633577,3.21941222717018e-19
0.579899414866539,3.2281375126568e-19
0.580968827610655,3.23687777013402e-19
0.582040212496125,3.24563298214906e-19
0.583113573159844,3.25440313099247e-19
0.584188913245413,3.26318819869785e-19
0.585266236403154,3.27198816704161e-19
0.586345546290118,3.28080301754267e-19
0.587426846570103,3.28963273146226e-19
0.588510140913662,3.29847728980368e-19
0.589595432998117,3.30733667331205e-19
0.590682726507571,3.31621086247412e-19
0.591772025132923,3.32509983751803e-19
0.592863332571876,3.33400357841316e-19
0.593956652528954,3.34292206486991e-19
0.595051988715512,3.35185527633952e-19
0.596149344849748,3.36080319201392e-19
0.59724872465672,3.36976579082556e-19
0.598350131868351,3.37874305144727e-19
0.599453570223451,3.38773495229214e-19
0.600559043467721,3.39674147151334e-19
0.601666555353771,3.40576258700406e-19
0.602776109641133,3.41479827639736e-19
0.603887710096269,3.4238485170661e-19
0.60500136049259,3.43291328612284e-19
0.606117064610462,3.44199256041977e-19
0.607234826237226,3.45108631654866e-19
0.608354649167205,3.46019453084075e-19
0.609476537201721,3.4693171793668e-19
0.610600494149105,3.47845423793693e-19
0.611726523824712,3.48760568210071e-19
0.612854630050931,3.49677148714709e-19
0.613984816657203,3.50595162810443e-19
0.615117087480029,3.51514607974045e-19
0.616251446362984,3.52435481656234e-19
0.617387897156735,3.53357781281671e-19
0.618526443719046,3.54281504248965e-19
0.619667089914797,3.55206647930683e-19
0.620809839615996,3.56133209673354e-19
0.62195469670179,3.57061186797471e-19
0.623101665058482,3.57990576597508e-19
0.624250748579538,3.58921376341923e-19
0.625401951165608,3.5985375243607e-19
0.626555276724534,3.6078785781394e-19
0.627710729171363,3.61723361050728e-19
0.628868312428364,3.62660259329285e-19
0.630028030425038,3.63598549806453e-19
0.631189887098134,3.64538229613083e-19
0.632353886391658,3.65479295854047e-19
0.633520032256893,3.66421745608272e-19
0.634688328652405,3.67365575928742e-19
0.635858779544063,3.68310783842531e-19
0.637031388905049,3.69257366350829e-19
0.63820616071587,3.70205320428949e-19
0.639383098964377,3.71154643026373e-19
0.640562207645771,3.72105331066766e-19
0.641743490762625,3.73057381448004e-19
0.642926952324891,3.74010791042208e-19
0.644112596349916,3.74965556695769e-19
0.645300426862456,3.75921675229383e-19
0.646490447894688,3.7687914343808e-19
0.647682663486226,3.7783795809126e-19
0.648877077684134,3.78798115932728e-19
0.650073694542939,3.79759613680727e-19
0.651272518124643,3.8072244802798e-19
0.652473552498743,3.81686615641725e-19
0.653676801742237,3.82652113163757e-19
0.654882269939644,3.83618937210466e-19
0.656089961183013,3.84587084372884e-19
0.657299879571941,3.85556551216725e-19
0.658512029213585,3.86527334282429e-19
0.659726414222676,3.87499430085213e-19
0.660943038721534,3.88472835115113e-19
0.662161906840078,3.89447545837034e-19
0.663383022715848,3.90423558690807e-19
0.664606390494009,3.91400870091227e-19
0.665832014327375,3.92379476428116e-19
0.667059898376415,3.93359374066372e-19
0.668290046809272,3.94340559346025e-19
0.669522463801774,3.95323028582297e-19
0.670757153537452,3.96306778065653e-19
0.671994120207551,3.97291804061864e-19
0.673233368011046,3.98278102812066e-19
0.674474901154653,3.99265670532823e-19
0.675718723852848,4.00254503416189e-19
0.676964840327879,4.01244597629771e-19
0.67821325480978,4.02235949316795e-19
0.679463971536385,4.03228554596176e-19
0.680716994753344,4.0422240956258e-19
0.681972328714136,4.05217510286498e-19
0.683229977680085,4.06213852814314e-19
0.684489945920373,4.07211433168381e-19
0.685752237712054,4.08210247347089e-19
0.68701685734007,4.09210291324945e-19
0.688283809097266,4.10211561052645e-19
0.689553097284402,4.11214052457152e-19
0.690824726210171,4.12217761441777e-19
0.692098700191209,4.13222683886254e-19
0.693375023552117,4.14228815646831e-19
0.694653700625466,4.15236152556341e-19
0.69593473575182,4.16244690424294e-19
0.697218133279747,4.17254425036956e-19
0.698503897565834,4.18265352157445e-19
0.699792032974702,4.19277467525812e-19
0.701082543879022,4.20290766859127e-19
0.702375434659528,4.21305245851582e-19
0.703670709705032,4.22320900174568e-19
0.70496837341244,4.23337725476784e-19
0.706268430186768,4.24355717384317e-19
0.707570884441153,4.25374871500747e-19
0.708875740596873,4.26395183407244e-19
0.710183003083357,4.27416648662663e-19
0.711492676338204,4.28439262803648e-19
0.712804764807195,4.29463021344731e-19
0.714119272944312,4.30487919778434e-19
0.715436205211749,4.31513953575378e-19
0.716755566079929,4.32541118184381e-19
0.71807736002752,4.33569409032573e-19
0.719401591541448,4.34598821525498e-19
0.720728265116914,4.35629351047228e-19
0.722057385257409,4.36660992960471e-19
0.72338895647473,4.37693742606686e-19
0.724722983288992,4.38727595306188e-19
0.726059470228648,4.39762546358279e-19
0.7273984218305,4.40798591041351e-19
0.728739842639718,4.41835724613006e-19
0.730083737209854,4.4287394231018e-19
0.731430110102856,4.4391323934926e-19
0.732778965889086,4.44953610926204e-19
0.734130309147334,4.45995052216669e-19
0.735484144464834,4.47037558376126e-19
0.73684047643728,4.48081124540002e-19
0.738199309668839,4.4912574582379e-19
0.739560648772172,4.50171417323187e-19
0.740924498368443,4.51218134114222e-19
0.742290863087341,4.52265891253385e-19
0.74365974756709,4.53314683777765e-19
0.74503115645447,4.54364506705173e-19
0.746405094404828,4.5541535503429e-19
0.747781566082099,4.56467223744795e-19
0.749160576158816,4.57520107797505e-19
0.750542129316131,4.58574002134515e-19
0.751926230243826,4.59628901679336e-19
0.753312883640334,4.6068480133704e-19
0.754702094212752,4.61741695994403e-19
0.756093866676858,4.62799580520043e-19
0.757488205757124,4.63858449764575e-19
0.758885116186739,4.6491829856075e-19
0.760284602707615,4.65979121723609e-19
0.761686670070415,4.67040914050629e-19
0.763091323034557,4.68103670321879e-19
0.76449856636824,4.69167385300163e-19
0.765908404848454,4.70232053731182e-19
0.767320843261,4.71297670343686e-19
0.768735886400504,4.72364229849629e-19
0.770153539070433,4.73431726944329e-19
0.771573806083114,4.74500156306623e-19
0.772996692259748,4.75569512599028e-19
0.774422202430425,4.76639790467909e-19
0.775850341434146,4.7771098454363e-19
0.777281114118831,4.78783089440724e-19
0.778714525341346,4.79856099758061e-19
0.780150579967509,4.80930010079008e-19
0.781589282872113,4.82004149731094e-19
0.783030638938941,4.83076933116547e-19
0.784474653060782,4.84150624517759e-19
0.785921330139448,4.85225218328855e-19
0.787370675085791,4.86300708929787e-19
0.788822692819718,4.87377090686489e-19
0.790277388270209,4.88454357951072e-19
0.791734766375337,4.89532505061976e-19
0.793194832082278,4.90611526344166e-19
0.794657590347331,4.91691416109296e-19
0.796123046135938,4.92772168655897e-19
0.797591204422696,4.93853778269548e-19
0.799062070191376,4.94936239223068e-19
0.800535648434939,4.96019545776688e-19
0.802011944155555,4.97103692178239e-19
0.80349096236462,4.98188672663338e-19
0.804972708082767,4.99274481455574e-19
0.806457186339893,5.0036111276669e-19
0.807944402175167,5.01448560796779e-19
0.809434360637053,5.02536819734466e-19
0.810927066783325,5.03625883757106e-19
0.812422525681083,5.04715747030969e-19
0.813920742406772,5.05806403711437e-19
0.815421722046199,5.06897847943199e-19
0.816925469694549,5.0799007386044e-19
0.818431990456405,5.09083075587048e-19
0.819941289445761,5.10176847236804e-19
0.821453371786044,5.11271382913577e-19
0.822968242610128,5.12366676711536e-19
0.824485907060355,5.1346272271534e-19
0.826006370288547,5.14559515000348e-19
0.827529637456027,5.15657047632814e-19
0.82905571373364,5.167553146701e-19
0.830584604301762,5.17854310160872e-19
0.832116314350325,5.18954028145318e-19
0.833650849078831,5.20054462655345e-19
0.835188213696371,5.21155607714792e-19
0.836728413421643,5.22257457339641e-19
0.838271453482966,5.23360005538225e-19
0.839817339118304,5.2446324631144e-19
0.84136607557528,5.25567173652966e-19
0.842917668111193,5.26671781549465e-19
0.844472121993037,5.27777063980807e-19
0.846029442497522,5.28883014920287e-19
0.847589634911085,5.29989628334839e-19
0.849152704529913,5.3109689818525e-19
0.850718656659963,5.32204818426386e-19
0.852287496616973,5.33313383007409e-19
0.853859229726486,5.34422585871996e-19
0.855433861323866,5.35532420958564e-19
0.857011396754314,5.36642882200489e-19
0.858591841372891,5.3775396352634e-19
0.860175200544532,5.38865658860089e-19
0.861761479644066,5.39977962121354e-19
0.863350684056234,5.41090867225607e-19
0.864942819175707,5.42204368084414e-19
0.866537890407105,5.43318458605664e-19
0.868135903165014,5.44433132693792e-19
0.869736862874006,5.45548384250018e-19
0.871340774968656,5.46664207172568e-19
0.872947644893562,5.47780595356915e-19
0.874557478103361,5.48897542696008e-19
0.876170280062751,5.50015043080509e-19
0.877786056246506,5.51133090399025e-19
0.879404812139497,5.52251678538346e-19
0.88102655323671,5.53370801383681e-19
0.882651285043265,5.54490452818895e-19
0.884279013074432,5.55610626726749e-19
0.885909742855654,5.56731316989132e-19
0.887543479922563,5.57852517487323e-19
0.889180229821,5.58974222102202e-19
0.890819998107032,5.6009642471451e-19
0.892462790346973,5.61219119205089e-19
0.894108612117402,5.62342299455128e-19
0.895757469005182,5.6346595934639e-19
0.897409366607478,5.64590092761489e-19
0.899064310531779,5.65714693584102e-19
0.900722306395914,5.6683975569924e-19
0.90238335982807,5.67965272993478e-19
0.904047476466815,5.69091239355216e-19
0.905714661961117,5.70217648674922e-19
0.907384921970358,5.71344494845376e-19
0.909058262164359,5.72471771761938e-19
0.910734688223396,5.73599473322772e-19
0.912414205838221,5.74727593429125e-19
0.914096820710078,5.75856125985563e-19
0.915782538550729,5.76985064900225e-19
0.917471365082465,5.78114404085084e-19
0.919163306038133,5.79244137456191e-19
0.920858367161151,5.80374258933943e-19
0.922556554205528,5.81504762443327e-19
0.924257872935884,5.82635641914182e-19
0.925962329127472,5.83766891281456e-19
0.927669928566192,5.84898504485461e-19
0.929380677048616,5.86030475472135e-19
0.931094580382007,5.87162798193294e-19
0.932811644384334,5.88295466606904e-19
0.934531874884298,5.89428474677321e-19
0.936255277721346,5.90561816375578e-19
0.937981858745698,5.91695223203793e-19
0.939711623818358,5.92828249735862e-19
0.941444578811142,5.93961600532079e-19
0.943180729606692,5.95095269542463e-19
0.9449200820985,5.96229250725202e-19
0.946662642190925,5.97363538046922e-19
0.948408415799216,5.98498125482958e-19
0.95015740884953,5.99633007017604e-19
0.951909627278952,6.00768176644395e-19
0.953665077035516,6.0190362836636e-19
0.955423764078224,6.03039356196293e-19
0.95718569437707,6.04175354157018e-19
0.958950873913056,6.05311616281661e-19
0.960719308678213,6.06448136613907e-19
0.962491004675621,6.07584909208279e-19
0.964265967919435,6.08721928130398e-19
0.966044204434896,6.09859187457262e-19
0.96782572025836,6.109966812775e-19
0.969610521437312,6.12134403691662e-19
0.971398614030392,6.13272348812463e-19
0.973190004107411,6.14410510765086e-19
0.974984697749373,6.15548883687417e-19
0.976782701048499,6.16687461730349e-19
0.978584020108243,6.17826239058035e-19
0.980388661043314,6.18965209848159e-19
0.982196629979699,6.20104368292225e-19
0.984007933054681,6.2124370859581e-19
0.985822576416862,6.22383224978849e-19
0.987640566226181,6.23522911675906e-19
0.989461908653939,6.24662762936449e-19
0.991286609882815,6.25802773025127e-19
0.993114676106894,6.26942936222028e-19
0.994946113531679,6.2808324682298e-19
0.996780928374119,6.29223699139805e-19
0.998619126862628,6.30364287500608e-19
1.00046071523711,6.84687031150527e-19
1.00230569974896,6.86316439768913e-19
1.00415408666113,6.87950242453194e-19
1.00600588224809,6.89588469175712e-19
1.0078610927959,6.91231150209014e-19
1.00971972460222,6.92878316128298e-19
1.0115817839763,6.94529997813885e-19
1.01344727723904,6.96186226453694e-19
1.01531621072299,6.9784703354575e-19
1.01718859077239,6.99512450900684e-19
1.01906442374317,7.01182510644288e-19
1.02094371600297,7.02857245220054e-19
1.02282647393121,7.04536687391743e-19
1.02471270391903,7.06220870245974e-19
1.02660241236938,7.07909827194826e-19
1.02849560569703,7.09603591978469e-19
1.03039229032854,7.11302198667798e-19
1.03229247270235,7.13005681667085e-19
1.03419615926878,7.1471407571667e-19
1.03610335649004,7.16427415895655e-19
1.03801407084022,7.18145737624607e-19
1.03992830880541,7.19869076668305e-19
1.04184607688362,7.21597469138483e-19
1.04376738158486,7.23330951496611e-19
1.04569222943113,7.2506956055668e-19
1.04762062695647,7.26813333488008e-19
1.04955258070698,7.28562307818083e-19
1.0514880972408,7.30316521435397e-19
1.05342718312819,7.32076012592329e-19
1.05536984495153,7.3384081990803e-19
1.05731608930531,7.35610982371331e-19
1.05926592279621,7.37386539343668e-19
1.06121935204309,7.39167530562045e-19
1.063176383677,7.40953996141997e-19
1.06513702434122,7.42745976580587e-19
1.0671012806913,7.4454351275941e-19
1.06906915939505,7.46346645947638e-19
1.07104066713258,7.48155417805063e-19
1.07301581059632,7.4996987038519e-19
1.07499459649103,7.51790046138323e-19
1.07697703153385,7.53615987914687e-19
1.07896312245431,7.55447738967574e-19
1.08095287599432,7.57285342956502e-19
1.08294629890827,7.59128843950409e-19
1.08494339796296,7.60978286430857e-19
1.08694417993769,7.62833715295261e-19
1.08894865162428,7.64695175860151e-19
1.09095681982704,7.66562713864443e-19
1.09296869136285,7.68436375472744e-19
1.09498427306116,7.70316406340636e-19
1.097003571764,7.72202782482983e-19
1.09902659432603,7.740954201721e-19
1.10105334761456,7.75994367328406e-19
1.10308383850954,7.77899672314767e-19
1.10511807390362,7.79811383939961e-19
1.10715606070218,7.81729551462127e-19
1.10919780582329,7.83654224592275e-19
1.11124331619782,7.85585453497798e-19
1.1132925987694,7.87523288806012e-19
1.11534566049447,7.89467781607726e-19
1.1174025083423,7.91418983460832e-19
1.11946314929502,7.93376946393934e-19
1.12152759034761,7.95341722909992e-19
1.12359583850797,7.97313365989974e-19
1.12566790079694,7.9929192909658e-19
1.12774378424826,8.0127746617795e-19
1.12982349590869,8.03270031671422e-19
1.13190704283795,8.05269680507304e-19
1.1339944321088,8.07276468112682e-19
1.13608567080704,8.09290450415257e-19
1.13818076603152,8.11311683847192e-19
1.14027972489421,8.13340225349009e-19
1.14238255452017,8.15376132373511e-19
1.14448926204762,8.17419462889704e-19
1.14659985462792,8.19470275386796e-19
1.14871433942564,8.21528628878172e-19
1.15083272361854,8.23594582905449e-19
1.15295501439766,8.25668197542517e-19
1.15508121896724,8.27749533399631e-19
1.15721134454486,8.29838651627539e-19
1.15934539836138,8.31935613921612e-19
1.161483387661,8.34040482526041e-19
1.16362531970128,8.36153320238032e-19
1.16577120175317,8.3827419041205e-19
1.16792104110103,8.40403156964091e-19
1.17007484504263,8.42540284375978e-19
1.17223262088923,8.446856376997e-19
1.17439437596556,8.46839282561766e-19
1.17656011760985,8.49001285167605e-19
1.17872985317387,8.51171712306006e-19
1.18090359002295,8.53350631353558e-19
1.183081335536,8.55538110279154e-19
1.18526309710552,8.57734217648522e-19
1.18744888213769,8.59939022628762e-19
1.18963869805229,8.62152594992969e-19
1.19183255228283,8.64375005124836e-19
1.1940304522765,8.66606324023326e-19
1.19623240549423,8.68846623307353e-19
1.19843841941072,8.7109597522053e-19
1.20064850151444,8.73354452635921e-19
1.20286265930769,8.75622129060829e-19
1.20508090030657,8.77899078641663e-19
1.20730323204107,8.80185376168771e-19
1.20952966205507,8.82481097081374e-19
1.21176019790633,8.84786317472482e-19
1.21399484716659,8.87101114093899e-19
1.21623361742151,8.8942556436123e-19
1.21847651627078,8.91759746358915e-19
1.22072355132806,8.94103738845347e-19
1.2229747302211,8.96457621257983e-19
1.22523006059168,8.98821473718514e-19
1.22748955009569,9.01195377038069e-19
1.22975320640313,9.03579412722468e-19
1.23202103719814,9.05973662977477e-19
1.23429305017905,9.08378210714166e-19
1.23656925305837,9.10793139554242e-19
1.23884965356284,9.13218533835461e-19
1.24113425943344,9.15654478617069e-19
1.24342307842545,9.1810105968528e-19
1.24571611830841,9.20558363558808e-19
1.24801338686623,9.2302647749442e-19
1.25031489189715,9.25505550868487e-19
1.25262064121379,9.27996024972836e-19
1.25493064264321,9.30497570840332e-19
1.25724490402685,9.33010278767672e-19
1.25956343322066,9.35534239817916e-19
1.26188623809505,9.38069545826307e-19
1.26421332653496,9.40616289406135e-19
1.26654470643985,9.43174563954636e-19
1.26888038572376,9.45744463658953e-19
1.27122037231534,9.48326083502126e-19
1.27356467415784,9.50919519269144e-19
1.27591329920916,9.53524867553023e-19
1.27826625544188,9.56142225760943e-19
1.28062355084328,9.5877169212043e-19
1.28298519341539,9.61413365685579e-19
1.28535119117496,9.64067346343333e-19
1.28772155215355,9.66733734819795e-19
1.29009628439752,9.69412632686608e-19
1.29247539596809,9.72104142367366e-19
1.29485889494131,9.74808367144076e-19
1.29724678940814,9.77525411163682e-19
1.29963908747448,9.80255379444626e-19
1.30203579726116,9.82998377883454e-19
1.30443692690397,9.85754513261497e-19
1.30684248455374,9.88523893251566e-19
1.30925247837629,9.91306626424731e-19
1.31166691655255,9.9410282225714e-19
1.31408580727849,9.9691259113688e-19
1.31650915876521,9.997360443709e-19
1.31893697923896,1.00257329419199e-18
1.32136927694115,1.00542445376582e-18
1.3238060601284,1.00828963719798e-18
1.32624733707255,1.01116895954115e-18
1.32869311606069,1.01406253680231e-18
1.3311434053952,1.01697048594992e-18
1.33359821339376,1.01989292492129e-18
1.3360575483894,1.02282997262986e-18
1.33852141873052,1.02578174897271e-18
1.3409898327809,1.02874837483792e-18
1.34346279891975,1.03172997211218e-18
1.34594032554175,1.03472666368834e-18
1.34842242105703,1.03773857347305e-18
1.35090909389125,1.04076582639445e-18
1.35340035248561,1.04380854840999e-18
1.35589620529686,1.04686686651414e-18
1.35839666079737,1.04994090874638e-18
1.3609017274751,1.05303080419907e-18
1.36341141383371,1.05613668302547e-18
1.36592572839249,1.05925867644783e-18
1.36844467968647,1.06239691676544e-18
1.37096827626642,1.06555153736291e-18
1.37349652669888,1.06872267271835e-18
1.37602943956617,1.0719104584117e-18
1.37856702346646,1.07511503113313e-18
1.38110928701376,1.07833652869145e-18
1.38365623883796,1.08157509002263e-18
1.38620788758489,1.08483085519838e-18
1.3887642419163,1.08810396543477e-18
1.39132531050993,1.09139456310095e-18
1.39389110205951,1.09470279172792e-18
1.39646162527481,1.09802879601734e-18
1.39903688888165,1.10137272185051e-18
1.40161690162197,1.10473471629724e-18
1.4042016722538,1.108114927625e-18
1.40679120955134,1.1115138964832e-18
1.40938552230496,1.11493292960159e-18
1.41198461932125,1.11837061191265e-18
1.41458850942302,1.12182709670568e-18
1.41719720144939,1.12530253851316e-18
1.41981070425574,1.12879709312017e-18
1.42242902671381,1.132310917574e-18
1.42505217771167,1.1358441701937e-18
1.42768016615382,1.13939701057984e-18
1.43031300096114,1.14296959962426e-18
1.43295069107099,1.14656209951991e-18
1.43559324543721,1.15017467377076e-18
1.43824067303013,1.15380748720186e-18
1.44089298283665,1.15746070596934e-18
1.44355018386022,1.16113449757061e-18
1.44621228512091,1.16482903085462e-18
1.44887929565542,1.1685444760321e-18
1.45155122451711,1.17228100468601e-18
1.45422808077604,1.17603878978201e-18
1.456909873519,1.17981800567898e-18
1.45959661184952,1.18361882813969e-18
1.46228830488794,1.18744143434151e-18
1.46498496177141,1.1912860028872e-18
1.46768659165393,1.19515271381582e-18
1.47039320370637,1.19904174861367e-18
1.47310480711654,1.20295329022536e-18
1.47582141108916,1.20688752306496e-18
1.47854302484596,1.21084463302718e-18
1.48126965762564,1.21482480749876e-18
1.48400131868397,1.2188282353698e-18
1.48673801729376,1.22285510704528e-18
1.48947976274494,1.22690561445662e-18
1.49222656434458,1.23097995107338e-18
1.49497843141688,1.23507831191498e-18
1.49773537330327,1.23920089356257e-18
1.50049739936238,1.24334789417095e-18
1.50326451897011,1.24751951348061e-18
1.50603674151966,1.2517159528299e-18
1.50881407642154,1.25593741516713e-18
1.51159653310362,1.26018410506303e-18
1.51438412101114,1.26445622872304e-18
1.51717684960679,1.26875399399986e-18
1.51997472837068,1.27307761040606e-18
1.52277776680042,1.27742728912675e-18
1.52558597441112,1.2818032430324e-18
1.52839936073547,1.28620568669171e-18
1.53121793532369,1.2906348363846e-18
1.53404170774366,1.29509091011532e-18
1.53687068758086,1.29957412762565e-18
1.5397048844385,1.30408471040815e-18
1.54254430793744,1.30862288171962e-18
1.54538896771633,1.31318886659453e-18
1.54823887343157,1.31778289185867e-18
1.55109403475737,1.32240518614286e-18
1.5539544613858,1.32705597989672e-18
1.55682016302677,1.33173550540264e-18
1.55969114940812,1.33644399678976e-18
1.56256743027564,1.34118167009115e-18
1.56544901539305,1.34594749229189e-18
1.56833591454212,1.35074300738424e-18
1.57122813752264,1.35556845692711e-18
1.57412569415247,1.36042408439848e-18
1.57702859426758,1.36531013521015e-18
1.57993684772207,1.37022685672244e-18
1.58285046438824,1.37517449825914e-18
1.58576945415655,1.38015331112253e-18
1.58869382693574,1.38516354860848e-18
1.59162359265281,1.39020546602175e-18
1.59455876125306,1.3952793206913e-18
1.59749934270013,1.40038537198579e-18
1.60044534697605,1.40552388132917e-18
1.60339678408125,1.41069511221641e-18
1.60635366403458,1.41589933022931e-18
1.60931599687341,1.42113680305249e-18
1.61228379265359,1.42640780048942e-18
1.61525706144951,1.43171259447864e-18
1.61823581335415,1.43705145911006e-18
1.62122005847912,1.44242467064146e-18
1.62420980695464,1.44783250751495e-18
1.62720506892964,1.45327525037376e-18
1.63020585457176,1.45875318207899e-18
1.63321217406738,1.46426658772657e-18
1.63622403762168,1.46981575466435e-18
1.63924145545864,1.47540097250926e-18
1.64226443782111,1.48102253316464e-18
1.64529299497083,1.48668073083771e-18
1.64832713718847,1.49237586205716e-18
1.65136687477363,1.49810822569082e-18
1.65441221804492,1.50387812296355e-18
1.65746317734,1.50968585747521e-18
1.66051976301557,1.51553173521874e-18
1.66358198544743,1.52141606459846e-18
1.66664985503052,1.52733915644839e-18
1.66972338217894,1.53330132405083e-18
1.67280257732602,1.53930288315495e-18
1.6758874509243,1.54534415199563e-18
1.67897801344563,1.55142545131237e-18
1.68207427538113,1.55754710436833e-18
1.68517624724129,1.56370943696959e-18
1.68828393955599,1.56991277748445e-18
1.69139736287452,1.57615745686296e-18
1.69451652776563,1.58244380865651e-18
1.69764144481753,1.5887721690376e-18
1.70077212463801,1.59514287681982e-18
1.70390857785437,1.60155627347784e-18
1.70705081511354,1.60801270316763e-18
1.71019884708208,1.61451251274685e-18
1.71335268444621,1.62105605179531e-18
1.71651233791186,1.6276436726356e-18
1.71967781820471,1.63427524863192e-18
1.72284913607021,1.64095042019818e-18
1.72602630227364,1.64767076499375e-18
1.72920932760012,1.65443664638676e-18
1.73239822285467,1.66124843059442e-18
1.73559299886221,1.6681064867046e-18
1.73879366646766,1.67501118669743e-18
1.74200023653591,1.68196290546724e-18
1.74521271995191,1.68896202084452e-18
1.74843112762066,1.69600891361803e-18
1.75165547046728,1.70310396755717e-18
1.75488575943705,1.71024756943441e-18
1.75812200549542,1.71744010904791e-18
1.76136421962805,1.7246819792443e-18
1.76461241284089,1.7319735759416e-18
1.76786659616017,1.73931529815232e-18
1.77112678063245,1.74670754800671e-18
1.77439297732466,1.75415073077616e-18
1.77766519732416,1.76164525489677e-18
1.78094345173872,1.76919153199307e-18
1.78422775169663,1.7767899769019e-18
1.78751810834669,1.78444100769649e-18
1.79081453285825,1.79214504571066e-18
1.79411703642126,1.79990251556315e-18
1.79742563024632,1.80771384518221e-18
1.8007403255647,1.81557946583027e-18
1.80406113362836,1.82349981212881e-18
1.80738806571004,1.83147532208338e-18
1.81072113310325,1.8395064371088e-18
1.81406034712233,1.84759360205449e-18
1.8174057191025,1.85573726523003e-18
1.82075726039985,1.8639378784308e-18
1.82411498239145,1.87219589696388e-18
1.82747889647533,1.880511779674e-18
1.83084901407054,1.8888859889698e-18
1.8342253466172,1.89731899085013e-18
1.8376079055765,1.90581125493057e-18
1.84099670243081,1.91436325447012e-18
1.84439174868363,1.92297546639807e-18
1.8477930558597,1.93164837134098e-18
1.851200635505,1.9403824536499e-18
1.85461449918683,1.9491782014277e-18
1.85803465849378,1.9580361065566e-18
1.86146112503585,1.96695666472583e-18
1.86489391044441,1.97594037545955e-18
1.86833302637232,1.9849877421448e-18
1.87177848449391,1.99409927205973e-18
1.87523029650504,2.00327555352838e-18
1.87868847412312,2.01251826102959e-18
1.88215302908722,2.02182666324851e-18
1.885623973158,2.03120128342179e-18
1.88910131811785,2.04064264881992e-18
1.89258507577087,2.05015129077648e-18
1.89607525794293,2.05972774471744e-18
1.8995718764817,2.06937255019068e-18
1.90307494325672,2.07908625089573e-18
1.90658447015941,2.08886939471358e-18
1.91010046910311,2.09872253373671e-18
1.91362295202314,2.10864622429928e-18
1.91715193087682,2.11864102700747e-18
1.92068741764353,2.12870750676998e-18
1.92422942432475,2.1388462328287e-18
1.92777796294407,2.14905777878953e-18
1.93133304554727,2.15934272265341e-18
1.93489468420234,2.1697016468474e-18
1.93846289099952,2.18013513825604e-18
1.94203767805136,2.19064378825277e-18
1.94561905749272,2.20122819273158e-18
1.94920704148087,2.21188895213878e-18
1.95280164219548,2.22262667150489e-18
1.95640287183868,2.23344196047675e-18
1.96001074263512,2.24433543334975e-18
1.96362526683198,2.2553077091002e-18
1.96724645669902,2.26635941141784e-18
1.97087432452864,2.27749116873853e-18
1.97450888263591,2.28870361427706e-18
1.9781501433586,2.29999738606014e-18
1.98179811905722,2.31137312695943e-18
1.98545282211512,2.32283148472488e-18
1.98911426493844,2.33437311201802e-18
1.99278245995622,2.34599866644552e-18
1.99645741962042,2.35770881059281e-18
2.00013915640596,2.36854811838162e-18
2.00382768281077,2.376691804571e-18
2.00752301135581,2.38484966233105e-18
2.01122515458516,2.39302131675636e-18
2.014934125066,2.40120638416206e-18
2.01864993538872,2.40940447194315e-18
2.02237259816691,2.4176151784318e-18
2.02610212603741,2.42583809275261e-18
2.02983853166038,2.4340727946758e-18
2.03358182771932,2.44231907384512e-18
2.03733202692114,2.4505764064182e-18
2.04108914199615,2.45884420491472e-18
2.04485318569816,2.46712201020622e-18
2.04862417080449,2.4754093530438e-18
2.05240211011603,2.48370575389847e-18
2.05618701645727,2.49201072279908e-18
2.05997890267635,2.50032375916805e-18
2.06377778164511,2.50864435165478e-18
2.06758366625912,2.51697197796664e-18
2.07139656943774,2.5253061046977e-18
2.07521650412414,2.5336461871549e-18
2.07904348328538,2.54199166918195e-18
2.08287751991242,2.55034198298057e-18
2.08671862702018,2.55869654892939e-18
2.09056681764757,2.56705477540018e-18
2.09442210485757,2.57541605857165e-18
2.09828450173722,2.58377978224045e-18
2.10215402139772,2.59214531762976e-18
2.10603067697444,2.60051202319501e-18
2.10991448162696,2.60887924442701e-18
2.11380544853916,2.61724631365233e-18
2.11770359091919,2.62561254983083e-18
2.1216089219996,2.63397725835049e-18
2.12552145503732,2.64233973081928e-18
2.12944120331372,2.65069924485423e-18
2.13336818013468,2.65905506386758e-18
2.13730239883061,2.66740643684989e-18
2.14124387275651,2.67575259815027e-18
2.14519261529199,2.68409276725348e-18
2.14914863984136,2.69242614855406e-18
2.15311195983363,2.70075193112727e-18
2.15708258872258,2.70906928849692e-18
2.1610605399868,2.71737737840002e-18
2.16504582712975,2.72567534254818e-18
2.16903846367976,2.73396230638584e-18
2.17303846319014,2.74223737884506e-18
2.17704583923919,2.75049965209703e-18
2.18106060543022,2.75874820130023e-18
2.18508277539167,2.76698208434517e-18
2.18911236277708,2.77520051817142e-18
2.19314938126518,2.78340261949443e-18
2.19719384455993,2.79158711700727e-18
2.20124576639056,2.79975299694479e-18
2.20530516051161,2.80789922694424e-18
2.20937204070299,2.81602475576856e-18
2.21344642077003,2.82412851302593e-18
2.21752831454351,2.83220940888558e-18
2.22161773587972,2.84026633378973e-18
2.2257146986605,2.84829815816176e-18
2.22981921679329,2.85630373211039e-18
2.23393130421118,2.86428188513001e-18
2.23805097487295,2.8722314257969e-18
2.24217824276313,2.88015114146158e-18
2.24631312189202,2.88803979793687e-18
2.25045562629579,2.895896139182e-18
2.25460577003646,2.9037188869825e-18
2.25876356720201,2.91150674062574e-18
2.26292903190638,2.9192583765724e-18
2.26710217828955,2.92697244812347e-18
2.27128302051756,2.93464758508298e-18
2.2754715727826,2.94228239341622e-18
2.27966784930302,2.94987545490358e-18
2.28387186432338,2.95742532678988e-18
2.28808363211452,2.96493054142902e-18
2.29230316697359,2.97238960592425e-18
2.29653048322413,2.9798010017635e-18
2.30076559521605,2.98716318445022e-18
2.30500851732576,2.99447458312936e-18
2.30925926395618,3.00173360020861e-18
2.31351784953677,3.00893861097468e-18
2.31778428852361,3.01608796320478e-18
2.32205859539945,3.02317997677304e-18
2.32634078467373,3.03021294325205e-18
2.33063087088267,3.03718512550918e-18
2.33492886858926,3.04409475729794e-18
2.33923479238339,3.05094004284408e-18
2.34354865688182,3.0577191564265e-18
2.34787047672829,3.06442969071241e-18
2.35220026659353,3.07107028372273e-18
2.35653804117533,3.07763904946526e-18
2.36088381519858,3.08413403808609e-18
2.36523760341534,3.09055326760942e-18
2.36959942060485,3.09689472348617e-18
2.37396928157363,3.103156358137e-18
2.3783472011555,3.10933609048965e-18
2.38273319421161,3.11543180551072e-18
2.38712727563055,3.12144135373157e-18
2.39152946032834,3.12736255076867e-18
2.39593976324854,3.1331931768379e-18
2.40035819936222,3.13893097626311e-18
2.40478478366811,3.14457365697878e-18
2.40921953119256,3.1501188900266e-18
2.41366245698966,3.15556430904613e-18
2.41811357614123,3.16090750975938e-18
2.42257290375694,3.16614604944919e-18
2.42704045497429,3.17127744643159e-18
2.43151624495871,3.17629917952181e-18
2.43600028890362,3.18120868749414e-18
2.44049260203041,3.18600336853538e-18
2.44499319958858,3.19068057969211e-18
2.44950209685573,3.19523763631135e-18
2.45401930913766,3.19967181147496e-18
2.45854485176836,3.20398033542745e-18
2.46307874011013,3.20816039499736e-18
2.46762098955358,3.21220913301194e-18
2.47217161551771,3.21612364770538e-18
2.47673063344996,3.21990099212028e-18
2.48129805882625,3.22353817350245e-18
2.48587390715103,3.227032152689e-18
2.49045819395736,3.23037984348973e-18
2.49505093480694,3.23357811206153e-18
2.49965214529017,3.23662377627623e-18
2.50426184102619,3.23951285917197e-18
2.50888003766295,3.242242766616e-18
2.51350675087726,3.24481023630474e-18
2.51814199637484,3.24721188643824e-18
2.52278578989037,3.24944428366672e-18
2.52743814718755,3.25150394241668e-18
2.53209908405915,3.25338732420981e-18
2.53676861632705,3.25509083697488e-18
2.54144675984233,3.25661083435262e-18
2.54613353048529,3.2579436149934e-18
2.55082894416553,3.25908542184786e-18
2.55553301682195,3.26003244145032e-18
2.56024576442289,3.26078080319515e-18
2.56496720296611,3.26132657860582e-18
2.56969734847889,3.26166578059696e-18
2.57443621701804,3.26179436272906e-18
2.57918382467001,3.26170821845618e-18
2.5839401875509,3.26140318036627e-18
2.58870532180653,3.26087501941445e-18
2.5934792436125,3.26011944414909e-18
2.59826196917424,3.25913209993067e-18
2.60305351472706,3.25790856814346e-18
2.60785389653621,3.2564443654002e-18
2.61266313089695,3.25473494273947e-18
2.61748123413457,3.252775684816e-18
2.62230822260448,3.25056190908401e-18
2.62714411269225,3.24808886497326e-18
2.63198892081365,3.24535173305828e-18
2.63684266341475,3.2423456242205e-18
2.64170535697193,3.23906557880344e-18
2.64657701799196,3.23550656576099e-18
2.65145766301206,3.23166348179876e-18
2.65634730859993,3.22753115586531e-18
2.66124597135383,3.22310478579893e-18
2.66615366790263,3.21837858771438e-18
2.67107041490587,3.2133471606418e-18
2.67599622905381,3.2080050269687e-18
2.68093112706749,3.20234663154145e-18
2.68587512569877,3.19636634076029e-18
2.69082824173044,3.19005844166799e-18
2.69579049197619,3.18341714103243e-18
2.70076189328076,3.17643656442284e-18
2.70574246251993,3.16911075528021e-18
2.71073221660061,3.1614336739817e-18
2.71573117246089,3.15339919689913e-18
2.72073934707008,3.1450011154521e-18
2.72575675742882,3.13623313515526e-18
2.73078342056905,3.12708887466033e-18
2.73581935355417,3.11756186479287e-18
2.74086457347902,3.10764554758385e-18
2.74591909746996,3.09733327529636e-18
2.75098294268494,3.08661830944747e-18
2.75605612631357,3.07549381982559e-18
2.76113866557714,3.06395288350325e-18
2.7662305777287,3.0519884838458e-18
2.77133188005311,3.03959350951604e-18
2.77644258986714,3.026760753475e-18
2.78156272451944,3.01348291197914e-18
2.78669230139071,2.99975258357424e-18
2.79183133789366,2.98556226808606e-18
2.79697985147312,2.97090436560827e-18
2.80213785960612,2.95577117548757e-18
2.80730537980188,2.94015489530668e-18
2.81248242960193,2.92404761986505e-18
2.81766902658015,2.9074416643876e-18
2.82286518834283,2.89032859088855e-18
2.8280709325287,2.87270017586431e-18
2.83328627680907,2.85454809278606e-18
2.83851123888779,2.83586390722521e-18
2.84374583650138,2.81663907582837e-18
2.84899008741907,2.7968649452925e-18
2.85424400944285,2.7765327513407e-18
2.85950762040755,2.75563361769898e-18
2.86478093818088,2.73415855507443e-18
2.87006398066351,2.71209846013516e-18
2.87535676578911,2.68944411449259e-18
2.88065931152443,2.66618618368627e-18
2.88597163586935,2.64231521617202e-18
2.89129375685695,2.61782164231358e-18
2.89662569255355,2.59269577337846e-18
2.90196746105881,2.56692780053836e-18
2.90731908050574,2.54050779387474e-18
2.91268056906082,2.51342570139014e-18
2.91805194492401,2.48567134802574e-18
2.92343322632885,2.45723443468565e-18
2.92882443154247,2.42810453726876e-18
2.93422557886574,2.39827110570845e-18
2.93963668663323,2.36772346302113e-18
2.94505777321336,2.33645080436393e-18
2.9504888570084,2.3044421961024e-18
2.95592995645455,2.27168657488887e-18
2.96138109002204,2.23817274675209e-18
2.96684227621514,2.20388938619904e-18
2.97231353357224,2.16882487268272e-18
2.97779488066593,2.13296768982959e-18
2.98328633610304,2.09630620322339e-18
2.98878791852473,2.0588285525482e-18
2.99429964660651,2.02052274168287e-18
2.99982153905836,1.99229478823915e-18
3.00535361462475,2.01076681900156e-18
3.0108958920847,2.02950280898818e-18
3.01644839025189,2.04850602261849e-18
3.02201112797468,2.06777975523382e-18
3.0275841241362,2.08732733315972e-18
3.03316739765438,2.1071521137608e-18
3.03876096748207,2.12725748548765e-18
3.04436485260703,2.14764686791599e-18
3.04997907205208,2.16832371177723e-18
3.0556036448751,2.18929149898066e-18
3.0612385901691,2.21055374262664e-18
3.06688392706233,2.23211398701074e-18
3.07253967471829,2.25397580761833e-18
3.07820585233584,2.2761428111095e-18
3.08388247914923,2.29861863529387e-18
3.08956957442818,2.32140694909511e-18
3.09526715747797,2.34451145250476e-18
3.10097524763946,2.36793587652499e-18
3.10669386428917,2.39168398310015e-18
3.11242302683937,2.41575956503665e-18
3.11816275473813,2.44016644591079e-18
3.12391306746937,2.46490847996439e-18
3.12967398455295,2.4899896182064e-18
3.13544552554473,2.51541372575841e-18
3.14122771003662,2.54118473183875e-18
3.14702055765668,2.56730661205182e-18
3.15282408806915,2.59378337194835e-18
3.15863832097455,2.62061904683964e-18
3.16446327610971,2.64781770159708e-18
3.17029897324787,2.6753834304364e-18
3.17614543219874,2.70332035668631e-18
3.18200267280854,2.73163263254129e-18
3.18787071496012,2.76032443879792e-18
3.19374957857297,2.78939998457453e-18
3.19963928360333,2.8188635070137e-18
3.20553985004423,2.84871927096724e-18
3.21145129792558,2.87897156866323e-18
3.21737364731423,2.90962471935468e-18
3.22330691831401,2.94068306894957e-18
3.22925113106587,2.97215098962156e-18
3.23520630574785,3.00403287940131e-18
3.24117246257526,3.03633316174772e-18
3.24714962180063,3.06905628509877e-18
3.25313780371387,3.10220672240164e-18
3.25913702864231,3.13578897062151e-18
3.26514731695076,3.16980755022883e-18
3.27116868904159,3.20426700466437e-18
3.27720116535478,3.23917189978197e-18
3.28324476636802,3.27452684174518e-18
3.28929951259675,3.31033645836068e-18
3.29536542459425,3.34660533934862e-18
3.30144252295172,3.38333813418898e-18
3.3075308282983,3.42053951163635e-18
3.3136303613012,3.45821415901893e-18
3.31974114266572,3.49636678151228e-18
3.32586319313537,3.53500210138719e-18
3.33199653349189,3.57412485723142e-18
3.33814118455537,3.61373980314489e-18
3.34429716718426,3.65385170790789e-18
3.3504645022755,3.69446535412187e-18
3.35664321076457,3.73558553732266e-18
3.36283331362554,3.77721706506548e-18
3.36903483187118,3.81936475598142e-18
3.37524778655299,3.86203343880528e-18
3.3814721987613,3.90522795137412e-18
3.38770808962534,3.94895313959633e-18
3.3939554803133,3.99321385639079e-18
3.40021439203241,4.03801496059607e-18
3.40648484602899,4.08336131584888e-18
3.41276686358857,4.12925778943205e-18
3.41906046603591,4.17570925109125e-18
3.42536567473512,4.22272057182051e-18
3.43168251108969,4.27029662261614e-18
3.43801099654257,4.31844226290086e-18
3.44435115257629,4.36716223945941e-18
3.45070300071296,4.41646154854324e-18
3.4570665625144,4.4663450480444e-18
3.46344185958218,4.51681758914559e-18
3.46982891355773,4.56788401488045e-18
3.47622774612237,4.61954915866062e-18
3.48263837899739,4.67181784277008e-18
3.48906083394418,4.72469487682639e-18
3.49549513276422,4.77818505620868e-18
3.50194129729921,4.83229316045256e-18
3.50839934943113,4.88702395161201e-18
3.51486931108231,4.94238217258775e-18
3.52135120421552,4.99837254542278e-18
3.52784505083401,5.05499976956486e-18
3.53435087298162,5.11226852009579e-18
3.54086869274286,5.17018344592821e-18
3.54739853224292,5.22874916796946e-18
3.55394041364784,5.28797027725302e-18
3.56049435916451,5.34785133303788e-18
3.56706039104078,5.40839686087564e-18
3.57363853156553,5.46961135064619e-18
3.58022880306873,5.53149925456179e-18
3.58683122792156,5.59406498514028e-18
3.59344582853642,5.65731291314771e-18
3.60007262736706,5.72124814451466e-18
3.60671164690864,5.78587421645614e-18
3.61336290969779,5.85119531697059e-18
3.62002643831273,5.91721562869745e-18
3.62670225537328,5.98393928179486e-18
3.63339038354099,6.05137035170958e-18
3.64009084551922,6.11951285692009e-18
3.64680366405316,6.1883707566539e-18
3.65352886192998,6.25794794857994e-18
3.66026646197884,6.32824826647646e-18
3.66701648707104,6.39927547787581e-18
3.67377896012003,6.47103328168658e-18
3.68055390408151,6.54352530579443e-18
3.68734134195354,6.6167551046425e-18
3.69414129677656,6.69072615679244e-18
3.70095379163353,6.76544186246727e-18
3.70777884964996,6.84090554107707e-18
3.71461649399401,6.91712042872918e-18
3.72146674787657,6.9940896757236e-18
3.72832963455132,7.07181634403529e-18
3.73520517731483,7.15030340478485e-18
3.74209339950666,7.22955373569853e-18
3.74899432450936,7.30957011855969e-18
3.75590797574864,7.39035534677129e-18
3.76283437669339,7.47191191504806e-18
3.76977355085579,7.55424228215447e-18
3.77672552179138,7.63734882046554e-18
3.78369031309913,7.72123379359258e-18
3.79066794842154,7.80589935381529e-18
3.7976584514447,7.89134753951724e-18
3.80466184589839,7.97758027262622e-18
3.81167815555615,8.06459935606108e-18
3.81870740423535,8.15240647118795e-18
3.8257496157973,8.24100317528696e-18
3.83280481414729,8.33039089903218e-18
3.83987302323473,8.42057094398646e-18
3.84695426705316,8.51154448011355e-18
3.85404856964039,8.60331254331012e-18
3.86115595507854,8.69587603295886e-18
3.86827644749416,8.78923570950626e-18
3.87541007105828,8.88339219206633e-18
3.88255684998652,8.97834595605336e-18
3.88971680853914,9.07409733084552e-18
3.89688997102114,9.1706464974824e-18
3.90407636178235,9.26799348639832e-18
3.9112760052175,9.36613690259557e-18
3.91848892576631,9.46507718160906e-18
3.92571514791357,9.56481446400264e-18
3.93295469618922,9.66534815590443e-18
3.94020759516844,9.76667750213385e-18
3.94747386947173,9.86880158420389e-18
3.95475354376498,9.97171931837786e-18
3.9620466427596,1.00754294537821e-17
3.96935319121253,1.0179930570578e-17
3.97667321392639,1.02852210781956e-17
3.98400673574955,1.03912992136315e-17
3.99135378157617,1.04981630398139e-17
3.99871437634634,1.06017349842326e-17
4.00608854504615,1.06222043039178e-17
4.01347631270774,1.06421712098914e-17
4.02087770440945,1.06616276093751e-17
4.02829274527584,1.06805654268456e-17
4.0357214604778,1.06989766071828e-17
4.04316387523266,1.07168531188567e-17
4.05062001480424,1.07341869571487e-17
4.05808990450296,1.07509701474064e-17
4.0655735696859,1.07671951688679e-17
4.07307103575691,1.07828543158061e-17
4.0805823281667,1.07979390961652e-17
4.0881074724129,1.0812441688702e-17
4.09564649404016,1.08263543189467e-17
4.10319941864024,1.08396692626157e-17
4.11076627185211,1.08523788490424e-17
4.118347079362,1.08644754646236e-17
4.12594186690352,1.08759515562802e-17
4.13355066025773,1.08867996349273e-17
4.14117348525325,1.0897012278953e-17
4.1488103677663,1.09065821377031e-17
4.15646133372086,1.09155019349678e-17
4.16412640908868,1.0923764472468e-17
4.17180561988942,1.09313626333398e-17
4.17949899219074,1.09382893856122e-17
4.18720655210835,1.09445377856758e-17
4.19492832580612,1.0950100981741e-17
4.20266433949619,1.09549722172805e-17
4.21041461943902,1.09591448344538e-17
4.2181791919435,1.09626122775124e-17
4.22595808336706,1.09653705733526e-17
4.2337513201157,1.09674110911925e-17
4.24155892864414,1.09687273800172e-17
4.24938093545588,1.09693133260877e-17
4.2572173671033,1.09691629343579e-17
4.26506825018774,1.09682703316893e-17
4.2729336113596,1.0966629770023e-17
4.28081347731843,1.09642356295054e-17
4.288707874813,1.09610824215663e-17
4.29661683064144,1.09571647919442e-17
4.30454037165127,1.09524775236566e-17
4.31247852473953,1.09470155399137e-17
4.32043131685288,1.09407739069689e-17
4.32839877498764,1.09337478369077e-17
4.33638092618993,1.09259326903677e-17
4.34437779755577,1.09173239791904e-17
4.3523894162311,1.09079173689989e-17
4.36041580941197,1.08977086817019e-17
4.36845700434455,1.08866938979179e-17
4.37651302832526,1.08748694730652e-17
4.38458390870089,1.08622328144529e-17
4.39266967286861,1.08487789443101e-17
4.40077034827615,1.08345045009405e-17
4.40888596242185,1.08194062922196e-17
4.41701654285476,1.08034812974985e-17
4.42516211717472,1.07867266694103e-17
4.4333227130325,1.076913973558e-17
4.44149835812983,1.07507180002347e-17
4.44968908021953,1.07314591457132e-17
4.45789490710562,1.07113610338712e-17
4.46611586664338,1.06904217073827e-17
4.47435198673946,1.06686393909348e-17
4.48260329535198,1.06460124923139e-17
4.4908698204906,1.06225396033835e-17
4.49915159021665,1.05982195009509e-17
4.50744863264322,1.05730511475226e-17
4.51576097593521,1.05470336919465e-17
4.52408864830949,1.05201664699411e-17
4.53243167803496,1.04924496144852e-17
4.54079009343264,1.04638861635995e-17
4.54916392287579,1.0434472024736e-17
4.55755319478998,1.04042072841877e-17
4.56595793765322,1.03730922160415e-17
4.57437817999602,1.03411272820141e-17
4.58281395040151,1.03083131311725e-17
4.59126527750554,1.02746505995377e-17
4.59973218999675,1.02401407095732e-17
4.60821471661671,1.02047846695581e-17
4.61671288615997,1.01685838728452e-17
4.62522672747419,1.01315398970053e-17
4.63375626946024,1.00936545028582e-17
4.64230154107226,1.00549296333911e-17
4.65086257131782,1.00153674125659e-17
4.65943938925795,9.97497014401667e-18
4.6680320240073,9.93374030963772e-18
4.67664050473419,9.89168056806487e-18
4.68526486066075,9.84879375305034e-18
4.69390512106298,9.80507858837255e-18
4.70256131527089,9.76054104046976e-18
4.71123347266856,9.71518602894237e-18
4.71992162269426,9.66901706944481e-18
4.72862579484056,9.62203784309198e-18
4.73734601865441,9.57425219423801e-18
4.74608232373726,9.52566412816312e-18
4.75483473974512,9.47627780867086e-18
4.76360329638872,9.4260975555982e-18
4.77238802343357,9.37512784224096e-18
4.78118895070007,9.32337329269726e-18
4.79000610806362,9.27083867913161e-18
4.79883952545469,9.21752891896272e-18
4.80768923285899,9.16344907197728e-18
4.81655526031748,9.10860433737313e-18
4.82543763792654,9.05300005073445e-18
4.83433639583807,8.99664168094222e-18
4.84325156425956,8.93953482702279e-18
4.85218317345418,8.88168056683993e-18
4.86113125374095,8.82308918374167e-18
4.87009583549478,8.76376696842019e-18
4.87907694914661,8.70372000656292e-18
4.88807462518348,8.64295449742868e-18
4.89708889414867,8.58147675039154e-18
4.90611978664177,8.51929318144494e-18
4.91516733331881,8.4564103096699e-18
4.92423156489236,8.39283475366957e-18
4.93331251213161,8.32857322797439e-18
4.9424102058625,8.2636325394204e-18
4.95152467696783,8.19801958350408e-18
4.96065595638733,8.1317413407174e-18
4.96980407511782,8.06480487286552e-18
4.97896906421323,7.99721731937084e-18
4.98815095478482,7.92898589356642e-18
4.99734977800116,7.86011787898193e-18
5.00656556508836,7.81125968207514e-18
5.01579834733007,7.76336264151022e-18
5.02504815606765,7.71496184115744e-18
5.03431502270026,7.66606290119766e-18
5.04359897868495,7.61667149273183e-18
5.0529000555368,7.5667933349144e-18
5.062218284829,7.51643419209115e-18
5.07155369819295,7.46559987094333e-18
5.08090632731841,7.41429621764027e-18
5.09027620395355,7.3625291150027e-18
5.09966335990513,7.31030447967892e-18
5.10906782703852,7.25762825933575e-18
5.11848963727788,7.20450642986612e-18
5.12792882260624,7.15094499261559e-18
5.1373854150656,7.09694997162924e-18
5.14685944675706,7.04252741092104e-18
5.15635094984092,6.98768336765282e-18
5.16585995653679,6.93242217952926e-18
5.17538649912368,6.87675168622377e-18
5.18493060994014,6.82067798514886e-18
5.19449232138437,6.76420718042024e-18
5.20407166591428,6.70734538029576e-18
5.21366867604767,6.65009869464748e-18
5.22328338436229,6.59247323246885e-18
5.23291582349599,6.53447509941779e-18
5.24256602614677,6.47611039539722e-18
5.25223402507297,6.41738521217399e-18
5.26191985309331,6.35830563103751e-18
5.27162354308705,6.29887772049866e-18
5.28134512799407,6.23910753403045e-18
5.29108464081502,6.17900110785126e-18
5.30084211461138,6.11856445875085e-18
5.31061758250561,6.05780358196101e-18
5.32041107768126,5.99672112186689e-18
5.33022263338307,5.93532560563765e-18
5.34005228291708,5.87362379507087e-18
5.34990005965076,5.81162157722895e-18
5.35976599701311,5.74932480766418e-18
5.36965012849478,5.68673930856631e-18
5.37955248764818,5.62387086695787e-18
5.3894731080876,5.56072523293758e-18
5.39941202348931,5.49730811797189e-18
5.40936926759169,5.4336251932353e-18
5.41934487419534,5.36968208799897e-18
5.42933887716318,5.30548438806842e-18
5.43935131042059,5.24103763426967e-18
5.44938220795551,5.1763473209844e-18
5.45943160381856,5.11141889473364e-18
5.46949953212316,5.0462579625603e-18
5.47958602704562,4.98087261001993e-18
5.48969112282529,4.91526515594696e-18
5.49981485376467,4.84944084187708e-18
5.50995725422949,4.78340485514464e-18
5.52011835864889,4.717162327755e-18
5.53029820151548,4.65071833530384e-18
5.54049681738548,4.58407789594336e-18
5.55071424087885,4.5172459693947e-18
5.56095050667937,4.45022745600643e-18
5.57120564953481,4.38302719585819e-18
5.581479704257,4.31564996790966e-18
5.59177270572197,4.24810048919359e-18
5.60208468887008,4.18038341405276e-18
5.61241568870609,4.11250333342033e-18
5.62276574029937,4.04446477414258e-18
5.63313487878391,3.97627466397855e-18
5.64352313935852,3.90793556519923e-18
5.65393055728691,3.83945108895728e-18
5.66435716789782,3.77082550158809e-18
5.67480300658515,3.70206300254743e-18
5.68526810880807,3.63316772397661e-18
5.69575251009114,3.56414373030537e-18
5.70625624602442,3.49499501789189e-18
5.71677935226362,3.42572551469935e-18
5.72732186453019,3.35633908000791e-18
5.73788381861148,3.28683950416176e-18
5.7484652503608,3.21723050835006e-18
5.7590661956976,3.14751574442127e-18
5.76968669060757,3.07769879472992e-18
5.78032677114277,3.00778317201505e-18
5.79098647342172,2.93776356962061e-18
5.80166583362957,2.86765136939886e-18
5.81236488801819,2.79745079933108e-18
5.8230836729063,2.7271650906877e-18
5.83382222467962,2.65679740498224e-18
5.84458057979094,2.58635083402312e-18
5.85535877476029,2.51582839999173e-18
5.86615684617503,2.44523305554571e-18
5.87697483069003,2.3745676839466e-18
5.88781276502772,2.30383509921139e-18
5.89867068597827,2.23303804628676e-18
5.90954863039969,2.16217920124551e-18
5.92044663521795,2.09126117150436e-18
5.93136473742713,2.02028649606221e-18
5.94230297408955,1.94926044582318e-18
5.95326138233583,1.87818623325079e-18
5.96423999936512,1.80706245545016e-18
5.97523886244511,1.73589138235017e-18
5.98625800891227,1.66467521691742e-18
5.9972974761719,1.59341609550249e-18
6.00835730169828,2.0756847884825e-18
6.0194375230348,2.57155706688144e-18
6.03053817779408,3.06778335390713e-18
6.04165930365812,3.56435191531936e-18
6.05280093837839,4.06125145474431e-18
6.06396311977598,4.55847111084686e-18
6.07514588574175,5.05600045442696e-18
6.08634927423641,5.55382948544323e-18
6.09757332329069,6.05194837053482e-18
6.10881807100544,6.55601677173737e-18
6.1200835555518,7.06641055036462e-18
6.13136981517127,7.5769954397221e-18
6.14267688817589,8.08776378550378e-18
6.15400481294835,8.59870834963921e-18
6.16535362794212,9.10982230672702e-18
6.1767233716816,9.62109924042987e-18
6.1881140827622,1.01325331398342e-17
6.19952579985054,1.06441183957793e-17
6.21095856168452,1.11558497971569e-17
6.2224124070735,1.16677225271871e-17
6.2338873748984,1.21797321596717e-17
6.24538350411183,1.26918746552287e-17
6.25690083373826,1.3204146477848e-17
6.2684394028741,1.37165443109225e-17
6.27999925068787,1.42290651687547e-17
6.29158041642033,1.4741706521325e-17
6.30318293938459,1.52544662064222e-17
6.31480685896627,1.57673424258248e-17
6.32645221462362,1.62803337414812e-17
6.33811904588766,1.6793439071694e-17
6.34980739236229,1.73066576873076e-17
6.36151729372447,1.78199892079034e-17
6.37324878972432,1.83334335980049e-17
6.38500192018527,1.88469911632919e-17
6.39677672500418,1.93606625468298e-17
6.40857324415148,1.98744486505397e-17
6.42039151767133,2.03883505398915e-17
6.43223158568174,2.0902370173421e-17
6.44409348837467,2.14165095061443e-17
6.45597726601622,2.1930770811871e-17
6.46788295894676,2.2445156679548e-17
6.47981060758104,2.29596700096301e-17
6.49176025240832,2.34743140104758e-17
6.50373193399257,2.39890921947716e-17
6.51572569297252,2.45040083759848e-17
6.52774157006188,2.50190666648471e-17
6.53977960604943,2.55342714658704e-17
6.55183984179915,2.60496274738927e-17
6.56392231825042,2.65651397487996e-17
6.57602707641808,2.70808141043157e-17
6.58815415739261,2.75966554417533e-17
6.6003036023403,2.81126695837867e-17
6.61247545250332,2.86288626266729e-17
6.62466974919991,2.91452409370157e-17
6.63688653382451,2.96618111485696e-17
6.64912584784788,3.01785801590808e-17
6.66138773281729,3.06955551271717e-17
6.67367223035659,3.12127434692634e-17
6.68597938216643,3.17301528565415e-17
6.69830923002432,3.22477912119636e-17
6.71066181578485,3.27656667073085e-17
6.72303718137977,3.328378748162e-17
6.73543536881817,3.38021619394132e-17
6.74785642018661,3.43207995328227e-17
6.76030037764925,3.48397094000393e-17
6.77276728344803,3.53564170536911e-17
6.78525717990278,3.58625931107045e-17
6.79777010941136,3.63691527079237e-17
6.81030611444984,3.68761054140964e-17
6.82286523757259,3.73834610221398e-17
6.8354475214125,3.78912295467398e-17
6.84805300868104,3.83994212219918e-17
6.86068174216847,3.89080464990853e-17
6.87333376474395,3.9417116044031e-17
6.8860091193557,3.99266415382168e-17
6.89870784903115,4.04366333831964e-17
6.91142999687705,4.09471027447345e-17
6.92417560607969,4.14580611264144e-17
6.93694471990496,4.19695202359228e-17
6.94973738169856,4.24814919830363e-17
6.96255363488612,4.29939884776508e-17
6.97539352297336,4.3507022027853e-17
6.98825708954621,4.40206051380366e-17
7.00114437827099,4.43804697388967e-17
7.01405543289456,4.43971502470524e-17
7.02699029724444,4.44141400786677e-17
7.03994901522898,4.44314442495464e-17
7.05293163083749,4.44490675540982e-17
7.06593818814042,4.4467014754524e-17
7.07896873128948,4.44852906430863e-17
7.09202330451781,4.45038999795558e-17
7.10510195214011,4.45228474918475e-17
7.11820471855282,4.45421378766551e-17
7.13133164823423,4.45617758000852e-17
7.14448278574469,4.45817658982895e-17
7.15765817572667,4.4602112778095e-17
7.17085786290503,4.46228210176335e-17
7.18408189208705,4.46438951669683e-17
7.19733030816269,4.46653386001307e-17
7.21060315610466,4.46871565713718e-17
7.22390048096862,4.47093539712572e-17
7.23722232789332,4.47319352433609e-17
7.25056874210075,4.47549048062969e-17
7.26393976889627,4.47782670543325e-17
7.27733545366884,4.48020263579998e-17
7.29075584189108,4.48261870647019e-17
7.3042009791195,4.48507534993188e-17
7.31767091099459,4.48757299648088e-17
7.33116568324102,4.49011207428074e-17
7.3446853416678,4.49269301785683e-17
7.35822993216839,4.49531637159695e-17
7.37179950072091,4.49798242619264e-17
7.38539409338825,4.50069160190562e-17
7.39901375631825,4.50344431715942e-17
7.41265853574387,4.50624098859723e-17
7.4263284779833,4.50908203113937e-17
7.44002362944017,4.51187309812845e-17
7.45374403660367,4.51429295928474e-17
7.46748974604874,4.51676141283531e-17
7.4812608044362,4.51927884754848e-17
7.49505725851292,4.52184565085699e-17
7.50887915511197,4.52446223970372e-17
7.52272654115279,4.52712898513743e-17
7.53659946364135,4.52984625296317e-17
7.55049796967032,4.53261442585221e-17
7.56442210641918,4.53543388541662e-17
7.57837192115445,4.53830501226341e-17
7.59234746122979,4.54122818604813e-17
7.6063487740862,4.54420378552797e-17
7.62037590725217,4.54723218861452e-17
7.63442890834382,4.55031377242597e-17
7.64850782506511,4.55344891333891e-17
7.66261270520795,4.55663792402127e-17
7.6767435966524,4.55988116527647e-17
7.69090054736679,4.56317909170122e-17
7.70508360540794,4.56653207716645e-17
7.71929281892129,4.5699404950544e-17
7.73352823614104,4.57340471830751e-17
7.74778990539038,4.57692511947709e-17
7.76207787508158,4.58050207077138e-17
7.77639219371621,4.58413594410317e-17
7.79073290988527,4.58782711113717e-17
7.80510007226937,4.59157594333653e-17
7.81949372963891,4.59538282429424e-17
7.83391393085421,4.59924812598758e-17
7.84836072486571,4.60317220597056e-17
7.8628341607141,4.60715543536449e-17
7.87733428753053,4.61119818531616e-17
7.89186115453675,4.61530082704187e-17
7.90641481104526,4.61946373187101e-17
7.92099530645953,4.62368727128919e-17
7.93560269027412,4.62797181698092e-17
7.95023701207486,4.63231774087188e-17
7.96489832153904,4.63672541517068e-17
7.97958666843555,4.64119524292712e-17
7.99430210262506,4.64572757712161e-17
8.00904467406019,4.60605677596826e-17
8.02381443278569,4.55758249033475e-17
8.03861142893858,4.50907775005047e-17
8.05343571274835,4.46054107131624e-17
8.06828733453713,4.411970955014e-17
8.08316634471984,4.36336588676021e-17
8.09807279380436,4.31472433695646e-17
8.11300673239174,4.2666019529429e-17
8.12796821117633,4.21886135810159e-17
8.14295728094596,4.17107425750466e-17
8.15797399258213,4.12323911060936e-17
8.17301839706017,4.07535434680945e-17
8.18809054544943,4.02741838026717e-17
8.20319048891341,3.97942960994463e-17
8.21831827870998,3.93138641963257e-17
8.23347396619153,3.88328717797671e-17
8.24865760280517,3.83513023850142e-17
8.26386924009285,3.78691393963106e-17
8.2791089296916,3.73863660470876e-17
8.29437672333367,3.69029651722452e-17
8.30967267284669,3.64189199143469e-17
8.32499683015391,3.59342130989219e-17
8.34034924727428,3.54488273574727e-17
8.35572997632273,3.49627451712764e-17
8.37113906951025,3.44759488714353e-17
8.38657657914417,3.39884206389028e-17
8.40204255762822,3.350014250449e-17
8.41753705746282,3.301109634885e-17
8.43306013124518,3.25212639024411e-17
8.44861183166951,3.20306269602298e-17
8.46419221152721,3.15391668208749e-17
8.47980132370701,3.10468646734876e-17
8.4954392211952,3.05537016470714e-17
8.51110595707577,3.0059658719953e-17
8.5268015845306,2.95647167196296e-17
8.54252615683965,2.90688563225953e-17
8.55827972738114,2.85720580541528e-17
8.57406234963172,2.80743022882056e-17
8.58987407716666,2.75755692470329e-17
8.60571496366003,2.70758389741516e-17
8.62158506288489,2.6575091406356e-17
8.63748442871345,2.60733063187496e-17
8.65341311511727,2.55704633245268e-17
8.66937117616746,2.50665418838897e-17
8.68535866603481,2.45615213037284e-17
8.70137563899005,2.40553807372851e-17
8.71742214940396,2.35480991838059e-17
8.73349825174761,2.30396554881774e-17
8.74960400059249,2.25300283405503e-17
8.76573945061075,2.20191975237194e-17
8.78190465657538,2.15048998711479e-17
8.79809967336034,2.09880997462325e-17
8.81432455594082,2.0470047236863e-17
8.83057935939335,1.99507201467681e-17
8.84686413889608,1.94300961233641e-17
8.86317894972888,1.89081526572909e-17
8.87952384727358,1.83848670819361e-17
8.89589888701412,1.786021657295e-17
8.91230412453678,1.73341779652822e-17
8.92873961553036,1.68067279833872e-17
8.94520541578632,1.62778436534525e-17
8.96170158119904,1.57475015149835e-17
8.97822816776596,1.52156779471857e-17
8.99478523158779,1.46823491684263e-17
9.01137282886871,1.53866812305584e-17
9.02799101591653,1.62213459847541e-17
9.04463984914291,1.70589005080749e-17
9.06131938506353,1.78993830970065e-17
9.0780296802983,1.87428315319316e-17
9.09477079157156,1.95892853304216e-17
9.11154277571222,2.04387836082218e-17
9.12834568965402,2.12913656673678e-17
9.1451795904357,2.21470710636103e-17
9.16204453520114,2.30059396073169e-17
9.17894058119967,2.38680113643785e-17
9.19586778578614,2.47333266571107e-17
9.21282620642119,2.56019260651601e-17
9.22981590067143,2.64738503339748e-17
9.24683692620961,2.73491406037511e-17
9.26388934081487,2.82278382833076e-17
9.28097320237287,2.91099849905714e-17
9.29808856887605,2.99956226052857e-17
9.31523549842376,3.08847932698939e-17
9.33241404922252,3.17775393904209e-17
9.34962427958618,3.26739036373451e-17
9.36686624793614,3.35739289464654e-17
9.38414001280151,3.44776585093716e-17
9.40144563281937,3.53851357962007e-17
9.41878316673491,3.62964045534862e-17
9.43615267340167,3.72115087867966e-17
9.4535542117817,3.81315096403639e-17
9.47098784094582,3.90555980183177e-17
9.48845362007375,3.99836497379953e-17
9.50595160845436,4.0915709917945e-17
9.52348186548587,4.18518239490695e-17
9.54104445067602,4.27920375961824e-17
9.55863942364229,4.37363967760212e-17
9.5762668441121,4.46849476174222e-17
9.59392677192304,4.56377366081362e-17
9.61161926702303,4.6594810511865e-17
9.62934438947053,4.75562163689257e-17
9.64710219943479,4.85220014968944e-17
9.66489275719598,4.94922134912287e-17
9.68271612314546,5.04669002258675e-17
9.70057235778597,5.1446109830633e-17
9.7184615217318,5.24298907525133e-17
9.73638367570902,5.34182917131124e-17
9.75433888055571,5.4411361705812e-17
9.77232719722214,5.54091500051053e-17
9.79034868677095,5.64117061670414e-17
9.80840341037743,5.74190800296399e-17
9.82649142932965,5.84313217132783e-17
9.84461280502873,5.94484816302559e-17
9.862767598989,6.04706106802765e-17
9.88095587283826,6.14977596053859e-17
9.89917768831792,6.25299796586652e-17
9.91743310728327,6.35673223769841e-17
9.9357221917037,6.46098395811812e-17
9.95404500366282,6.56575833762047e-17
9.97240160535877,6.67106061512155e-17
9.99079205910439,6.77689605796498e-17
10.0092164273274,6.74445658152536e-17
10.0276747725707,6.65812241889996e-17
10.0461671574925,6.5714377614429e-17
10.0646936448666,6.48439774451321e-17
10.0832542975824,6.39699747346461e-17
10.1018491786455,6.30923202358021e-17
10.1204783511775,6.22117568666633e-17
10.1391418784166,6.13276426994411e-17
10.1578398237175,6.04397224863674e-17
10.1765722505517,5.95479461574177e-17
10.1953392225078,5.86522625662386e-17
10.2141408032917,5.77526206692324e-17
10.2329770567267,5.68489691181466e-17
10.2518480467538,5.59412562596836e-17
10.2707538374321,5.50294301351543e-17
10.2896944929387,5.41134384801739e-17
10.3086700775689,5.31932287243905e-17
10.3276806557368,5.22687475615473e-17
10.3467262919752,5.13399421324729e-17
10.3658070509359,5.04067590627498e-17
10.3849229973899,4.9469144556257e-17
10.4040741962278,4.85270445102445e-17
10.4232607124596,4.75804045153473e-17
10.4424826112155,4.66291698556427e-17
10.4617399577455,4.56732855087639e-17
10.4810328174202,4.47126966376877e-17
10.5003612557305,4.37473473954373e-17
10.5197253382883,4.27771815480447e-17
10.5391251308264,4.18021428498008e-17
10.5585606991988,4.08221747499491e-17
10.5780321093809,3.98372203931442e-17
10.5975394274699,3.88472226199691e-17
10.6170827196849,3.78521239675204e-17
10.6366620523669,3.68518663453165e-17
10.6562774919794,3.58463917896029e-17
10.6759291051085,3.48356421614362e-17
10.6956169584631,3.38195587910136e-17
10.7153411188749,3.27980827089883e-17
10.7351016532992,3.17711546474745e-17
10.7548986288144,3.07387150411222e-17
10.7747321126229,2.9700167387323e-17
10.794602172051,2.8651257569016e-17
10.8145088745489,2.75966807786499e-17
10.8344522876914,2.65363762742845e-17
10.854432479178,2.54702829431683e-17
10.8744495168328,2.43983393846347e-17
10.8945034686051,2.33204839117498e-17
10.9145944025696,2.22366545530568e-17
10.9347223869264,2.11467890544108e-17
10.9548874900015,2.00508250474169e-17
10.9750897802467,1.89486995762091e-17
10.9953293262402,1.78403495217575e-17
11.0156061966867,1.75435155132615e-17
11.0359204604175,1.72527988235581e-17
11.0562721863907,1.69604887552593e-17
11.076661443692,1.66665675158868e-17
11.097088301534,1.63710172640476e-17
11.1175528292572,1.60738201852069e-17
11.1380550963301,1.57749580698594e-17
11.158595172349,1.54744128058657e-17
11.1791731270388,1.51721662027665e-17
11.1997890302527,1.48681999924896e-17
11.2204429519732,1.45624958300879e-17
11.2411349623112,1.42550352945107e-17
11.2618651315075,1.39457999338856e-17
11.2826335299322,1.36347711670414e-17
11.3034402280849,1.33219303150666e-17
11.3242852965957,1.30072586608325e-17
11.3451688062247,1.26907374154473e-17
11.3660908278624,1.23723477192253e-17
11.3870514325302,1.20520706426939e-17
11.4080506913803,1.17298871731467e-17
11.4290886756965,1.14057780889879e-17
11.4501654568935,1.10805270001894e-17
11.4712811065181,1.07541300403549e-17
11.4924356962489,1.04257421160662e-17
11.5136292978968,1.00953439181273e-17
11.5348619834049,9.76291607520652e-18
11.5561338248492,9.42843915514801e-18
11.5774448944384,9.09189376275208e-18
11.5987952645147,8.75326029154703e-18
11.6201850075534,8.41251909191619e-18
11.6416141961635,8.06965050239718e-18
11.663082903088,7.72463480787647e-18
11.684591201204,7.37745224115058e-18
11.706139163523,7.02808298453404e-18
11.7277268631911,6.67650713201158e-18
11.7493543734894,6.32270475214018e-18
11.7710217678341,5.96665594343175e-18
11.7927291197766,5.6083407032486e-18
11.8144765030043,5.24773898718131e-18
11.8362639913401,4.88483071093075e-18
11.8580916587434,4.51959575223623e-18
11.8799595793097,4.15201392332427e-18
11.9018678272713,3.78206495747593e-18
11.9238164769974,3.40972873734864e-18
11.9458056029943,3.03498500906385e-18
11.9678352799056,2.65781349116261e-18
11.9899055825128,2.27819387683362e-18
12.012016585735,2.7585636578112e-18
12.0341683646297,3.50881189762209e-18
12.0563609943928,4.2640244786745e-18
12.0785945503588,5.02424039649753e-18
12.1008691080011,5.78949885502605e-18
12.1231847429323,6.56376057259459e-18
12.1455415309045,7.34454191324827e-18
12.1679395478094,8.13045604974914e-18
12.1903788696788,8.92154219897386e-18
12.2128595726846,9.71783935790639e-18
12.2353817331391,1.0519387063708e-17
12.2579454274956,1.13262245352413e-17
12.2805507323481,1.21383909671821e-17
12.303197724432,1.29559255241498e-17
12.3258864806241,1.37788673347215e-17
12.3486170779432,1.4607255520867e-17
12.3713895935499,1.5441129220316e-17
12.3942041047472,1.62805272780371e-17
12.4170606889806,1.71254886164664e-17
12.4399594238385,1.79760520904261e-17
12.4629003870522,1.88322564804787e-17
12.4858836564967,1.96941404861651e-17
12.5089093101902,2.05617427351618e-17
12.5319774262951,2.14351017535098e-17
12.5550880831178,2.23142559292239e-17
12.5782413591091,2.31992435679297e-17
12.6014373328645,2.40901028587371e-17
12.6246760831244,2.4986871866802e-17
12.6479576887744,2.58895885257801e-17
12.6712822288458,2.67982906707172e-17
12.6946497825153,2.77130159313376e-17
12.7180604291059,2.86338017770476e-17
12.7415142480866,2.95606855377481e-17
12.7650113190733,3.04937043724075e-17
12.7885517218284,3.14377727377795e-17
12.8121355362615,3.23909494335705e-17
12.8357628424298,3.33503284174785e-17
12.8594337205377,3.43159460996234e-17
12.8831482509378,3.52878386530227e-17
12.9069065141308,3.62660420264933e-17
12.9307085907659,3.72505919363732e-17
12.9545545616411,3.82415238575638e-17
12.9784445077031,3.92388729883956e-17
13.0023785100482,3.98605973249404e-17
13.0263566499221,3.96731339051142e-17
13.0503790087204,3.94838718289277e-17
13.0744456679887,3.92927948038141e-17
13.098556709423,3.90998865397189e-17
13.1227122148701,3.89051307517674e-17
13.1469122663276,3.87085111531379e-17
13.1711569459444,3.85100114873212e-17
13.1954463360208,3.83096155026234e-17
13.2197805190088,3.81073069624871e-17
13.2441595775128,3.79030696495856e-17
13.2685835942891,3.76968873687714e-17
13.293052652247,3.74887439966026e-17
13.3175668344484,3.72786233947481e-17
13.3421262241085,3.70665094005283e-17
13.366730904596,3.68523859379944e-17
13.3913809594332,3.66362369688262e-17
13.4160764722966,3.64180464955599e-17
13.440817527017,3.61977985606922e-17
13.4656042075796,3.59864239745924e-17
13.4904365981246,3.57729277497711e-17
13.5153147829475,3.5557260022759e-17
13.540238846499,3.53394049976229e-17
13.5652088733858,3.51193469378577e-17
13.5902249483703,3.48970701699728e-17
13.6152871563716,3.46725590931833e-17
13.640395582465,3.44457981658657e-17
13.6655503118831,3.42167719244462e-17
13.6907514300154,3.39854649842018e-17
13.7159990224089,3.37518620419866e-17
13.7412931747684,3.35159478800659e-17
13.7666339729569,3.32777073048474e-17
13.7920215029954,3.30371253123391e-17
13.8174558510639,3.27941870001334e-17
13.8429371035011,3.25488775312318e-17
13.868465346805,3.23011821737892e-17
13.894040667633,3.20510863051709e-17
13.9196631528025,3.17985754361688e-17
13.9453328892909,3.15436351731437e-17
13.971049964236,3.12862512266396e-17
13.9968144649363,3.10168135251856e-17
14.0226264788513,3.06558597759746e-17
14.0484860936018,3.02917417976675e-17
14.0743933969701,2.99244433782425e-17
14.1003484769004,2.95539484846517e-17
14.1263514214993,2.91441953278716e-17
14.1524023190355,2.87166317311463e-17
14.1785012579408,2.82861660457726e-17
14.20464832681,2.78527834497288e-17
14.2308436144012,2.74164693423086e-17
14.2570872096361,2.69772093597473e-17
14.2833792016008,2.65349893833371e-17
14.3097196795451,2.60897955300129e-17
14.3361087328839,2.56416141644924e-17
14.3625464511966,2.51904319045093e-17
14.3890329242282,2.47362356465099e-17
14.4155682418888,2.42790125277314e-17
14.4421524942545,2.38187499374053e-17
14.4687857715676,2.33554355576825e-17
14.4954681642366,2.2889057349893e-17
14.5221997628369,2.24196035597653e-17
14.5489806581109,2.19470627140625e-17
14.5758109409682,2.14714236470088e-17
14.6026907024863,2.09926754932843e-17
14.6296200339105,2.05108076881632e-17
14.6565990266543,2.00258099772141e-17
14.6836277723,1.953767242142e-17
14.7107063625986,1.90463854343111e-17
14.7378348894703,1.85519396959465e-17
14.765013445005,1.80543262382655e-17
14.7922421214622,1.75720361014596e-17
14.8195210112717,1.70970793589531e-17
14.8468502070337,1.66187119589171e-17
14.8742298015191,1.61369259920115e-17
14.90165988767,1.56517141214855e-17
14.9291405585999,1.51630692585101e-17
14.9566719075938,1.46709846824275e-17
14.984254028109,1.41754540456941e-17
15.011887013775,1.62210417229379e-17
15.039570958394,1.96473472602896e-17
15.0673059559412,2.30952862015368e-17
15.0950921005651,2.65648698125016e-17
15.1229294865877,3.00561067464211e-17
15.1508182085052,3.3569003018016e-17
15.1787583609879,3.710356210074e-17
15.2067500388805,4.06597845624136e-17
15.2347933372031,4.42376683203522e-17
15.2628883511505,4.78372085864771e-17
15.2910351760934,5.14583978126617e-17
15.3192339075782,5.51012256841573e-17
15.3474846413277,5.87656791024301e-17
15.375787473241,6.24517420527052e-17
15.404142499394,6.61593957276542e-17
15.4325498160402,6.98886184536974e-17
15.4610095196101,7.36386964799007e-17
15.4895217067124,7.74099539823777e-17
15.5180864741337,8.1202706643526e-17
15.5467039188393,8.50169212510012e-17
15.5753741379731,8.88525615309729e-17
15.6040972288584,9.27095882389673e-17
15.6328732889977,9.65879591871937e-17
15.6617024160736,1.00487629219215e-16
15.6905847079485,1.04408549976632e-16
15.7195202626657,1.08350670194289e-16
15.7485091784489,1.12313935571521e-16
15.7775515537031,1.1629828876176e-16
15.8066474870149,1.20303669406688e-16
15.8357970771524,1.24330014002711e-16
15.8650004230662,1.2837725600534e-16
15.8942576238891,1.32445325798603e-16
15.9235687789368,1.3653415068235e-16
15.9529339877083,1.40643654868218e-16
15.9823533498858,1.44773759474116e-16
16.0118269653356,1.4600830509113e-16
16.041354934108,1.4547133669111e-16
16.0709373564379,1.44928381445405e-16
16.1005743327449,1.4437942587068e-16
16.130265963634,1.43826473828296e-16
16.1600123498956,1.4326828368252e-16
16.189813592506,1.42704030977441e-16
16.2196697926276,1.42133705193616e-16
16.2495810516096,1.41557296569911e-16
16.279547470988,1.40974796101077e-16
16.3095691524858,1.4038619557037e-16
16.339646198014,1.39791487529339e-16
16.3697787096713,1.39190665311961e-16
16.3999667897446,1.38583723040384e-16
16.4302105407097,1.37970655623455e-16
16.4605100652312,1.37351458780408e-16
16.490865466163,1.36726129030715e-16
16.5212768465489,1.36094663699977e-16
16.5517443096223,1.35457060926166e-16
16.5822679588075,1.34813319663859e-16
16.6128478977191,1.34163439687818e-16
16.643484230163,1.33507421596764e-16
16.6741770601365,1.32845266816816e-16
16.7049264918286,1.32176977604509e-16
16.7357326296206,1.31502557055355e-16
16.7665955780862,1.30822009093907e-16
16.7975154419919,1.30132917538228e-16
16.8284923262974,1.29436661023726e-16
16.859526336156,1.28734329690372e-16
16.8906175769151,1.28025930780752e-16
16.921766154116,1.27311472383974e-16
16.952972173495,1.26590963436662e-16
16.984235740983,1.25864413714821e-16
17.0155569627067,1.23003910094752e-16
17.0469359449882,1.19288266209684e-16
17.0783727943458,1.15552957358467e-16
17.1098676174941,1.11798096187799e-16
17.1414205213447,1.0802379822522e-16
17.1730316130062,1.0423018185051e-16
17.2047009997847,1.00417368268017e-16
17.2364287891844,9.65854815012562e-17
17.2682150889075,9.27346483673602e-17
17.300060006855,8.88649984418949e-17
17.3319636511267,8.49766640409745e-17
17.363926130022,8.1069780195939e-17
17.3959475520398,7.71444846269237e-17
17.4280280258793,7.32009177155594e-17
17.4601676604398,6.92462748122688e-17
17.4923665648218,6.52798168588721e-17
17.5246248483269,6.12953752165723e-17
17.556942620458,5.7293100951909e-17
17.5893199909204,5.32731476590429e-17
17.6217570696213,4.92356714260819e-17
17.6542539666707,4.51808307954056e-17
17.6868107923819,4.11087867064122e-17
17.7194276572713,3.70197025263206e-17
17.7521046720593,3.29137439502677e-17
17.7848419476704,2.87910789819636e-17
17.8176395952336,2.46518778956026e-17
17.8504977260831,2.04963131924764e-17
17.8834164517581,1.63245595853011e-17
17.9163958840036,1.21367939301824e-17
17.9494361347709,7.93319519531964e-18
17.9825373162174,3.71394442376235e-18
18.0156995407076,3.56471305178978e-18
18.0489229208129,5.21634051684345e-18
18.0822075693128,6.87355623488338e-18
18.1155535991942,8.53303354657904e-18
18.1489611236528,1.0181038561408e-17
18.1824302560929,1.18346591604231e-17
18.2159611101279,1.34938201871365e-17
18.2495537995807,1.51584458272962e-17
18.2832084384843,1.68284596282841e-17
18.3169251410817,1.85037845210632e-17
18.3507040218267,2.01843428270471e-17
18.3845451953843,2.18700562892206e-17
18.4184487766308,2.35608460869468e-17
18.4524148806544,2.5256632862438e-17
18.4864436227555,2.69573367274893e-17
18.5205351184472,2.86628772762675e-17
18.5546894834556,3.03731736265253e-17
18.5889068337202,3.20881444294832e-17
18.6231872853943,3.38077079341241e-17
18.6575309548454,3.5531781880281e-17
18.6919379586556,3.7260283630675e-17
18.726408413622,3.89931301690364e-17
18.7609424367572,4.07302380871731e-17
18.7955401452893,4.247522595315e-17
18.8302016566628,4.42275422130386e-17
18.8649270885389,4.59837764305928e-17
18.8997165587955,4.7743844389666e-17
18.934570185528,4.95076615971076e-17
18.9694880870496,5.12751433503592e-17
19.0044703818918,5.26116779377184e-17
19.0395171888044,5.31385338447029e-17
19.0746286267564,5.36657312296824e-17
19.1098048149363,5.41932454300084e-17
19.1450458727521,5.47210517932245e-17
19.1803519198322,5.52491257479226e-17
19.2157230760256,5.5777442782514e-17
19.2511594614023,5.63059784391312e-17
19.2866611962536,5.68347083521601e-17
19.3222284010928,5.73636082221837e-17
19.3578611966555,5.78926538292536e-17
19.3935597038997,5.8421821039992e-17
19.4293240440067,5.89510858108654e-17
19.4651543383811,5.94816707451483e-17
19.5010507086516,6.00131774278085e-17
19.5370132766708,6.05446804393086e-17
19.5730421645166,6.10761563274155e-17
19.6091374944915,6.16075817489463e-17
19.6452993891238,6.21389334857819e-17
19.6815279711677,6.26701884452981e-17
19.7178233636038,6.32013236624704e-17
19.7541856896394,6.37323163108072e-17
19.7906150727092,6.42631437010228e-17
19.8271116364754,6.47937832861522e-17
19.8636755048282,6.53242126725625e-17
19.9003068018864,6.58544096101779e-17
19.9370056519976,6.63843519994018e-17
19.9737721797388,6.6914017905085e-17
20.0106065099165,6.72349830920961e-17
20.0475087675677,6.73540670134248e-17
20.0844790779598,6.74722048332552e-17
20.1215175665913,6.75890390019513e-17
20.1586243591919,6.77039957160639e-17
20.1957995817234,6.78180208749314e-17
20.2330433603799,6.79311131760761e-17
20.270355821588,6.80432714313063e-17
20.3077370920078,6.8154494585623e-17
20.3451872985326,6.82647817309252e-17
20.3827065682899,6.83741320636654e-17
20.4202950286416,6.8482544921329e-17
20.4579528071846,6.8590019773571e-17
20.4956800317508,6.86965562210068e-17
20.5334768304083,6.88021539890315e-17
20.5713433314609,6.89068129304411e-17
20.6092796634493,6.90105330248853e-17
20.6472859551511,6.91133143742848e-17
20.6853623355816,6.9215157207953e-17
20.7235089339937,6.93160618791588e-17
20.7617258798789,6.94160288608287e-17
20.8000133029674,6.95160480779648e-17
20.8383713332287,6.96158726197471e-17
20.876800100872,6.97147348183361e-17
20.9152997363465,6.98126358378138e-17
20.953870370342,6.99095769545955e-17
20.9925121337895,6.99580358727468e-17
21.0312251578612,6.83305133215392e-17
21.0700095739713,6.67009113116948e-17
21.1088655137764,6.50693069277287e-17
21.1477931091758,6.34357768975665e-17
21.1867924923121,6.1800397574274e-17
21.2258637955715,6.01632449354331e-17
21.2650071515845,5.85243945673876e-17
21.3042226932261,5.68839216512967e-17
21.3435105536162,5.52419009486406e-17
21.3828708661206,5.35984067956912e-17
21.4223037643505,5.19535130883509e-17
21.4618093821638,5.03063287033626e-17
21.5013878536654,4.86565543938245e-17
21.5410393132072,4.70056364560546e-17
21.580763895389,4.53536465948469e-17
21.6205617350588,4.37006560240425e-17
21.6604329673134,4.20467354565335e-17
21.7003777274985,4.03919550976566e-17
21.7403961512095,3.87363846365991e-17
21.780488374292,3.70800932346344e-17
21.8206545328419,3.54231495174228e-17
21.8608947632063,3.37656215693199e-17
21.9012092019835,3.21075769234323e-17
21.9415979860238,3.04490825562406e-17
21.9820612524299,2.87902048791613e-17
22.0225991385575,2.89377494029996e-17
22.0632117820152,2.95992533685686e-17
22.1038993206658,3.0260385790372e-17
22.144661892626,3.0922529159781e-17
22.1854996362674,3.15846050117698e-17
22.2264126902167,3.22462141608855e-17
22.2674011933563,3.29073354216344e-17
22.3084652848246,3.35679478750249e-17
22.3496051040168,3.42280308686096e-17
22.3908207905849,3.48875640168343e-17
22.4321124844388,3.5546527204088e-17
22.4734803257459,3.62049005828085e-17
22.5149244549326,3.68626645752623e-17
22.5564450126839,3.7519799873734e-17
22.5980421399444,3.81762874403049e-17
22.6397159779187,3.88321085083777e-17
22.6814666680716,3.94872445838803e-17
22.723294352129,4.01416774420395e-17
22.7651991720779,4.07953891289358e-17
22.8071812701673,4.14481101393375e-17
22.8492407889087,4.20999497754861e-17
22.8913778710761,4.27510224417885e-17
22.9335926597069,4.34013112021721e-17
22.9758852981022,4.40507993906768e-17
23.0182559298277,4.46470330862264e-17
23.0607046987136,4.52144612387322e-17
23.1032317488551,4.57810915763159e-17
23.1458372246137,4.63469109515467e-17
23.1885212706166,4.69119064514939e-17
23.231284031758,4.74760653967431e-17
23.2741256531993,4.80393753437258e-17
23.3170462803695,4.86018240820664e-17
23.3600460589658,4.91633996344727e-17
23.4031251349541,4.97240902551184e-17
23.4462836545694,5.02838844289195e-17
23.4895217643167,5.08415558620791e-17
23.5328396109707,5.13983217452207e-17
23.5762373415772,5.19541790174443e-17
23.6197151034528,5.25091168394784e-17
23.6632730441861,5.30631245981329e-17
23.7069113116376,5.36161919051605e-17
23.7506300539408,5.41683085961358e-17
23.794429419502,5.47194647288806e-17
23.8383095570014,5.52696505825099e-17
23.8822706153934,5.58188566556035e-17
23.9263127439071,5.6367073664457e-17
23.9704360920465,5.69142925423907e-17
24.0146408095918,5.8603626429432e-17
24.0589270465991,6.12173961548235e-17
24.1032949534012,6.38279246667412e-17
24.1477446806083,6.64362065261061e-17
24.1922763791081,6.90414306476697e-17
24.236890200067,7.1643221393882e-17
24.2815862949297,7.42415250176864e-17
24.3263648154204,7.68362887588792e-17
24.3712259135431,7.94274608744645e-17
24.4161697415821,8.20149905900198e-17
24.4611964521025,8.45988281730342e-17
24.5063061979508,8.71789248522097e-17
24.5514991322553,8.97552328252724e-17
24.5967754084268,9.23277052647935e-17
24.6421351801589,9.48962963156299e-17
24.6875786014287,9.74609610730731e-17
24.7331058264972,1.00021655599829e-16
24.77871700991,1.02578336867931e-16
24.8244123064975,1.05130566492137e-16
24.8701918713758,1.07678689350071e-16
24.9160558599469,1.10222682846201e-16
24.9620044278997,1.12762507582513e-16
25.0080377312097,1.12794246046386e-16
25.0541559261405,1.09003015051246e-16
25.1003591692437,1.05216378685196e-16
25.1466476173596,1.01434412583786e-16
25.1930214276177,9.76571909798388e-17
25.2394807574373,9.38847867118939e-17
25.2860257645281,9.01172712349232e-17
25.3326566068904,8.63547146302399e-17
25.379373442816,8.25971856154289e-17
25.4261764308889,7.88447515545923e-17
25.473065729985,7.50979177915167e-17
25.5200414992735,7.13566713842035e-17
25.5671038982173,6.76206994104489e-17
25.614253086573,6.38900641099607e-17
25.661489224392,6.01648264203501e-17
25.7088124720208,5.64450459894127e-17
25.7562229901018,5.27307811852996e-17
25.8037209395733,4.90220891075489e-17
25.8513064816707,4.53190255991021e-17
25.8989797779266,4.16216452578639e-17
25.9467409901715,3.7930001447612e-17
25.9945902805343,3.47685388950863e-17
26.042527811443,3.59296990644963e-17
26.0905537456249,3.70887577564971e-17
26.1386682461078,3.82453024404677e-17
26.1868714762198,3.93993277104905e-17
26.2351635995903,4.05512310987026e-17
26.2835447801504,4.17010014321559e-17
26.3320151821336,4.28486278777152e-17
26.3805749700764,4.39940999381636e-17
26.4292243088183,4.51374074482765e-17
26.4779633635033,4.62785405707681e-17
26.5267922995795,4.74174897922965e-17
26.5757112828005,4.85542459196595e-17
26.6247204792252,4.96888000757588e-17
26.673820055219,5.08211436951669e-17
26.7230101774541,5.19512685207736e-17
26.7722910129098,5.307916659927e-17
26.8216627288736,5.42073472531472e-17
26.8711254929415,5.53338341244511e-17
26.9206794730184,5.64580152939885e-17
26.9703248373189,5.7579884738235e-17
27.0200617543679,5.84169691679809e-17
27.069890393001,5.90824150214546e-17
27.1198109223651,5.9746364613232e-17
27.1698235119192,6.0408816641388e-17
27.2199283314347,6.1069769946118e-17
27.2701255509961,6.17292235083248e-17
27.3204153410015,6.23871764467044e-17
27.3707978721633,6.30436280151648e-17
27.4212733155086,6.36985776008537e-17
27.4718418423802,6.43504978894787e-17
27.5225036244366,6.49991302348559e-17
27.5732588336529,6.56463212384642e-17
27.6241076423214,6.62920699694503e-17
27.6750502230521,6.69363756296169e-17
27.7260867487733,6.75792375488053e-17
27.7772173927324,6.82206551778072e-17
27.8284423284959,6.88606280936339e-17
27.8797617299509,6.94991559949171e-17
27.9311757713045,7.01362387072783e-17
27.9826846270857,7.07718761688807e-17
28.0342884721451,6.78815593307324e-17
28.0859874816556,6.45410438082545e-17
28.1377818311134,6.12061875597401e-17
28.1896716963382,5.78767617619919e-17
28.2416572534739,5.45538025207342e-17
28.2937386789894,5.12373262202334e-17
28.3459161496788,4.79273485215074e-17
28.3981898426624,4.46238843740466e-17
28.4505599353871,4.13269480249643e-17
28.503026605627,3.80365530300171e-17
28.5555900314842,3.47527122632607e-17
28.6082503913889,3.1475437928435e-17
28.6610078641007,2.82047415688178e-17
28.7138626287087,2.49406340770863e-17
28.7668148646322,2.1683125705844e-17
28.8198647516216,1.84336907616037e-17
28.8730124697585,1.51914793413412e-17
28.9262581994568,1.19558551443575e-17
28.979602121463,8.72682649901012e-18
29.033044416857,9.37198223081525e-18
29.0865852670526,1.07557455653968e-17
29.1402248537981,1.21366359364439e-17
29.1939633591771,1.35146512337175e-17
29.2478009656088,1.48897895862124e-17
29.3017378558489,1.62620493503531e-17
29.3557742129903,1.76314291073921e-17
29.4099102204632,1.8997927662814e-17
29.4641460620364,2.03615409476082e-17
29.5184819218173,2.17222626855301e-17
29.5729179842531,2.30801011600238e-17
29.627454434131,2.44350560359579e-17
29.6820914565788,2.57871271791692e-17
29.7368292370662,2.71363146583751e-17
29.7916679614043,2.8482618729066e-17
29.8466078157474,2.98260398438413e-17
29.9016489865927,3.11665786466791e-17
29.9567916607817,3.25042359641668e-17
30.0120360255,3.44084359597756e-17
30.067382268279,3.7035819527443e-17
30.1228305769952,3.96575784721405e-17
30.1783811398722,4.22737203238961e-17
30.2340341454805,4.48842409448033e-17
30.2897897827381,4.74891429835122e-17
30.3456482409118,5.00884294189317e-17
30.4016097096171,5.26821035539031e-17
30.4576743788194,5.52701690087689e-17
30.5138424388343,5.78526297151875e-17
30.5701140803285,6.04294899091851e-17
30.6264894943201,6.30007541252473e-17
30.6829688721796,6.55664271897294e-17
30.7395524056304,6.81265142155757e-17
30.7962402867496,7.06809891200473e-17
30.8530327079681,7.32297756490417e-17
30.9099298620722,7.57729958610377e-17
30.9669319422034,7.83106559135528e-17
31.0240391418594,7.77877897375693e-17
31.0812516548947,7.55634018103229e-17
31.1385696755216,7.33437285477631e-17
31.1959933983102,7.11287675411369e-17
31.2535230181895,6.89185161262959e-17
31.3111587304481,6.67129713887933e-17
31.3689007307346,6.45121301688794e-17
31.4267492150585,6.23159890663733e-17
31.4847043797908,6.01245894214194e-17
31.5427664216644,5.79379138625048e-17
31.6009355377753,5.57559253862361e-17
31.6592119255827,5.35786197009617e-17
31.7175957829103,5.14059922987666e-17
31.7760873079462,4.92380384602634e-17
31.8346866992442,4.70747532591574e-17
31.8933941557243,4.49161315668784e-17
31.9522098766732,4.27621680570382e-17
32.0111340617453,4.24706356510225e-17
32.070166910963,4.48504366020916e-17
32.1293086247176,4.72250535613393e-17
32.1885594037701,4.95945923812557e-17
32.2479194492515,5.19589315426539e-17
32.3073889626639,5.43180799893401e-17
32.366968145881,5.66720468244193e-17
32.4266572011485,5.90208413066477e-17
32.4864563310855,6.13644728457555e-17
32.5463657386845,6.37029509990337e-17
32.6063856273122,6.60362854669796e-17
32.6665162007108,6.83644860890661e-17
32.7267576629978,7.06875628397278e-17
32.7871102186672,7.30055230432031e-17
32.8475740725903,7.5318295857589e-17
32.908149430016,7.76259771235833e-17
32.968836496572,7.99285772927489e-17
33.0296354782647,7.91892573776208e-17
33.090546581481,7.72026138222143e-17
33.1515700129878,7.52202773299271e-17
33.2127059799339,7.32422409344321e-17
33.2739546898498,7.12684975420824e-17
33.3353163506486,6.92990399352589e-17
33.396791170627,6.73338607760419e-17
33.4583793584659,6.53729510781373e-17
33.5200811232308,6.34162911339534e-17
33.581896674373,6.14638872181815e-17
33.6438262217298,5.95157315386745e-17
33.7058699755256,5.7571816198709e-17
33.7680281463726,5.56321332000157e-17
33.8303009452712,5.36966744457863e-17
33.892688583611,5.17654317435634e-17
33.9551912731714,4.9838396809104e-17
34.0178092261224,4.97775997888731e-17
34.0805426550253,5.15372823279977e-17
34.1433917728331,5.32930691339196e-17
34.2063567928921,5.50449473018207e-17
34.2694379289413,5.67929880954613e-17
34.3326353951145,5.8537200668166e-17
34.3959494059402,6.02775942197916e-17
34.4593801763422,6.20141779944943e-17
34.5229279216411,6.37469612783305e-17
34.5865928575544,6.5475953397856e-17
34.6503752001972,6.72011637171161e-17
34.7142751660836,6.89226016362388e-17
34.7782929721266,7.06402765892326e-17
34.8424288356393,7.23542115590048e-17
34.9066829743357,7.40644041891224e-17
34.9710556063311,7.57708620524352e-17
35.0355469501432,7.78971939325693e-17
35.1001572246926,8.01437668924225e-17
35.1648866493036,8.23854406341805e-17
35.229735443705,8.46222276623808e-17
35.2947038280307,8.68541405110308e-17
35.3597920228209,8.90811917412584e-17
35.4250002490219,9.13033939389817e-17
35.4903287279882,9.35208421830083e-17
35.5557776814818,9.57335278522059e-17
35.6213473316741,9.79413996739972e-17
35.6870379011461,1.00144470349633e-16
35.7528496128893,1.02342752593619e-16
35.8187826903063,1.04536259131564e-16
35.8848373572119,1.06725002698306e-16
35.9510138378334,1.08908996035847e-16
36.0173123568118,1.06629318813518e-16
36.0837331392022,9.9569975870229e-17
36.1502764104749,9.25260060075324e-17
36.2169423965159,8.54973822203507e-17
36.2837313236277,7.8483995270046e-17
36.3506434185305,7.14858066746244e-17
36.417678908362,6.45027778913584e-17
36.4848380206792,5.75348703233136e-17
36.5521209834587,5.05820453262375e-17
36.6195280250975,4.36442642140375e-17
36.6870593744136,3.67214882651699e-17
36.7547152606472,2.98136787287317e-17
36.8224959134611,2.29206586292226e-17
36.8904015629419,1.60424018981134e-17
36.9584324396001,9.17900014621364e-18
37.0265887743716,7.29644891108632e-18
37.0948707986181,8.57546343038296e-18
37.163278744128,9.85172236583977e-18
37.231812843117,1.11252329933801e-17
37.3004733282291,1.23960025851585e-17
37.3692604325374,1.36640384085858e-17
37.4381743895448,1.49293477254019e-17
37.5072154331848,1.61919615205048e-17
37.5763837978224,1.74518701580556e-17
37.6456797182544,1.87090734588465e-17
37.7151034297111,1.99635786611887e-17
37.7846551678564,2.12153929931054e-17
37.8543351687886,2.24645236716209e-17
37.9241436690419,2.37109779019456e-17
37.994080905586,2.50465063681668e-17
38.0641471158283,2.69583703413815e-17
38.1343425376136,2.88661350109256e-17
38.2046674092253,3.07697881101371e-17
38.2751219693865,3.26693713417338e-17
38.3457064572602,3.45648956448739e-17
38.4164211124509,3.64563719339779e-17
38.4872661750044,3.83438110977389e-17
38.5582418854096,4.02272239980052e-17
38.6293484845989,4.210662146875e-17
38.7005862139486,4.39820143150195e-17
38.7719553152806,4.58534133119255e-17
38.8434560308624,4.77208754224477e-17
38.9150886034086,4.95843781779587e-17
38.9868532760811,5.13008302894025e-17
39.0587502924904,4.94118486862945e-17
39.1307798966963,4.75269005834848e-17
39.2029423332084,4.56459752139921e-17
39.2752378469875,4.37690618367584e-17
39.347666683446,4.18961497374896e-17
39.420229088449,4.00272282297039e-17
39.4929253083147,3.81623084254517e-17
39.565755589816,3.63013780213188e-17
39.6387201801804,3.44444055459501e-17
39.7118193270918,3.25913804442468e-17
39.7850532786904,3.07422921933221e-17
39.8584222835744,2.88971303035765e-17
39.9319265908002,2.70558843191205e-17
40.0055664498836,2.53507685492161e-17
40.0793421108005,2.3962380111812e-17
40.1532538239877,2.25769448315362e-17
40.2273018403441,2.11944588721472e-17
40.3014864112311,1.98148997358423e-17
40.3758077884735,1.84382596704052e-17
40.4502662243609,1.70645309524965e-17
40.5248619716479,1.56937058883342e-17
40.5995952835551,1.43257768143586e-17
40.6744664137702,1.29607360976148e-17
40.749475616449,1.15985761362132e-17
40.8246231462155,1.0239437038542e-17
40.8999092581636,8.88332976249199e-18
40.9753342078576,7.53007480210632e-18
41.050898251333,1.07829635843963e-17
41.1266016450973,1.45711418944389e-17
41.2024446461315,1.83513475183344e-17
41.2784275118902,2.21236012212439e-17
41.3545505003026,2.58879236669036e-17
41.430813869774,2.96443354164458e-17
41.5072178791859,3.33924601663294e-17
41.5837627878975,3.71325199214013e-17
41.6604488557458,4.08647410185331e-17
41.7372763430475,4.45891434427556e-17
41.8142455105991,4.83057470733991e-17
41.8913566196781,5.20145716833352e-17
41.9686099320439,5.57156369378994e-17
42.0460057099384,5.70850837849311e-17
42.1235442160873,5.79259858536609e-17
42.2012257137008,5.87652743809134e-17
42.2790504664744,5.96028174051457e-17
42.35701873859,6.04386186413344e-17
42.4351307947165,6.12726822517143e-17
42.5133869000111,6.2105012369824e-17
42.59178732012,6.2935613100436e-17
42.670332321179,6.37644885193177e-17
42.749022169815,6.45916426731841e-17
42.8278571331464,6.54171605710118e-17
42.9068374787842,6.62410545463737e-17
42.9859634748332,6.6957175610045e-17
43.0652353898923,6.53676213242787e-17
43.1446534930558,6.37813854468203e-17
43.2242180539142,6.21984595942362e-17
43.3039293425554,6.06188354292152e-17
43.3837876295653,5.90425046608592e-17
43.4637931860284,5.7469448867863e-17
43.5439462835298,5.58995431775964e-17
43.6242471941548,5.43329088194645e-17
43.7046961904909,5.27695376556107e-17
43.7852935456281,5.120942159648e-17
43.8660395331599,4.96525526010422e-17
43.9469344271847,4.80989226770224e-17
44.0279785023061,4.61549129751948e-17
44.109172033634,4.39136636817114e-17
44.190515296786,4.16771292676467e-17
44.2720085678877,3.94452530332834e-17
44.353652123574,3.72180097016773e-17
44.43544624099,3.49953882619225e-17
44.5173911977917,3.2777377776613e-17
44.5994872721474,3.05639673821031e-17
44.6817347427383,2.83551462887225e-17
44.7641338887593,2.61509037810143e-17
44.8466849899205,2.39512429142007e-17
44.9293883264476,2.17561460932007e-17
45.0122441790832,2.014813267905e-17
45.0952528290875,1.95393260784697e-17
45.1784145582396,1.89317792597317e-17
45.2617296488379,1.8325489286621e-17
45.3451983837017,1.77204532432074e-17
45.4288210461719,1.71166682339166e-17
45.5125979201115,1.65141166130715e-17
45.5965292899074,1.59128023033909e-17
45.6806154404708,1.53127308832477e-17
45.7648566572382,1.47138995330374e-17
45.8492532261728,1.41163054537816e-17
45.9338054337648,1.35199458671789e-17
46.0185135670329,1.33792659061455e-17
46.1033779135251,1.38176931123174e-17
46.1883987613197,1.42552003274946e-17
46.2735763990261,1.46917976320065e-17
46.3589111157861,1.51274914660264e-17
46.4444032012747,1.55622836419469e-17
46.5300529457011,1.59961759560103e-17
46.6158606398095,1.64291701883312e-17
46.7018265748806,1.68612681028388e-17
46.7879510427319,1.72924714471827e-17
46.8742343357193,1.77227819531072e-17
46.9606767467379,1.81522013362292e-17
47.0472785692226,1.79831644423566e-17
47.1340400971498,1.76329943607442e-17
47.2209616250378,1.72835444480117e-17
47.3080434479481,1.69348131282179e-17
47.3952858614865,1.65867988376494e-17
47.4826891618036,1.62395003678969e-17
47.5702536455964,1.58929168108541e-17
47.657979610109,1.55470456411024e-17
47.7458673531335,1.52018853442002e-17
47.8339171730114,1.4857434417911e-17
47.9221293686343,1.45136913722286e-17
48.010504239445,1.40654583995193e-17
48.0990420854383,1.34140865905646e-17
48.1877432071626,1.27640830818405e-17
48.2766079057204,1.21154303897252e-17
48.3656364827693,1.14681133651731e-17
48.4548292405235,1.08221294143707e-17
48.5441864817542,1.01774759661083e-17
48.6337085097912,9.53415047433372e-18
48.7233956285236,8.89215041488612e-18
48.8132481424009,8.25146234847432e-18
48.9032663564342,7.61205445620729e-18
48.9934505761967,7.32574876743876e-18
49.0838011078254,9.05330107117751e-18
49.174318258022,1.07772810592167e-17
49.2650023340534,1.24976950270186e-17
49.3558536437535,1.42145492080766e-17
49.4468724955237,1.59278497727406e-17
49.5380591983341,1.76376380327797e-17
49.6294140617249,1.93438907509596e-17
49.7209373958065,2.1046607230493e-17
49.812629511262,2.27457934011007e-17
49.9044907193467,2.44414551319443e-17
49.9965213318904,2.55666885798656e-17
50.0887216612977,2.41679870215486e-17
50.1810920205494,2.27721432515423e-17
50.2736327232035,2.13791595782216e-17
50.3663440833961,1.99890513378781e-17
50.4592264158428,1.86018136290057e-17
50.5522800358397,1.72174416002565e-17
50.6455052592638,1.58359304503308e-17
50.7389024025751,1.44572754278299e-17
50.8324717828171,1.30814935042268e-17
50.9262137176179,1.17085907111437e-17
51.0201285251915,1.05429158050487e-17
51.1142165243384,9.6444846206632e-18
51.2084780344474,8.74791242384094e-18
51.3029133754961,7.85319627038861e-18
51.397522868052,6.9603332480854e-18
51.4923068332743,6.06931453024997e-18
51.5872655929138,5.18013050396767e-18
51.6823994693152,4.29279140482673e-18
51.7777087854174,3.40729444271814e-18
51.8731938647548,2.52363685903482e-18
51.9688550314586,1.64181592656825e-18
52.0646926102576,2.58382086458159e-18
52.1607069264794,3.73516073858537e-18
52.256898306052,4.88410013937223e-18
52.3532670755037,6.03064305033877e-18
52.4498135619656,7.17479281922011e-18
52.5465380931717,8.31655275340052e-18
52.6434409974606,9.45592612008582e-18
52.7405226037763,1.05929161464585e-17
52.8377832416695,1.17275270682615e-17
52.9352232412986,1.28597623772323e-17
53.0328429334307,1.48178405639164e-17
53.1306426494431,1.74287841624354e-17
53.2286227213242,2.00342569311643e-17
53.3267834816743,2.26342659268827e-17
53.4251252637076,2.52288181164597e-17
53.5236484012523,2.78179083658455e-17
53.6223532287525,3.04015480696142e-17
53.7212400812691,3.29797516886271e-17
53.8203092944806,3.55525258291701e-17
53.9195612046848,3.81198770096947e-17
54.0189961487995,4.02434226633146e-17
54.118614464364,4.17376317763517e-17
54.2184164895401,4.3228738834815e-17
54.318402563113,4.47166861561779e-17
54.4185730244927,4.62014676200702e-17
54.5189282137153,4.76830866276957e-17
54.6194684714438,4.91615465304294e-17
54.7201941389695,5.06368506300793e-17
54.8211055582131,5.21090070455726e-17
54.9222030717259,5.35780299758416e-17
55.0234870226906,5.38773047400286e-17
55.1249577549232,5.27680917561977e-17
55.2266156128735,5.16611735417395e-17
55.3284609416266,5.05565471279528e-17
55.4304940869039,4.94542095821591e-17
55.5327153950644,4.83540095238705e-17
55.6351252131059,4.72560212028248e-17
55.737723888666,4.61603172044252e-17
55.8405117700235,4.5066894682953e-17
55.9434892060993,4.39757508285151e-17
56.046656546458,4.51869545336575e-17
56.1500141413085,4.75110563266964e-17
56.2535623415061,4.98302776721997e-17
56.3573014985524,5.21445183490911e-17
56.4612319645978,5.44537828981614e-17
56.5653540924419,5.6758075787782e-17
56.6696682355348,5.90574014143493e-17
56.7741747479786,6.1351764102754e-17
56.8788739845283,6.36411966204605e-17
56.9837663005932,6.55495349300495e-17
57.088852052238,6.2184387070914e-17
57.1941315961838,5.88263679759932e-17
57.29960528981,5.54754705832776e-17
57.4052734911546,5.21316879335825e-17
57.5111365589161,4.87949934957486e-17
57.6171948524546,4.54653744557179e-17
57.7234487317926,4.21428507258041e-17
57.8298985576169,3.88274157402561e-17
57.936544691279,3.55190630330645e-17
58.0433874947972,3.22657525916766e-17
58.1504273308572,2.90479133800276e-17
58.2576645628135,2.58369930528919e-17
58.365099554691,2.26329651626429e-17
58.4727326711854,1.94358238707783e-17
58.5805642776654,1.62455634322638e-17
58.6885947401732,1.30621781948806e-17
58.7968244254262,9.88566259857867e-18
58.905253700818,6.71599415209788e-18
59.0138829344197,5.44854256284723e-18
59.1227124949813,7.71762690341868e-18
59.2317427519327,9.98177755840974e-18
59.340974075385,1.22409981419905e-17
59.4504068361321,1.44952922050746e-17
59.5600414056515,1.67446920869774e-17
59.6698781561058,1.89891769273295e-17
59.7799174603439,2.12287449090056e-17
59.8901596919023,2.34633993431878e-17
60.0006052250064,2.65443522372e-17
60.1112544345715,3.25199709871891e-17
60.2221076962047,3.84824464109212e-17
60.3331653862055,4.44318093004633e-17
60.4444278815672,5.0368075648622e-17
60.5558955599787,5.62912536636457e-17
60.6675687998251,6.22013513976711e-17
60.7794479801895,6.80983767480725e-17
60.891533480854,7.39823465939349e-17
61.003825682301,7.70544643275053e-17
61.1163249657147,7.19604847145739e-17
61.229031712982,6.68776380616437e-17
61.3419463066945,6.18059171580609e-17
61.4550691301489,5.67453149235027e-17
61.568400567349,5.16958299036546e-17
61.6819410030067,4.66574503864265e-17
61.7956908225432,4.16301689550926e-17
61.9096504120908,3.66139790408825e-17
62.0238201584936,3.21335847729158e-17
62.1382004493093,2.83588715415124e-17
62.25279167281,2.45925018446884e-17
62.3675942179842,2.08344843901162e-17
62.4826084745375,1.70848146177736e-17
62.5978348328943,1.33434880577303e-17
62.7132736841988,9.61050032929261e-18
62.8289254203168,5.88585116215942e-18
62.9447904338365,2.16954552768025e-18
63.0608691180703,3.99038321723002e-18
63.1771618670558,7.69432672835396e-18
63.2936690755572,1.13899385270339e-17
63.4103911390668,1.507722246483e-17
63.5273284538064,1.87561866180092e-17
63.644481416728,2.2426834614127e-17
63.7618504255162,2.60891656502048e-17
63.8794358785885,2.97431832525766e-17
63.9972381750975,3.36810652876762e-17
64.1152577149317,3.87940308006589e-17
64.2334948987171,4.38953205030492e-17
64.3519501278186,4.89849603312819e-17
64.470623804341,5.40629605694802e-17
64.5895163311309,5.91293255929295e-17
64.7086281117777,6.41840596721165e-17
64.8279595506151,6.92271701440204e-17
64.9475110527225,7.42586699356748e-17
65.0672830239261,7.22077569558317e-17
65.1872758708007,6.82005379913895e-17
65.307490000671,6.4202368752358e-17
65.4279258216125,6.02132454940265e-17
65.5485837424535,5.62331657443361e-17
65.6694641727762,5.22621253463656e-17
65.790567522918,4.83001201409572e-17
65.9118942039733,4.43471467004516e-17
66.0334446277942,4.07335210728234e-17
66.1552192069928,3.74632452944644e-17
66.2772183549416,3.42004597909307e-17
66.3994424857758,3.0945156303088e-17
66.5218920143942,2.76973322542239e-17
66.6445673564607,2.44569851276421e-17
66.7674689284057,2.1224112465861e-17
66.8905971474277,1.79987018360064e-17
67.0139524314944,1.52979636986038e-17
67.1375351993445,1.36327787408706e-17
67.2613458704886,1.19714512035144e-17
67.3853848652113,1.0313979914781e-17
67.5096526045719,8.66036711055814e-18
67.6341495104064,7.01061580094616e-18
67.7588760053289,5.36471719152985e-18
67.8838325127324,3.72267022496357e-18
68.0090194567912,3.56469024355406e-18
68.1344372624612,6.97202406815412e-18
68.2600863554826,1.03713177920183e-17
68.3859671623806,1.37625736169341e-17
68.5120801104665,1.71457934460226e-17
68.6384256278403,2.05209791219908e-17
68.7650041433909,2.38881324368278e-17
68.8918160867984,2.72472547386219e-17
69.0188618885354,2.90755187379395e-17
69.1461419798681,2.83040997619351e-17
69.2736567928581,2.75344569655559e-17
69.4014067603638,2.67665898127311e-17
69.5293923160419,2.60004949637932e-17
69.6576138943488,2.52361712690149e-17
69.786071930542,2.44736217965118e-17
69.9147668606817,2.37128460544271e-17
70.0436991216324,2.29364234046648e-17
70.172869151064,2.2148139444555e-17
70.3022773874538,2.1361705803885e-17
70.4319242700874,2.05771187074493e-17
70.5618102390608,1.97943777042139e-17
70.6919357352815,1.90134823536013e-17
70.8223012004698,1.82344318335172e-17
70.9529070771611,1.74572232572461e-17
71.0837538087065,1.60516622299244e-17
71.214841839275,1.45478952791639e-17
71.3461716138544,1.30477493793074e-17
71.4777435782532,1.15512240419669e-17
71.6095581791023,1.00583242745738e-17
71.7416158638559,8.5690434818304e-18
71.8739170807935,7.08338104423385e-18
72.0064622790215,5.84053751958997e-18
72.1392519084741,5.24707045693222e-18
72.2722864199155,4.65504343682301e-18
72.4055662649411,4.06445959163313e-18
72.5390918959791,3.47531872889377e-18
72.6728637662923,2.88762062145923e-18
72.8068823299788,2.30136504788799e-18
72.9411480419747,1.71655431955378e-18
73.0756613580546,2.01514426614471e-18
73.210422734834,2.55651194776207e-18
73.3454326297704,3.09653101576377e-18
73.4806915011645,3.63520142511328e-18
73.6161998081627,4.17251877337542e-18
73.7519580107578,4.7084881001368e-18
73.887966569791,5.24310956164944e-18
74.0242259469535,6.10628277477465e-18
74.1607366047875,7.46394847407418e-18
74.2974990066886,8.81819844732913e-18
74.4345136169068,1.0169030929609e-17
74.5717809005482,1.1516446304147e-17
74.7093013235769,1.28604449453333e-17
74.8470753528157,1.42010266370308e-17
74.985103455949,1.5159113882369e-17
75.1233861015231,1.31532207164049e-17
75.2619237589488,1.11523662952311e-17
75.4007168985022,9.1565499895076e-18
75.5397659913268,7.16577244109549e-18
75.6790715094352,5.18003323710055e-18
75.8186339257098,3.19933027875341e-18
75.9584537139058,1.2236629822837e-18
76.0985313486517,1.10245064818116e-18
76.2388673054511,1.13265380817629e-18
76.379462060685,1.16277611905122e-18
76.5203160916125,1.19281825908777e-18
76.6614298763728,1.22278023303556e-18
76.8028038939873,1.25266204557621e-18
76.9444386243603,1.28246722178389e-18
77.0863345482813,4.52707762320436e-18
77.2284921474265,8.42382449707293e-18
77.3709119043602,1.23104827172081e-17
77.5135943025369,1.61870523234632e-17
77.6565398263023,2.00535324414202e-17
77.7997489608956,2.39099271676973e-17
77.9432221924508,2.77562375436894e-17
78.086960007998,2.94180030888203e-17
78.2309628954662,3.06176858969978e-17
78.3752313436834,3.18141558657649e-17
78.5197658423796,3.30074114570272e-17
78.6645668821878,3.41974529444072e-17
78.8096349546457,3.53842806012055e-17
78.9549705521977,3.65678913268485e-17
79.1005741681959,3.25209895764669e-17
79.2464462969026,2.79790738190281e-17
79.3925874334915,2.34490521317054e-17
79.5389980740493,1.8930922269498e-17
79.6856787155778,1.4424682505184e-17
79.8326298559951,9.93033261922502e-18
79.9798519941377,5.92137911146206e-18
80.127345629762,7.04960329269646e-18
80.2751112635458,8.17481316945676e-18
80.4231493970907,9.29700368376186e-18
80.5714605329227,1.04161743216615e-17
80.720045174495,1.1532325430478e-17
80.8689038261892,1.26454551788332e-17
81.0180369933166,1.75012347953376e-17
81.167445182121,2.95405189308126e-17
81.3171288997793,4.15473705187567e-17
81.4670886544039,5.3521793620272e-17
81.6173249550443,6.5463795736728e-17
81.7678383116885,7.73733778052313e-17
81.9186292352652,8.92505436620853e-17
82.0696982376453,8.88305042178661e-17
82.2210458316437,8.27082334675314e-17
82.3726725310208,7.66023345313608e-17
82.5245788504845,7.05128039795542e-17
82.6767653056922,6.44396394274387e-17
82.8292324132517,5.83828379539665e-17
82.981980690724,5.21635650806448e-17
83.1350106566244,4.44112172024787e-17
83.2883228304242,3.66799646310757e-17
83.4419177325529,2.89698041805853e-17
83.5957958843996,2.12807307262292e-17
83.7499578083151,1.36127423289472e-17
83.9044040276134,5.96583635195675e-18
84.0591350665733,8.82095177855558e-18
84.214151450441,1.85554047229358e-17
84.3694537054307,2.82628644376021e-17
84.5250423587275,3.79433341215807e-17
84.6809179384885,4.75968182233017e-17
84.8370809738447,5.72233214354463e-17
84.9935319949032,6.5548157825322e-17
85.1502715327482,6.80452541702437e-17
85.3073001194437,7.05351631659507e-17
85.4646182880349,7.30178860467533e-17
85.6222265725496,7.54934229046019e-17
85.7801255080009,7.79617760575304e-17
85.9383156303884,8.04229469423033e-17
86.0967974766998,7.33072804975496e-17
86.2555715849137,6.4277987017952e-17
86.4146384940002,5.52739566301266e-17
86.5739987439237,4.6295183994764e-17
86.7336528756445,3.73416640514617e-17
86.8936014311199,2.84133924929518e-17
87.0538449533072,2.2259251668516e-17
87.2143839861648,1.83059025072717e-17
87.3752190746542,1.43637445841658e-17
87.5363507647421,1.04327746609235e-17
87.6977796034015,6.51298948752942e-18
87.8595061386148,2.60438829332974e-18
88.0215309193744,1.10701973525188e-19
88.1838544956853,1.82742304569558e-19
88.346477418567,2.54579050946391e-19
88.5094002400548,3.26208300903308e-19
88.6726235132023,3.97630104700784e-19
88.8361477920826,4.6884377454246e-19
88.9999736317912,6.86429782572462e-19
89.1641015884468,1.41932694009691e-18
89.3285322191938,2.15009614056442e-18
89.4932660822042,2.87873806998991e-18
89.658303736679,3.60525554230481e-18
89.8236457428506,4.3296466523965e-18
89.9892926619849,4.81579031021734e-18
90.1552450563822,4.03054542546685e-18
90.3215034893803,3.24758022296387e-18
90.4880685253555,2.46689556966829e-18
90.6549407297251,1.68849082918814e-18
90.8221206689492,9.12365464466814e-19
90.9896089105322,6.81836164358825e-19
91.1574060230254,3.31758767575202e-18
91.3255125760282,5.9455557782599e-18
91.4939291401908,8.56574243044913e-18
91.6626562872156,1.11781436846491e-17
91.8316945898592,1.37827687613671e-17
92.0010446219347,1.59269591572727e-17
92.170706958313,1.65284259168937e-17
92.3406821749254,1.71280487717036e-17
92.5109708487655,1.77258244437101e-17
92.6815735578905,1.83217535558833e-17
92.8524908814238,1.89158369821346e-17
93.0237233995569,1.80945583377185e-17
93.1952716935511,1.47621371568523e-17
93.3671363457398,1.14396628246657e-17
93.53931793953,8.12713134778548e-18
93.711817059405,4.82453857600991e-18
93.8846342909255,1.53188220083458e-18
94.0577702207323,3.48457611312216e-19
94.2312254365483,8.5182018013e-19
94.4050005271796,1.35365605467599e-18
94.5790960825188,1.85396565282558e-18
94.7535126935459,2.352749556139e-18
94.9282509523309,2.85000783040278e-18
95.1033114520358,3.51255225515612e-18
95.278694786916,4.21185679252085e-18
95.4544015523234,4.90901041133111e-18
95.6304323447076,5.60401452116319e-18
95.8067877616177,6.29686958121264e-18
95.9834684017055,7.36768721623462e-18
96.160474864726,1.10279344767375e-17
96.337807751541,1.4676884007841e-17
96.5154676641198,1.83145395087883e-17
96.6934552055421,2.19409058774278e-17
96.8717709799997,2.55559879475357e-17
97.0504155927985,2.78953984129475e-17
97.2293896503608,2.89810199116285e-17
97.4086937602273,3.00631638076496e-17
97.5883285310588,3.11418306285248e-17
97.7682945726389,3.22170222920327e-17
97.9485924958753,3.32887413837678e-17
98.1292229128027,2.87803385307609e-17
98.3101864365844,2.39075792244093e-17
98.4914836815141,1.9049975084741e-17
98.673115263019,1.42075184768192e-17
98.8550817976604,9.38020162805728e-18
99.0373839031374,7.84039720734189e-18
99.2200221982879,1.07063213396917e-17
99.4029973030907,1.35631728744615e-17
99.5863098386685,1.64109580295697e-17
99.769960427289,1.92496813198603e-17
99.9539496923678,2.20793461126863e-17
100.13827825847,2.04017519727176e-17
100.322946751312,1.85960443404528e-17
100.507955797765,1.6796002265737e-17
100.693306025856,1.50016228081216e-17
100.878998064769,1.32129021704913e-17
101.06503254485,1.1554165339937e-17
101.251410097607,9.99412543193049e-18
101.438131355712,8.43903871088266e-18
101.625196953004,6.88890320995277e-18
101.81260752449,5.34371557556721e-18
102.00036370635,4.09107126658298e-18
102.188466135937,3.84234418370665e-18
102.376915451776,3.59440335815962e-18
102.565712293575,3.34724831404201e-18
102.754857302216,3.10087858756781e-18
102.944351119767,2.8552942331808e-18
103.134194389479,7.11308641837009e-18
103.324387755788,1.17066345961929e-17
103.514931864321,1.62852078877182e-17
103.705827361891,2.08488158198468e-17
103.89707489651,2.53974679367458e-17
104.08867511738,2.38825182350043e-17
104.280628674902,1.95793145395481e-17
104.472936220677,1.52901113757098e-17
104.665598407507,1.10148996809948e-17
104.858615889398,6.75367011986344e-18
105.051989321561,4.6316347598223e-18
105.245719360418,4.72633349791623e-18
105.439806663599,4.82070078951705e-18
105.634251889948,4.91473717781744e-18
105.829055699523,5.00844271551181e-18
106.0242187536,4.77961917848962e-18
106.219741714674,3.94126336392837e-18
106.415625246463,3.10567166602442e-18
106.611870013908,2.27284243802097e-18
106.808476683175,1.44277369054439e-18
107.005445921661,8.66936106769305e-19
107.202778397992,1.05106984016647e-18
107.400474782027,1.23458425837304e-18
107.598535744862,1.41747968956754e-18
107.79696195883,1.59975662324456e-18
107.995754097501,2.25285228924979e-18
108.194912835692,4.78839426397671e-18
108.39443884946,7.3153910232735e-18
108.594332816113,9.83385016866712e-18
108.794595414203,1.23437784202285e-17
108.995227323538,1.46618844643069e-17
109.196229225177,1.62280726998936e-17
109.397601801436,1.77888914136237e-17
109.599345735889,1.93443449018902e-17
109.801461713371,2.08944376130463e-17
110.003950419978,2.11826725366314e-17
110.206812543075,1.75119000431806e-17
110.410048771291,1.38535579757717e-17
110.613659794526,1.02076351012263e-17
110.817646303953,6.57412098253019e-18
111.02200899202,5.23981255866043e-18
111.22674855245,8.57089192763405e-18
111.431865680247,1.18905120823339e-17
111.637361071696,1.51986833205123e-17
111.843235424366,1.84954155518852e-17
112.049489437114,1.9357096187482e-17
112.256123810082,1.73862212959132e-17
112.463139244707,1.5422072651673e-17
112.670536443719,1.34646440558648e-17
112.878316111141,1.15139294866852e-17
113.086478952297,1.01287875177372e-17
113.295025673812,9.06718323862357e-18
113.503956983613,8.00922653421921e-18
113.713273590931,6.95491382747439e-18
113.922976206308,5.90424196251843e-18
114.133065541595,6.09716472302892e-18
114.343542309956,6.50044972169001e-18
114.554407225869,6.90229619853869e-18
114.76566100513,7.30270545799935e-18
114.977304364856,7.68900009397589e-18
115.189338023487,7.97558000346042e-18
115.401762700785,8.26111742724759e-18
115.614579117843,8.5456138084254e-18
115.827787997081,8.82907014949405e-18
116.041390062251,9.88213535176033e-18
116.255386038443,1.20167885552539e-17
116.469776652082,1.41438402435462e-17
116.684562630931,1.62632984119514e-17
116.899744704097,1.83751710399468e-17
117.115323602033,1.81611183460183e-17
117.331300056536,1.72003467184867e-17
117.547674800754,1.62429151963843e-17
117.764448569188,1.52888201330879e-17
117.981622097692,1.40430113739786e-17
118.199196123476,1.09404106485186e-17
118.417171385114,7.84885323639282e-18
118.635548622536,4.76832677436467e-18
118.854328577041,1.69881926091774e-18
119.073511991294,5.85025298643427e-19
119.293099609328,1.02322351504624e-18
119.513092176551,1.45984074942135e-18
119.733490439742,1.89487882989288e-18
119.954295147061,2.3257284499507e-18
120.175507048044,2.57662850076361e-18
120.397126893612,2.826610394479e-18
120.61915543607,3.07567451185614e-18
120.84159342911,3.32382188575743e-18
121.064441627814,3.30165239953825e-18
121.287700788656,3.02133423137925e-18
121.511371669507,2.74202144271871e-18
121.735455029633,2.46371327242295e-18
121.959951629701,2.19819767261151e-18
122.184862231783,2.19577627707619e-18
122.410187599354,2.19335412981404e-18
122.635928497296,2.19093057472004e-18
122.862085691905,2.18850552107347e-18
123.088659950887,3.32092841120336e-18
123.315652043366,5.16658168798896e-18
123.543062739882,7.00542692302191e-18
123.770892812398,8.83747277782942e-18
123.999143034301,1.06707635921909e-17
124.227814180401,1.25261156482502e-17
124.45690702694,1.43745571605649e-17
124.686422351591,1.62160967026821e-17
124.91636093346,1.80507428661318e-17
125.14672355309,1.65131711294674e-17
125.377510992465,1.44247171943198e-17
125.608724035009,1.23439519591205e-17
125.840363465592,1.02708656288236e-17
126.072430070532,9.88437586106169e-18
126.304924637594,1.09671297582872e-17
126.537847955999,1.20457910326904e-17
126.771200816423,1.31203650805514e-17
127.004984010999,1.47997810093837e-17
127.23919833332,1.83717648352535e-17
127.473844578445,2.1930270826759e-17
127.708923542898,2.54753173144385e-17
127.944436024672,2.90069223914733e-17
128.18038282323,2.69532414048001e-17
128.416764739511,2.4825353927475e-17
128.653582575933,2.27053679988188e-17
128.890837136389,2.05932728898387e-17
129.128529226258,1.6562598236234e-17
129.366659652403,1.19454393717078e-17
129.605229223175,7.34570593732692e-18
129.844238748417,2.76337362849026e-18
130.083689039464,1.23077708015745e-18
130.323580909147,1.98295210223552e-18
130.563915171797,2.73225659027995e-18
130.804692643246,3.47869463270441e-18
131.045914140831,3.77120309796613e-18
131.287580483397,3.418352493842e-18
131.529692491296,3.0668330877068e-18
131.772250986397,2.71664289667567e-18
132.015256792082,2.58833130945247e-18
132.258710733251,3.01576428137625e-18
132.502613636328,3.44154233897981e-18
132.746966329258,3.86566798391449e-18
132.991769641516,4.29114736334947e-18
133.237024404102,4.7279520337909e-18
133.482731449553,5.16305007471764e-18
133.72889161194,5.5964438087201e-18
133.975505726871,5.83190203929213e-18
134.222574631496,4.65613234311894e-18
134.470099164509,3.48489008782778e-18
134.718080166149,2.31816808446501e-18
134.966518478206,1.24414827652963e-18
135.215414944023,1.10340278429336e-18
135.464770408497,9.63198791623854e-19
135.714585718083,8.23535531986969e-19
135.964861720797,7.52185512691605e-19
136.215599266221,1.44945522010637e-18
136.4667992055,2.14399619587498e-18
136.718462391352,2.8358128711684e-18
136.970589678066,3.48965509122557e-18
137.223181921506,3.83983195716176e-18
137.476239979116,4.18861708232096e-18
137.729764709919,4.53601224084581e-18
137.983756974524,5.00290217227053e-18
138.238217635125,6.11438127315849e-18
138.49314755551,7.22145577870221e-18
138.748547601055,8.32413250882434e-18
139.004418638735,8.60342587408132e-18
139.260761537124,6.27059314913988e-18
139.517577166395,3.94694674912716e-18
139.774866398329,1.63247164489356e-18
140.032630106313,3.74555553770738e-19
140.290869165344,1.08312993891666e-18
140.549584452034,1.7888875336767e-18
140.808776844611,2.491833072003e-18
141.068447222922,3.20795527175968e-18
141.328596468439,3.93817890348854e-18
141.589225464255,4.6654735857972e-18
141.850335095097,5.38984439061805e-18
142.111926247319,6.07741850782583e-18
142.373999808912,6.74391298222384e-18
142.636556669504,7.40770725037776e-18
142.899597720363,8.06880605562758e-18
143.163123854402,8.00086727889067e-18
143.427135966179,7.7950341408626e-18
143.691634951904,7.58998727283758e-18
143.956621709436,7.28390670002654e-18
144.222097138294,5.31767137505221e-18
144.488062139652,3.35932630744573e-18
144.75451761635,1.40885743919628e-18
145.021464472888,1.18680477740088e-19
145.288903615439,3.42161307241753e-19
145.556835951844,5.64736955348232e-19
145.825262391619,7.86409077351282e-19
146.094183845957,9.48781965088071e-19
146.363601227732,1.06673832166386e-18
146.6335154515,1.18421044528627e-18
146.903927433507,1.30119923289477e-18
147.174838091684,3.0863379222929e-18
147.446248345658,5.12114678412323e-18
147.718159116752,7.14764034747331e-18
147.990571327985,8.60962648061339e-18
148.263485904082,7.64575421223666e-18
148.536903771471,6.68577911319947e-18
148.810825858289,5.72969392202202e-18
149.085253094384,4.51957502958832e-18
149.360186411321,3.08762326950234e-18
149.63562674238,1.66152633109866e-18
149.911575022564,2.41273107328374e-19
150.1880321886,3.72791217872619e-19
150.464999178941,6.73069729558501e-19
150.742476933773,9.72108961976155e-19
151.020466395013,1.15840736140831e-18
151.298968506319,1.07765111797989e-18
151.577984213085,9.97222425083426e-19
151.857514462451,9.17120702888807e-19
152.137560203303,7.17162748849724e-19
152.418122386277,4.69548610466638e-19
152.699201963761,2.22957457284974e-19
152.980799889901,5.73373658160532e-19
153.262917120602,4.21363966691021e-18
153.545554613532,7.83876635015664e-18
153.828713328124,1.14487837671022e-17
154.112394225581,1.64483650338388e-17
154.396598268878,2.22966279008247e-17
154.681326422768,2.81203989733055e-17
154.966579653782,3.28394131796404e-17
155.252358930231,2.82628934704969e-17
155.538665222215,2.37053451331166e-17
155.825499501621,1.91667297336916e-17
156.11286274213,1.49233180661529e-17
156.400755919217,1.08711678331905e-17
156.689180010157,6.83595029970669e-18
156.978135994026,3.39595394966835e-18
157.267624851707,3.35769434929915e-18
157.557647565891,3.31957748641854e-18
157.848205121081,3.28160314762085e-18
158.139298503597,6.78135196591805e-18
158.430928701576,1.17830547585321e-17
158.723096704978,1.67635942943984e-17
159.015803505589,2.01425178613927e-17
159.309050097024,1.93513219917993e-17
159.60283747473,1.85633672163133e-17
159.897166635989,1.77786467834446e-17
160.192038579924,1.32491453528571e-17
160.4874543075,8.19083118236478e-18
160.783414821526,3.15393723087827e-18
161.079921126662,1.18380862616747e-18
161.37697422942,2.37837009759475e-18
161.67457513817,3.56783682156845e-18
161.972724863139,4.42246116467128e-18
162.271424416419,3.06685503908509e-18
162.570674811967,1.71701330959994e-18
162.87047706561,3.72923530194701e-19
163.17083219505,1.48656942784033e-19
163.471741219864,2.21390870706134e-19
163.773205161509,2.93812351604942e-19
164.075225043327,3.42519137868051e-19
164.377801890547,3.64688017812086e-19
164.680936730288,3.86759779845889e-19
164.984630591564,4.0404432624403e-19
165.288884505285,3.9849902719705e-19
165.593699504264,3.92975378013661e-19
165.899076623219,3.87473342057653e-19
166.205016898773,3.30348137498249e-19
166.511521369464,2.67168211603998e-19
166.818591075743,2.04259313174173e-19
167.126227059982,8.14860263278291e-19
167.434430366472,1.8152422297973e-18
167.743202041434,2.81128910751314e-18
168.052543133015,3.73498478200641e-18
168.362454691296,4.54888634612669e-18
168.672937768295,5.3592355821163e-18
168.983993417969,5.84983249241555e-18
169.29562269622,4.79508629722835e-18
169.607826660895,3.74489488475089e-18
169.920606371795,2.69924783877124e-18
170.233962890673,4.56897366883483e-18
170.547897281241,6.52771927003652e-18
170.862410609171,8.47789415855982e-18
171.177503942104,7.19060628633242e-18
171.493178349645,5.02267427423727e-18
171.809434903376,2.86418152275537e-18
172.126274676851,1.919457471539e-18
172.443698745608,1.71699730519819e-18
172.761708187166,1.5154136748502e-18
173.08030408103,1.41488632653674e-18
173.399487508698,1.42614564191614e-18
173.719259553661,1.43734758567608e-18
174.03962130141,1.40651387096225e-18
174.360573839435,1.29619306010217e-18
174.682118257234,1.18634995905544e-18
175.004255646313,1.61910599310082e-18
175.326987100191,3.81711363293039e-18
175.650313714403,6.00541486538952e-18
175.974236586505,7.58541211257435e-18
176.298756816078,5.54063534414756e-18
176.623875504729,3.50485677628759e-18
176.949593756098,1.59307421480261e-18
177.275912675858,1.29887234441475e-18
177.602833371724,1.00596510891466e-18
177.930356953452,7.15535959247458e-19
178.258484532844,5.60289956548563e-19
178.587217223754,4.05729291237773e-19
178.916556142089,2.51852291126735e-19
179.246502405814,4.43763333862413e-19
179.577057134957,6.46170028052642e-19
179.908221451608,8.47672831962587e-19
180.239996479931,1.28411946748232e-18
180.572383346159,1.73248236565655e-18
180.905383178605,2.17883704526287e-18
181.23899710766,1.62825162325356e-18
181.573226265802,1.01377923489786e-18
181.908071787595,4.02045511487483e-19
182.243534809699,4.54321911631591e-19
182.579616470866,5.43328501473025e-19
182.916317911951,6.31933626471789e-19
183.253640275911,5.30083657885897e-19
183.591584707812,4.23407670919916e-19
183.930152354831,3.24505524383052e-19
184.26934436626,7.01358044407332e-19
184.609161893513,1.07651415059791e-18
184.949606090124,1.55650820826193e-18
185.290678111756,3.37821673977911e-18
185.632379116204,5.1917081799804e-18
185.974710263397,6.66885287642935e-18
186.317672715402,6.24487972321305e-18
186.661267636431,5.82278234966489e-18
187.005496192842,5.07180416924712e-18
187.350359553145,3.26244275123132e-18
187.695858888003,1.46123727431085e-18
188.041995370239,3.77672721411556e-19
188.388770174839,6.58629192404351e-19
188.736184478955,9.38309983164051e-19
189.084239461911,1.46988067762402e-18
189.432936305205,2.29196463773655e-18
189.782276192514,3.11030652345245e-18
190.132260309698,3.24992421359428e-18
190.482889844804,2.93776163892959e-18
190.834165988069,2.62700070213814e-18
191.186089931927,3.49434760946016e-18
191.538662871008,4.74967222881545e-18
191.891886002147,5.99925339249917e-18
192.245760524387,7.62691935334114e-18
192.600287638981,9.28248705183783e-18
192.955468549396,1.06847041754686e-17
193.311304461321,9.76940923104399e-18
193.667796582666,8.85823828620737e-18
194.02494612357,7.93267658852162e-18
194.382754296405,6.96631101313997e-18
194.741222315774,6.00432723850425e-18
195.100351398526,5.39997959985135e-18
195.46014276375,5.15025193985985e-18
195.820597632783,4.90163916148227e-18
196.181717229217,4.19858135379641e-18
196.543502778898,3.32557924225581e-18
196.905955509935,2.45656763853429e-18
197.269076652699,2.33309290458466e-18
197.632867439833,2.23940013647637e-18
197.997329106249,2.23709233617551e-18
198.362462889142,2.56843950623583e-18
198.728270027982,2.89824502812475e-18
199.094751764532,2.98831319694798e-18
199.461909342838,2.8200093986107e-18
199.829744009244,2.65246585895438e-18
200.198257012394,1.89555652472152e-18
200.56744960323,9.55113083793719e-19
200.937323035004,1.18905439650096e-19
201.307878563279,1.10754846811487e-18
201.679117445932,2.09160834045811e-18
202.051040943162,3.06757345062813e-18
202.42365031749,4.03269960496949e-18
202.796946833766,4.99332636285023e-18
203.170931759172,5.05775742027214e-18
203.545606363228,4.69932690292546e-18
203.920971917793,4.33088876302395e-18
204.297029697075,2.90604314589178e-18
204.673780977628,1.4878069739339e-18
205.051227038363,8.02702241419055e-19
205.429369160548,1.42760172386451e-18
205.808208627814,2.04958151971315e-18
206.18774672616,2.1644772842686e-18
206.567984743956,2.0789233545136e-18
206.948923971946,1.99083959348571e-18
207.330565703259,1.87270326809957e-18
207.712911233404,1.75510775147664e-18
208.095961860281,1.83002328957439e-18
208.479718884184,2.11924477523505e-18
208.864183607805,2.40710020048839e-18
209.249357336237,1.89120685089247e-18
209.63524137698,1.25634604446446e-18
210.021837039947,1.04686834640217e-18
210.409145637465,1.93504380349673e-18
210.79716848428,2.81903989227115e-18
211.185906897566,3.2101951986634e-18
211.575362196923,3.38972215864259e-18
211.965535704387,3.70058495747393e-18
212.356428744428,4.87031361888571e-18
212.748042643964,6.0345092643806e-18
213.140378732355,6.38444407441547e-18
213.533438341416,6.14543437333257e-18
213.927222805416,5.84508879973535e-18
214.321733461086,3.90444812563727e-18
214.716971647621,1.97293980891597e-18
215.112938706685,1.3693378309999e-18
215.509635982419,2.0520455876522e-18
215.90706482144,2.73151502167936e-18
216.30522657285,3.68095631627965e-18
216.704122588238,4.62931015419382e-18
217.103754221685,4.40814447232351e-18
217.504122829771,2.93197855237745e-18
217.905229771577,1.46278859511028e-18
218.307076408689,1.10303158819926e-18
218.709664105205,7.61542384104423e-19
219.112994227738,6.0320518453625e-19
219.517068145424,6.25904045494177e-19
219.921887229919,6.66332899557102e-19
220.327452855413,1.31511921320625e-18
220.733766398627,1.96081287433754e-18
221.140829238823,2.66245115200502e-18
221.548642757805,3.40571934255721e-18
221.957208339926,3.95838126748818e-18
222.366527372093,3.09371612691925e-18
222.776601243768,2.23315378485742e-18
223.187431346978,1.7516709364225e-18
223.599019076315,1.45082600791196e-18
224.011365828945,1.12729531848225e-18
224.424473004608,7.32634261439929e-19
224.838342005628,3.39854591342279e-19
225.252974236912,5.06175938373027e-19
225.668371105962,7.84701250407792e-19
226.08453402287,1.79998229692312e-18
226.501464400334,3.810104993946e-18
226.919163653655,5.75445590425224e-18
227.337633200742,5.73499555803937e-18
227.756874462122,5.71559373612278e-18
228.17688886094,4.67883255261442e-18
228.597677822965,3.08125198533861e-18
229.019242776596,2.17442089982425e-18
229.441585152868,3.14495832240655e-18
229.864706385451,4.11081229506077e-18
230.288607910662,6.49413167046626e-18
230.713291167466,9.02043569918655e-18
231.138757597482,9.52008411384839e-18
231.565008644986,8.35363151943398e-18
231.992045756919,7.27196836899267e-18
232.41987038289,6.50661324247653e-18
232.848483975181,5.74490873473526e-18
233.277887988752,5.54490140439819e-18
233.708083881247,5.43041237394935e-18
234.139073112997,4.4396119344256e-18
234.570857147026,2.71930641856588e-18
235.003437449058,1.2872448759996e-18
235.436815487519,8.0180557662836e-19
235.87099273354,3.18709467663681e-19
236.305970660971,1.79572702790618e-18
236.741750746373,3.42533746279521e-18
237.178334469036,3.95254011213849e-18
237.615723310975,3.83432045751202e-18
238.053918756938,3.35609318962029e-18
238.492922294412,2.19459555915301e-18
238.932735413626,1.17169367831964e-18
239.373359607559,1.96083528456427e-18
239.814796371942,2.7461324744466e-18
240.257047205264,2.32454496579699e-18
240.700113608779,1.60900662951062e-18
241.143997086507,1.03225368163002e-18
241.588699145243,5.70829999759284e-19
242.034221294563,2.70977297533691e-19
242.480565046822,3.47162626600275e-19
242.927731917169,4.18539836899616e-19
243.375723423543,4.19913248414712e-19
243.824541086684,4.21277382084472e-19
244.274186430138,5.52068523822751e-19
244.724660980258,7.08528207166843e-19
245.175966266213,1.1107156627866e-18
245.628103819993,1.66758259862798e-18
246.081075176411,2.61573241989349e-18
246.534881873113,4.14877585895632e-18
246.989525450577,4.92536943357054e-18
247.445007452125,2.67478956103302e-18
247.901329423924,4.47600737930694e-19
248.358492914993,6.08326408681744e-19
248.816499477207,7.68261128951503e-19
249.275350665302,8.64435297475613e-19
249.735048036883,9.46439430893165e-19
250.195593152426,1.7627433375612e-18
250.656987575285,2.97729208027793e-18
251.119232871699,2.93676609830532e-18
251.582330610791,1.5407557493226e-18
252.046282364581,7.40795675592745e-19
252.511089707989,1.18894835782588e-18
252.976754218836,1.80382861054447e-18
253.443277477855,3.23098548445615e-18
253.910661068694,4.63950322350183e-18
254.378906577919,5.66984858774465e-18
254.848015595026,6.69508599141868e-18
255.317989712438,5.35987914778982e-18
255.788830525519,3.76309576595607e-18
256.26053963257,2.74727536256374e-18
256.733118634845,1.9040789425318e-18
257.206569136546,2.09678082852864e-18
257.680892744836,2.82525800691289e-18
258.156091069842,2.51086891434784e-18
258.632165724659,1.34788368002486e-18
259.109118325358,1.15944630402001e-18
259.586950490989,2.15414378021958e-18
260.065663843589,2.44325389384315e-18
260.545260008185,1.47875078518878e-18
261.025740612801,7.15753972913628e-19
261.507107288465,4.74739682727635e-19
261.98936166921,3.45489309337932e-19
262.472505392086,6.60500899951591e-19
262.956540097158,1.1012005885082e-18
263.441467427518,2.37832609039906e-18
263.927289029287,3.70656934663948e-18
264.414006551623,5.77086973987639e-18
264.901621646724,7.79490885563905e-18
265.390135969835,8.31539356641838e-18
265.879551179254,8.833241375054e-18
266.369868936337,5.93947207493992e-18
266.861090905503,2.97406091064229e-18
267.353218754241,2.03093821043759e-18
267.846254153117,1.22323637581986e-18
268.340198775773,1.77083136702993e-18
268.835054298943,2.44948291516746e-18
269.330822402448,1.93050875086781e-18
269.827504769211,1.26423766393785e-18
270.325103085257,1.68642135945381e-18
270.823619039718,2.26211670753394e-18
271.323054324845,2.57592830069763e-18
271.823410636007,2.84879829430102e-18
272.3246896717,1.75394942651263e-18
272.826893133552,4.58508754521046e-19
273.330022726331,9.73215772363261e-19
273.834080157947,1.73792838392953e-18
274.339067139459,3.11718784201406e-18
274.844985385084,4.56391011746617e-18
275.351836612197,5.59803450189051e-18
275.859622541342,6.58945351068576e-18
276.368344896236,4.18155245133433e-18
276.878005403775,1.58875987607136e-18
277.388605794038,1.0075347730714e-18
277.900147800296,4.93277576048857e-19
278.412633159016,1.00822501438118e-18
278.926063609867,1.45233038705032e-18
279.440440895727,1.08162034210444e-18
279.955766762686,8.69991207089036e-19
280.472042960056,1.66077376537191e-18
280.989271240376,2.10819210018532e-18
281.507453359414,1.20293093814026e-18
282.026591076177,7.98897690714265e-19
282.546686152917,1.72065056340785e-18
283.067740355135,2.55332903473613e-18
283.589755451587,3.22612848740664e-18
284.112733214291,3.14078318161042e-18
284.636675418535,2.08423197177112e-18
285.161583842879,1.33278715391503e-18
285.687460269162,8.51591337543528e-19
286.214306482512,1.8240153941256e-18
286.742124271345,3.6500476039078e-18
287.270915427379,4.37655827646355e-18
287.800681745634,4.70376385660853e-18
288.33142502444,2.79575072539528e-18
288.863147065445,4.89923914085287e-19
289.395849673618,4.79571972505933e-19
289.929534657257,5.54251523025434e-19
290.464203827995,6.29705720018495e-19
290.999859000805,6.99354380642241e-19
291.53650199401,7.49577097391063e-19
292.074134629282,9.90030582038442e-19
292.612758731655,1.56860620248024e-18
293.152376129528,2.43388739597546e-18
293.692988654673,3.57983452919074e-18
294.234598142237,3.14012756970549e-18
294.777206430755,1.86924631164128e-18
295.32081536215,1.67154147684238e-18
295.865426781742,1.72264103911839e-18
296.411042538254,1.79905156158548e-18
296.957664483821,1.84667809830925e-18
297.505294473989,1.72146652305323e-18
298.053934367729,1.38153698514291e-18
298.60358602744,5.85593372883236e-19
299.154251318954,3.93499402703789e-19
299.705932111546,7.98055646310853e-19
300.258630277936,9.12501175661507e-19
300.812347694298,8.96593573945084e-19
301.367086240268,1.09665279392986e-18
301.922847798946,1.37951861200293e-18
302.479634256905,2.27348618530539e-18
303.037447504197,2.94565652992113e-18
303.596289434362,3.07931414486412e-18
304.156161944429,2.60326876787084e-18
304.717066934925,1.52193599669421e-18
305.279006309886,1.06693317532349e-18
305.841981976854,8.58132004519078e-19
306.405995846892,1.71979183463156e-18
306.971049834587,2.25644855690046e-18
307.537145858055,9.01933861578749e-19
308.104285838953,2.0846134041375e-19
308.672471702476,4.77478920908769e-19
309.241705377375,1.13205320645384e-18
309.811988795956,1.99518817088078e-18
310.383323894086,3.13382683193272e-18
310.955712611205,3.88236142237105e-18
311.529156890328,2.14522271744683e-18
312.103658678054,1.17193973207215e-18
312.679219924572,1.32638495034137e-18
313.255842583666,3.77683969899823e-18
313.833528612725,7.37076335840229e-18
314.412279972746,8.7904560726832e-18
314.992098628343,8.9939922957548e-18
315.572986547753,5.17761303486039e-18
316.154945702843,2.60754370899865e-18
316.737978069116,1.33842563468957e-18
317.322085625718,5.77105719582497e-19
317.907270355445,2.04999078986194e-20
318.49353424475,2.61240893953473e-19
319.080879283749,7.62121314598374e-19
319.669307466226,1.72641453835102e-18
320.258820789646,1.70285508544581e-18
320.849421255154,1.174310798695e-18
321.441110867587,1.13217150374899e-18
322.033891635479,9.29806029088246e-19
322.627765571068,2.70206878277876e-19
323.222734690301,5.22400131796458e-19
323.818801012847,1.38924267374541e-18
324.415966562095,1.26033571622194e-18
325.014233365168,9.66160898691174e-19
325.613603452927,4.36550042025661e-19
326.214078859977,1.52155086204146e-19
326.815661624676,4.62000608721673e-20
327.418353789142,4.74038600406563e-19
328.022157399256,7.95791552915604e-19
328.627074504675,6.75955003517168e-19
329.233107158834,4.78864769856536e-19
329.840257418956,2.32203368622778e-19
330.448527346056,8.31029463921373e-19
331.057919004952,1.25947780405433e-18
331.668434464268,1.24581955174104e-18
332.280075796444,1.43500613798922e-18
332.892845077741,1.6748839753807e-18
333.506744388251,1.01296554635211e-18
334.121775811898,7.60888271700914e-19
334.737941436452,1.07219360384516e-18
335.355243353533,9.91950232031062e-19
335.973683658617,7.55242919585741e-19
336.593264451047,2.56304115087821e-19
337.213987834033,2.74079942479246e-19
337.835855914667,6.85469699861999e-19
338.458870803926,1.30105768479546e-18
339.08303461668,1.51988204771677e-18
339.708349471698,1.00487012496708e-18
340.334817491659,2.0855029481536e-18
340.962440803153,3.47030058262066e-18
341.591221536694,3.78662532021851e-18
342.221161826724,3.10787643480502e-18
342.852263811623,1.69132840256763e-18
343.484529633711,1.14873343107282e-18
344.117961439262,7.49639998085809e-19
344.752561378507,5.40772556563906e-19
345.388331605641,5.56445923376182e-19
346.025274278834,5.88085851104289e-19
346.663391560234,5.37478872359536e-19
347.302685615977,4.77172976008698e-19
347.943158616194,4.10090965162229e-19
348.584812735016,3.25627375807821e-19
349.227650150588,5.83040978395905e-19
349.871673045066,1.06506626522612e-18
350.516883604635,4.1259898389107e-19
351.163284019509,4.90329135124989e-19
351.810876483941,1.3734218563642e-18
352.459663196231,1.11967595412947e-18
353.109646358735,7.23767708873438e-19
353.760828177867,2.39671974988282e-19
354.413210864112,5.43181972591235e-19
355.06679663203,7.4068148412781e-19
355.721587700268,4.40360403236888e-19
356.37758629156,2.02066980334525e-19
357.034794632743,3.52489633033464e-19
357.693214954759,1.48512507497906e-18
358.352849492663,1.63874522404905e-18
359.013700485634,1.41613491692735e-18
359.675770176979,1.00113405152997e-18
360.339060814141,5.32106487333288e-19
361.003574648711,1.56858941384529e-19
361.669313936428,1.64443725646236e-19
362.336280937194,2.24580246559664e-19
363.004477915076,3.42659301153248e-19
363.67390713832,5.89816432995981e-19
364.344570879351,5.73995223199802e-19
365.016471414787,4.69748177243326e-19
365.689611025444,3.83621878456234e-19
366.363991996343,2.9673361793236e-19
367.03961661672,3.04893679455481e-19
367.716487180032,5.56900944869825e-19
368.394605983967,3.19208047949786e-19
369.073975330449,1.00450260133868e-19
369.754597525646,1.60938311268521e-19
370.43647487998,4.54865135572538e-19
371.119609708136,5.20143241759672e-19
371.804004329062,1.825487389669e-19
372.489661065988,1.74607546598464e-18
373.176582246427,2.98337265231358e-18
373.864770202181,3.65718508192482e-18
374.554227269356,1.68751732615484e-18
375.244955788363,6.6376592864869e-19
375.936958103933,3.51800469159669e-19
376.630236565118,1.63739512926858e-19
377.324793525302,1.23523702451248e-19
378.02063134221,1.34298583872991e-19
378.717752377914,9.89153742951869e-20
379.416158998844,2.20619213615574e-19
380.115853575791,1.00496062141299e-18
380.81683848392,2.77922814405937e-18
381.519116102777,3.20446974424914e-18
382.222688816293,2.34132462692087e-18
382.927559012798,5.99995745198825e-19
383.633729085027,1.56080530477258e-19
384.341201430124,3.67329590734429e-19
385.049978449658,9.8330120872903e-19
385.760062549623,1.91349627175477e-18
386.471456140452,2.49990183129807e-18
387.184161637023,2.6754144812796e-18
387.898181458667,2.37010678632921e-18
388.613518029177,1.05824264692243e-18
389.330173776815,8.26899341162411e-19
390.048151134322,1.29857217807088e-18
390.767452538925,2.26467985834015e-18
391.488080432345,1.53904024057485e-18
392.210037260807,1.09010517123033e-18
392.933325475046,1.08622738017653e-18
393.657947530317,1.0956542880654e-18
394.383905886402,1.31542693088124e-18
395.111203007621,1.10967845262174e-18
395.839841362838,8.3937120155858e-20
396.569823425468,1.84663550543696e-18
397.301151673489,1.85399331109135e-18
398.03382858945,1.08224891791634e-18
398.767856660475,9.48308371325779e-19
399.503238378276,8.43143666419865e-19
400.239976239161,9.63410088922708e-19
400.978072744041,1.52381189889792e-18
401.717530398438,3.16446284965153e-18
402.458351712496,3.15821873236145e-18
403.200539200988,2.04195178735707e-18
403.944095383322,3.91134301610876e-19
404.689022783555,4.05565549300448e-19
405.435323930398,4.3200215298706e-19
406.183001357225,4.2298835387119e-19
406.932057602083,3.49213083944554e-19
407.682495207696,1.35962168462809e-19
408.434316721481,8.08836571584917e-19
409.187524695551,1.4507867013795e-18
409.942121686727,1.6262424730246e-18
410.698110256542,7.26718704403066e-19
411.455492971256,5.22446570053081e-19
412.21427240186,4.35713586017411e-19
412.974451124087,3.23541403429362e-19
413.736031718418,2.37464214629722e-19
414.499016770095,5.86811650068181e-19
415.263408869128,9.3582268369573e-19
416.0292106103,1.50128229699069e-18
416.796424593183,2.81777519272032e-18
417.565053422141,1.97505274991963e-18
418.335099706339,9.60434752825464e-19
419.106566059759,4.04889037758883e-19
419.879455101197,7.13241086396513e-19
420.653769454284,7.52374498278688e-19
421.429511747486,3.7929325204108e-19
422.206684614116,9.92568664501564e-20
422.985290692347,1.12689660904021e-19
423.765332625212,4.0383167250951e-19
424.546813060622,6.4117287908539e-19
425.32973465137,1.16386319237799e-18
426.114100055139,1.81524323682506e-18
426.899911934518,2.21021808712523e-18
427.687172957,6.73063475852818e-19
428.475885795002,3.94843504774549e-19
429.266053125868,6.8202200514279e-19
430.057677631877,1.12479103117278e-18
430.85076200026,1.35089908559043e-18
431.645308923197,8.24676900268729e-19
432.441321097837,9.53681220581501e-19
433.238801226301,1.09690734495076e-18
434.037752015696,8.90523071223494e-19
434.838176178117,1.8836738318977e-19
435.640076430663,3.92759094466183e-19
436.443455495445,2.02737517700683e-19
437.24831609959,4.34073652136878e-19
438.054660975257,7.29760538467656e-19
438.862492859644,6.9194860110979e-20
439.671814494994,3.31977095916117e-19
440.482628628611,4.25846038594095e-19
441.29493801286,4.31561403977413e-19
442.108745405188,6.52294763622856e-19
442.924053568122,1.25338873928488e-18
443.740865269286,1.3544343042033e-18
444.559183281408,6.53673452194505e-19
445.379010382328,3.88455901814427e-19
446.200349355008,2.77539294372088e-19
447.023202987546,1.0753182249115e-19
447.847574073177,7.32316375621285e-20
448.67346541029,5.11499985923179e-19
449.500879802434,7.71568730091933e-19
450.329820058328,1.25019550993349e-18
451.16028899187,1.43860246472898e-18
451.992289422148,1.19792045332631e-18
452.825824173449,1.73946213021766e-18
453.660896075267,5.10532714488646e-18
454.497507962316,3.42667933526635e-18
455.335662674536,1.51827855771117e-18
456.175363057104,7.07400144735681e-19
457.016611960446,6.87194771376387e-19
457.859412240242,8.3665782548016e-19
458.70376675744,2.58697497503215e-19
459.549678378264,1.25820519109983e-18
460.397149974222,1.50443788167458e-18
461.246184422119,8.21476158125849e-19
462.096784604066,3.37392146914561e-19
462.948953407485,9.53637754248548e-19
463.802693725129,4.70268023645163e-19
464.658008455079,1.47330760309555e-18
465.514900500765,1.376487250683e-18
466.373372770971,1.2079720252729e-18
467.233428179843,9.89252035489899e-19
468.095069646903,6.02399542684157e-19
468.958300097055,2.65078093914787e-19
469.823122460599,4.14339962477019e-19
470.689539673238,4.1321042179177e-19
471.557554676089,1.74014599835131e-18
472.427170415693,1.70734811188264e-18
473.298389844023,8.58198201725757e-19
474.171215918499,4.49518743806808e-19
475.045651601992,7.09325341159555e-19
475.921699862839,5.49672121040972e-19
476.799363674851,1.20518125817439e-19
477.678646017319,2.52505670845696e-19
478.559549875035,4.70754901832303e-19
479.44207823829,2.8528828671865e-19
480.326234102892,2.81469560489925e-19
481.212020470173,5.74226816350771e-19
482.099440347,1.09641684078649e-18
482.988496745784,1.65315940565798e-18
483.879192684493,1.09110957919255e-18
484.771531186659,7.0770960072676e-20
485.665515281393,6.81807473980996e-21
486.561148003386,5.57144349352571e-20
487.458432392932,1.98861174955259e-19
488.357371495928,6.62175798068999e-19
489.257968363888,5.89901734852681e-19
490.160226053955,1.0530402499141e-19
491.064147628909,9.15144925882267e-20
491.969736157177,2.7434702425865e-19
492.876994712848,6.95863945951111e-19
493.785926375676,3.42562835536423e-19
494.696534231096,3.98072812650488e-19
495.608821370235,1.9773260237672e-19
496.522790889917,6.10856295629668e-19
497.43844589268,9.62840919486659e-19
498.355789486781,7.03826824911885e-19
499.274824786212,2.33928708982468e-19
500.195554910703,1.35160734634998e-19
501.117982985742,2.72938557556768e-19
502.042112142579,1.84970153419875e-19
502.967945518237,6.36119744510265e-20
503.895486255527,1.18752661886881e-19
504.824737503052,4.702401802071e-20
505.755702415226,7.33378030919086e-19
506.688384152277,9.89667149056013e-19
507.62278588026,6.03981674326463e-19
508.558910771072,9.30619593468465e-19
509.496762002458,7.94576579750687e-19
510.436342758021,2.57053960639657e-19
511.37765622724,1.27866759248381e-19
512.320705605469,2.64319003360548e-19
513.26549409396,1.74447933624387e-19
514.212024899869,4.31697149531928e-20
515.160301236261,8.28897085246467e-20
516.110326322131,9.76491331383127e-20
517.062103382409,1.14920617238601e-19
518.015635647972,1.05814638005445e-19
518.970926355657,1.74950370212647e-19
519.927978748265,4.42233937706698e-19
520.886796074584,1.51179157329531e-18
521.847381589387,2.36970957595405e-18
522.809738553454,1.61418406777944e-18
523.773870233577,3.92487789006531e-19
524.739779902569,3.59510441503218e-19
525.707470839284,3.22666216704482e-20
526.676946328618,9.05389799808861e-19
527.648209661528,5.01188385609356e-19
528.621264135039,1.00564627513077e-19
529.596113052255,1.10133759810092e-19
530.572759722372,6.23757317108878e-19
531.55120746069,5.26720667355695e-19
532.53145958862,4.36030046794104e-19
533.513519433702,5.86870958429401e-19
534.497390329609,2.19208052435534e-19
535.483075616163,1.44821376310605e-19
536.470578639345,6.06091632172035e-19
537.459902751307,9.46336905259068e-19
538.451051310383,1.15356275242781e-18
539.444027681098,1.13376415053096e-18
540.438835234184,6.00190026549135e-19
541.435477346589,1.2718141252413e-19
542.433957401486,5.66102474993869e-20
543.434278788291,3.05715992085985e-20
544.436444902666,2.91611023319166e-19
545.440459146541,1.03233818045414e-18
546.446324928112,1.03295721635823e-18
547.454045661867,6.50422315940418e-19
548.463624768588,3.19258264194181e-19
549.475065675364,1.52373190540415e-19
550.488371815607,2.50833245541239e-19
551.503546629057,1.44626157417045e-19
552.520593561801,1.68744129890835e-19
553.53951606628,4.05171240560804e-19
554.5603176013,1.55082737714887e-19
555.583001632048,9.00207965138613e-20
556.607571630099,9.96187276310477e-20
557.634031073431,8.17557861416594e-20
558.662383446438,4.15415637478112e-19
559.692632239934,1.26280949738315e-18
560.724780951178,8.26321852037929e-19
561.758833083872,4.20232664396006e-19
562.794792148183,5.27909668306316e-19
563.83266166075,6.65125891856264e-19
564.872445144697,1.10475923513295e-18
565.914146129645,4.10162899474129e-19
566.957768151727,2.47747371631064e-19
568.003314753591,9.44357550297691e-19
569.050789484425,1.43920506202276e-18
570.100195899956,8.09209601644326e-19
571.151537562473,4.43887876361337e-19
572.204818040832,5.10399775313892e-19
573.260040910471,5.21069257791713e-19
574.317209753422,9.11272400811369e-19
575.376328158321,2.08409968122676e-18
576.437399720424,1.38881906004676e-18
577.500428041617,5.51963076198985e-19
578.565416730426,9.62404867679143e-19
579.632369402036,3.13238739808555e-19
580.701289678293,1.21700492085485e-19
581.772181187727,2.40943200681318e-19
582.845047565559,3.91997653202899e-19
583.91989245371,1.52070763360681e-19
584.996719500823,1.90620201511536e-19
586.075532362264,7.99608575997336e-19
587.156334700143,9.05081451905639e-19
588.239130183325,6.59048087892407e-19
589.323922487435,6.58859457346395e-19
590.410715294884,1.71012692371498e-19
591.499512294868,5.28691636413285e-19
592.590317183388,1.04664913205841e-18
593.683133663263,1.08756303083685e-18
594.777965444137,5.69805363955267e-19
595.874816242498,2.65270329880473e-19
596.973689781686,3.74442047100487e-19
598.074589791908,5.13623795127852e-19
599.177520010251,7.28329705432856e-19
600.282484180691,3.21147352441201e-19
601.389486054111,1.90532221682826e-19
602.49852938831,1.09534915224491e-19
603.609617948017,4.76382424248018e-20
604.722755504904,2.10620111860048e-19
605.837945837597,7.46156221515292e-20
606.955192731694,5.31084337427259e-20
608.074499979769,9.62184125881334e-20
609.195871381393,2.11095147957178e-19
610.319310743146,2.80120467820731e-19
611.444821878623,6.04181535716e-19
612.572408608455,2.77182247448557e-19
613.702074760317,1.30681787644075e-19
614.833824168946,3.04053102068597e-19
615.967660676146,2.30412829115854e-19
617.10358813081,7.86126197797574e-19
618.241610388927,1.12884645900863e-18
619.381731313596,7.95407949294651e-19
620.523954775041,3.08128725136976e-19
621.668284650626,1.64578937484372e-19
622.814724824861,3.92206934310328e-19
623.963279189421,1.76435064138024e-19
625.113951643159,6.28120292861668e-20
626.266746092116,3.44615852424516e-19
627.421666449539,1.07662650134042e-18
628.578716635889,4.57960550400374e-19
629.737900578858,8.29136321207008e-20
630.899222213382,2.78636444868943e-19
632.06268548165,1.50453419323554e-19
633.228294333127,2.14389197580067e-19
634.396052724555,2.85859873388722e-19
635.565964619977,3.28990792701655e-19
636.738033990744,2.10305422605849e-19
637.912264815533,2.78096908940537e-19
639.088661080355,1.84740974718396e-19
640.267226778575,1.33569547189345e-19
641.447965910919,2.22733518716499e-19
642.630882485495,6.93167628564073e-19
643.815980517799,6.03605885962184e-19
645.003264030734,1.3239374128503e-19
646.192737054619,2.08857277861972e-19
647.38440362721,1.57150712285464e-19
648.578267793706,1.35891728013801e-19
649.774333606765,1.14086097059738e-19
650.972605126523,1.15863390416833e-18
652.173086420599,2.50308785514175e-18
653.375781564114,1.52056729969434e-18
654.580694639708,4.5623588493884e-19
655.787829737544,4.97160666796979e-19
656.997190955332,5.03234453012983e-19
658.208782398337,3.85693760457783e-19
659.422608179395,1.218788437706e-19
660.638672418929,1.99680125485726e-19
661.856979244955,1.22349586187786e-19
663.077532793108,1.69305879683265e-20
664.300337206644,3.75211556903844e-21
665.525396636463,8.81223000493656e-20
666.752715241122,3.17590306421982e-19
667.98229718684,2.47089545711923e-19
669.214146647527,2.99064914413111e-19
670.448267804783,7.98219117504692e-20
671.684664847925,3.27790717649928e-19
672.923341973994,7.06146827133298e-19
674.164303387769,2.64125677292928e-19
675.407553301786,3.69105739100508e-19
676.653095936346,2.18471335166887e-19
677.900935519537,1.3661728639103e-19
679.151076287242,7.13952779031824e-20
680.403522483155,4.1421266668601e-20
681.658278358797,3.70562141298638e-20
682.915348173528,9.52179044312531e-20
684.174736194565,5.94396946916456e-19
685.436446696993,9.50701526375744e-19
686.70048396378,3.48658835119695e-19
687.966852285794,1.7913499544135e-19
689.235555961815,1.88889004721614e-19
690.506599298551,2.0209572588893e-19
691.779986610653,1.60717265752383e-19
693.055722220726,3.60019492241196e-19
694.333810459349,5.85144474917404e-19
695.614255665087,2.32343334468072e-19
696.897062184504,2.39449510004119e-20
698.182234372182,9.55737187946371e-20
699.469776590732,9.65610054671803e-20
700.75969321081,2.61080485016978e-19
702.051988611134,4.03045100985169e-19
703.346667178494,3.58836239115662e-19
704.643733307774,9.2873303841979e-20
705.943191401958,2.88601843742036e-19
707.245045872152,5.09352352009753e-19
708.549301137598,6.48015923298474e-19
709.855961625685,6.68086041886048e-20
711.16503177197,1.49477564579056e-19
712.476516020184,1.06441517328185e-19
713.79041882226,8.39978892077246e-19
715.106744638337,1.03162966112796e-18
716.425497936778,3.21979619874156e-19
717.74668319419,7.0842415894636e-20
719.070304895432,2.65841996222038e-19
720.396367533635,2.59180437793281e-19
721.724875610217,2.04148956532285e-19
723.055833634896,1.07657041900936e-19
724.389246125707,6.47239119786793e-20
725.725117609015,6.79837476845543e-20
727.063452619535,3.5702530937503e-19
728.404255700344,5.08692907425619e-19
729.747531402896,4.73023628461411e-19
731.093284287039,3.52318097514521e-19
732.44151892103,3.34348281461081e-19
733.79223988155,1.35944148198866e-19
735.145451753722,1.0641404347758e-19
736.501159131122,3.33884095774624e-20
737.859366615798,6.30004289988652e-20
739.220078818286,1.66806112912858e-19
740.583300357622,1.81328832212318e-19
741.949035861363,2.56203374890571e-19
743.317289965598,8.50679369345323e-20
744.688067314967,3.24743031248483e-20
746.061372562673,2.6082249009555e-19
747.437210370501,4.22210517940452e-19
748.815585408836,4.43137256328619e-19
750.196502356671,2.93862618785147e-19
751.579965901631,1.94732927255644e-19
752.965980739985,1.81782392018883e-19
754.35455157666,6.34317006948519e-20
755.745683125265,1.12616206976792e-19
757.139380108095,2.46121474924166e-19
758.53564725616,6.17779478469398e-19
759.934489309188,2.87465379438497e-19
761.335911015653,2.77352942821348e-19
762.739917132785,2.13301555116108e-19
764.146512426583,1.24890483565489e-18
765.555701671841,3.72932557312702e-19
766.967489652152,7.96328428870911e-20
768.381881159937,1.79163572854023e-19
769.798880996451,1.10991362842594e-19
771.218493971803,1.71624848836978e-19
772.640724904975,5.29516714717858e-20
774.065578623834,1.1984001907483e-19
775.493059965149,4.10171300489638e-19
776.923173774613,1.34122155004007e-19
778.35592490685,1.43205459140798e-19
779.791318225439,1.86763469550978e-19
781.22935860293,6.64104863764188e-19
782.670050920855,4.22254143002316e-19
784.113400069751,2.05456670252495e-19
785.559410949172,9.25105784486184e-20
787.008088467708,6.79440708338456e-20
788.459437543002,8.08452838425562e-20
789.913463101763,1.06803696488004e-19
791.370170079791,4.08945509225475e-19
792.829563421981,3.80047635925929e-19
794.291648082353,6.995683547465e-20
795.756429024062,5.57687515034156e-20
797.223911219412,2.57041787929585e-19
798.69409964988,1.80144698941797e-19
800.166999306129,4.91464271213366e-19
801.642615188024,3.98329945504412e-19
803.120952304654,5.4222441924069e-19
804.602015674339,1.20722184108041e-19
806.085810324661,9.50611872848199e-20
807.572341292468,3.18102305005423e-19
809.061613623899,2.18558222143958e-19
810.553632374399,2.57657363483747e-19
812.048402608733,1.52022629660504e-19
813.545929401012,6.70795201777489e-20
815.046217834697,1.67042779309469e-19
816.549273002628,8.76526422616648e-20
818.055100007039,1.16071084375867e-20
819.563703959567,6.68958382036077e-20
821.075089981282,1.8074266574281e-19
822.589263202691,6.225153388276e-19
824.106228763769,5.36482911614285e-19
825.625991813967,7.01400452216418e-19
827.148557512231,6.08484255980445e-20
828.673931027024,1.93066801023165e-19
830.202117536335,1.28825360720534e-19
831.733122227709,8.96316738870192e-21
833.266950298252,1.76442500160602e-19
834.803606954656,3.11656378233284e-19
836.343097413216,8.73519981494586e-20
837.885426899844,1.16313765664692e-19
839.430600650091,1.35521378493866e-19
840.978623909165,3.06605312815885e-20
842.529501931941,7.96311592076106e-20
844.083239982992,4.88641086683037e-19
845.639843336593,1.38792202730793e-20
847.199317276749,2.21336248085925e-19
848.76166709721,1.86589541541187e-19
850.326898101487,6.17970879517288e-20
851.895015602871,1.69655159187038e-20
853.466024924451,5.22277595103861e-20
855.039931399136,1.48187501440377e-19
856.616740369666,1.26162229050694e-19
858.196457188633,1.44695430380272e-19
859.779087218505,2.6086534250635e-19
861.364635831634,1.90145840526418e-19
862.953108410281,2.94819585490953e-19
864.544510346635,3.1422343942469e-20
866.138847042823,1.46065875564931e-19
867.736123910941,1.86102084095734e-20
869.336346373062,1.45607895981147e-19
870.939519861258,8.44400061402426e-20
872.545649817621,8.43032913657993e-21
874.154741694274,6.29109389370496e-20
875.7668009534,3.79339743379477e-19
877.381833067252,5.09324985625729e-20
878.999843518174,1.35642553703929e-19
880.620837798624,9.26184948218845e-20
882.244821411183,3.23142124474238e-19
883.871799868584,1.71792546277266e-19
885.501778693725,1.37437406158729e-20
887.134763419689,8.2820676594337e-20
888.770759589763,8.74926825823656e-20
890.409772757454,5.09603499394783e-20
892.051808486515,7.76276032531512e-20
893.696872350956,2.95851015905168e-20
895.344969935066,1.16282666213703e-19
896.996106833436,4.0541060691141e-20
898.650288650968,1.00072112096342e-19
900.307521002906,2.85420912409002e-19
901.967809514847,3.10636114191689e-19
903.631159822761,1.01744214139452e-19
905.297577573014,9.70903384004498e-20
906.967068422383,7.45832007823058e-20
908.639638038076,1.96813871996183e-19
910.315292097756,1.44686393783527e-19
911.994036289552,2.83331534560002e-19
913.675876312085,3.29208652201622e-19
915.360817874484,2.92811767424561e-20
917.048866696407,2.46090582246738e-20
918.740028508061,3.10156484340719e-20
920.434309050216,1.31263640796505e-19
922.131714074235,3.67571568545413e-19
923.832249342082,1.39174063041708e-19
925.53592062635,4.41284177219042e-20
927.242733710276,6.07982834952084e-20
928.952694387761,2.32032911359534e-19
930.665808463395,4.65050432170344e-19
932.382081752466,4.23611722997678e-19
934.101520080992,8.22676611655995e-20
935.824129285733,6.34317509111349e-20
937.549915214211,1.1574304305791e-19
939.278883724735,8.31050208287764e-20
941.011040686413,1.31637389188758e-19
942.74639197918,2.43043655111879e-20
944.484943493815,2.29481141566483e-19
946.226701131957,3.39212127900744e-19
947.971670806132,2.83748465604336e-19
949.719858439765,1.43234850136407e-19
951.471269967209,4.93001255380615e-20
953.22591133376,1.22362621164021e-19
954.983788495675,1.16193176360898e-19
956.744907420198,4.32666841062132e-20
958.509274085577,1.1089719262375e-19
960.276894481084,2.01540535518603e-19
962.047774607036,2.43866705814097e-20
963.821920474815,1.23672897436616e-19
965.599338106891,1.07780419503661e-19
967.380033536838,1.71404234307383e-19
969.164012809356,9.49808352452223e-20
970.951281980296,1.98419336420328e-19
972.741847116673,1.30774501017643e-19
974.535714296692,2.74635644226171e-19
976.332889609768,1.36122352992933e-20
978.133379156543,1.50554029611816e-19
979.937189048913,8.21035140252887e-19
981.74432541004,1.73498702463588e-19
983.554794374384,1.25693491846032e-19
985.368602087714,9.20455843056386e-20
987.185754707133,6.07930254457719e-20
989.0062584011,2.21945697390412e-20
990.830119349448,8.61035017316981e-20
992.657343743405,1.07391797467595e-20
994.487937785623,8.50047858352896e-20
996.321907690183,7.76307330026217e-20
998.159259682634,2.97232154571875e-19
1000,2.90311960826625e-19
