Frequency [Hz],PSD [m]^2/Hz
0.999592605228707,9.12940497640965e-17
1.99918521045741,7.76785459334783e-17
2.99877781568612,5.03343556645172e-18
3.99837042091483,2.20442394767725e-17
4.99796302614354,9.54433763901567e-18
5.99755563137224,6.86216845954892e-19
6.99714823660095,6.72593591120397e-17
7.99674084182966,7.3601882896482e-17
8.99633344705837,2.22104481792697e-17
9.99592605228707,1.00499149722195e-16
10.9955186575158,2.3813669659758e-17
11.9951112627445,2.47953786583369e-18
12.9947038679732,4.3772502993238e-17
13.9942964732019,3.01032276203379e-17
14.9938890784306,1.26344326767952e-17
15.9934816836593,1.23742553708862e-16
16.993074288888,1.00559774781461e-16
17.9926668941167,1.67426223071259e-18
18.9922594993454,3.97507827433345e-17
19.9918521045741,5.08245695400995e-17
20.9914447098029,5.34871130636012e-17
21.9910373150316,2.21257098443429e-17
22.9906299202603,3.53838416964305e-17
23.990222525489,4.71234997612976e-17
24.9898151307177,9.74821339732809e-17
25.9894077359464,3.06069607215497e-17
26.9890003411751,5.31593838394055e-17
27.9885929464038,6.73667694381113e-17
28.9881855516325,8.09558233139692e-18
29.9877781568612,3.40237717738476e-17
30.9873707620899,8.3984345313007e-17
31.9869633673186,4.55366114787624e-17
32.9865559725473,9.14788723660716e-17
33.986148577776,5.73266061732839e-17
34.9857411830048,9.21862610654222e-17
35.9853337882335,1.37352740946763e-16
36.9849263934622,8.37283855626908e-18
37.9845189986909,3.28069085667376e-17
38.9841116039196,6.99402107636421e-17
39.9837042091483,3.60436856721133e-17
40.983296814377,1.06104118477524e-17
41.9828894196057,8.31392080110057e-17
42.9824820248344,1.01324242935324e-16
43.9820746300631,7.34706970649914e-17
44.9816672352918,3.23240154621429e-17
45.9812598405205,2.14150925731294e-17
46.9808524457492,3.03274765497351e-17
47.9804450509779,2.42756090689768e-17
48.9800376562067,1.22757789227832e-17
49.9796302614354,4.58204247466426e-17
50.9792228666641,1.98145937099659e-17
51.9788154718928,2.86718725306878e-18
52.9784080771215,2.52224264403133e-17
53.9780006823502,7.63221246961815e-17
54.9775932875789,1.06817202681361e-16
55.9771858928076,8.7356420740557e-17
56.9767784980363,1.34263847051344e-16
57.976371103265,7.13197517181139e-17
58.9759637084937,9.86572506203458e-18
59.9755563137224,5.43638549353453e-17
60.9751489189512,1.7220935419848e-16
61.9747415241799,7.55325569579044e-17
62.9743341294086,2.78832617058334e-18
63.9739267346373,7.57148988215039e-17
64.973519339866,1.77690024859978e-16
65.9731119450947,1.01617745395764e-16
66.9727045503234,3.8687975408633e-17
67.9722971555521,6.36318307280295e-18
68.9718897607808,7.40836961410136e-17
69.9714823660095,5.99718304430229e-17
70.9710749712382,4.52406899434199e-17
71.9706675764669,1.59045349968021e-17
72.9702601816956,4.2826566167326e-18
73.9698527869243,1.52273657044876e-17
74.969445392153,4.27850635273737e-17
75.9690379973818,3.0350619790312e-18
76.9686306026105,3.69433523956043e-18
77.9682232078392,8.28363816416618e-17
78.9678158130679,1.08532742559915e-16
79.9674084182966,1.75082788946068e-17
80.9670010235253,4.08149354916241e-17
81.966593628754,2.88147786911599e-16
82.9661862339827,1.66560323187547e-16
83.9657788392114,9.37417425389403e-18
84.9653714444401,2.10898861860058e-16
85.9649640496688,2.65776664665e-16
86.9645566548975,8.16281827903715e-17
87.9641492601262,2.88242142729905e-19
88.963741865355,1.80033692300211e-18
89.9633344705837,1.72103667374719e-17
90.9629270758124,9.24524537233519e-19
91.9625196810411,5.66168986737341e-17
92.9621122862698,7.01729375906732e-17
93.9617048914985,2.53059926008236e-19
94.9612974967272,1.10109959058694e-17
95.9608901019559,2.61694320360424e-17
96.9604827071846,1.05177078116518e-16
97.9600753124133,1.30068785866944e-16
98.959667917642,2.61563565300205e-17
99.9592605228707,8.88097701018832e-17
100.958853128099,5.05611570964702e-17
101.958445733328,1.70741412388561e-17
102.958038338557,1.18421044260374e-17
103.957630943786,1.13488808349182e-16
104.957223549014,1.96524087236836e-17
105.956816154243,2.20186545296718e-17
106.956408759472,3.61322128772669e-18
107.9560013647,7.7815458988522e-18
108.955593969929,6.48352775876399e-17
109.955186575158,1.0099401907838e-16
110.954779180387,1.92030529969434e-17
111.954371785615,9.51777470804929e-17
112.953964390844,5.13997306932352e-17
113.953556996073,2.77073605958273e-17
114.953149601301,3.73537866590489e-17
115.95274220653,4.44397098378349e-17
116.952334811759,9.45080853300329e-17
117.951927416987,7.32948819199811e-17
118.951520022216,1.74682284431474e-18
119.951112627445,1.20594916072311e-17
120.950705232674,1.81130012417933e-17
121.950297837902,1.17005828561009e-17
122.949890443131,1.17863764402558e-17
123.94948304836,5.5990707577013e-17
124.949075653588,1.01077765996448e-16
125.948668258817,5.19890208709601e-17
126.948260864046,7.87728951197818e-17
127.947853469275,1.66271437853718e-16
128.947446074503,1.16334628694305e-16
129.947038679732,4.68971562641173e-18
130.946631284961,2.32203622476119e-17
131.946223890189,1.47959267216875e-17
132.945816495418,2.55429605753476e-17
133.945409100647,3.66867065243482e-17
134.945001705875,7.8028877233949e-18
135.944594311104,4.37045199975568e-18
136.944186916333,2.19429742380673e-17
137.943779521562,3.10309563163659e-17
138.94337212679,5.95556448086676e-17
139.942964732019,8.38678074059823e-19
140.942557337248,1.89704444239163e-17
141.942149942476,3.79472938420525e-17
142.941742547705,5.55804101573222e-17
143.941335152934,5.0859143324499e-17
144.940927758163,3.55379218683557e-19
145.940520363391,6.19336216532893e-18
146.94011296862,9.35689358818224e-18
147.939705573849,6.3143567708626e-17
148.939298179077,3.83669093750837e-17
149.938890784306,7.42482780105219e-19
150.938483389535,8.772816747958e-18
151.938075994764,6.70611544546565e-18
152.937668599992,1.12986565179079e-19
153.937261205221,9.82741266889645e-17
154.93685381045,2.57973329682207e-16
155.936446415678,1.36298592851102e-16
156.936039020907,2.68972436242676e-17
157.935631626136,2.61301797584319e-17
158.935224231364,1.64389065436649e-16
159.934816836593,1.44218632157646e-16
160.934409441822,4.91226287795423e-18
161.934002047051,3.8295686810144e-17
162.933594652279,7.65545029240212e-19
163.933187257508,2.82217071487336e-18
164.932779862737,3.47702519544814e-18
165.932372467965,3.35516265958173e-18
166.931965073194,1.58670466293453e-18
167.931557678423,3.02240522649208e-17
168.931150283652,5.38824230418313e-17
169.93074288888,2.40580521125552e-17
170.930335494109,8.1104483950929e-17
171.929928099338,1.88283600563786e-17
172.929520704566,1.31034166655112e-17
173.929113309795,1.35615714890191e-17
174.928705915024,1.04513687665341e-17
175.928298520252,7.53823879505233e-17
176.927891125481,1.55851651421901e-17
177.92748373071,6.99493845088947e-18
178.927076335939,2.43271898851397e-18
179.926668941167,8.54153603003454e-18
180.926261546396,2.21554877585211e-17
181.925854151625,3.74666429954406e-18
182.925446756853,6.48984566005476e-18
183.925039362082,3.29243320016406e-18
184.924631967311,1.4830125782264e-17
185.92422457254,7.08257187985352e-17
186.923817177768,5.84283467582906e-17
187.923409782997,3.01365384724687e-18
188.923002388226,1.17682087489403e-17
189.922594993454,3.75245166879545e-17
190.922187598683,2.80847357722974e-17
191.921780203912,6.78621718025182e-17
192.921372809141,1.2084241036449e-16
193.920965414369,9.29812769838695e-17
194.920558019598,6.31048293009969e-17
195.920150624827,5.56957430844347e-17
196.919743230055,2.81781870094743e-17
197.919335835284,2.54076824131224e-17
198.918928440513,3.63223005906423e-17
199.918521045741,3.11861140872215e-17
200.91811365097,8.12711773611762e-19
201.917706256199,3.30547055353989e-17
202.917298861428,6.49753189169982e-17
203.916891466656,5.37311254764817e-17
204.916484071885,7.22034700072126e-18
205.916076677114,2.79958103572367e-17
206.915669282342,2.53854281129609e-17
207.915261887571,2.16625593782492e-17
208.9148544928,3.15471850726149e-17
209.914447098029,1.0404827801543e-17
210.914039703257,4.04744744143707e-17
211.913632308486,4.69108654615399e-17
212.913224913715,8.70560420425047e-17
213.912817518943,7.96159661969943e-17
214.912410124172,1.38751912562008e-17
215.912002729401,3.74891970615669e-17
216.91159533463,7.06365062111203e-17
217.911187939858,2.00446326888637e-17
218.910780545087,8.29941195285399e-18
219.910373150316,9.16013060630732e-18
220.909965755544,3.19233784674304e-17
221.909558360773,5.83366776810696e-17
222.909150966002,2.83399957752359e-17
223.90874357123,1.79010580510778e-17
224.908336176459,4.02912792660873e-18
225.907928781688,1.40160722119827e-17
226.907521386917,8.60861176449305e-17
227.907113992145,8.60729898717861e-17
228.906706597374,2.90984426000487e-17
229.906299202603,6.44158749122949e-17
230.905891807831,1.56860008979558e-16
231.90548441306,1.15565413474117e-16
232.905077018289,8.85145320974557e-17
233.904669623518,8.49949242467021e-17
234.904262228746,2.2277063794407e-17
235.903854833975,4.5303105245051e-18
236.903447439204,6.5132467769903e-17
237.903040044432,6.12303414163404e-17
238.902632649661,1.83531833509978e-17
239.90222525489,4.80049534603147e-17
240.901817860118,2.14227004345235e-17
241.901410465347,4.16984855358642e-18
242.901003070576,7.08309727105394e-18
243.900595675805,7.18843514643136e-18
244.900188281033,1.32165664413448e-17
245.899780886262,3.46277396819162e-17
246.899373491491,9.36959872275856e-17
247.898966096719,7.84927244332833e-18
248.898558701948,1.41026606079633e-17
249.898151307177,1.73910450603533e-17
250.897743912406,6.47984521449317e-17
251.897336517634,1.07928322107836e-17
252.896929122863,2.84057177783642e-17
253.896521728092,8.45945433578509e-17
254.89611433332,1.25730072145246e-16
255.895706938549,6.33611960200444e-17
256.895299543778,3.03135071308602e-17
257.894892149007,5.95559223990122e-17
258.894484754235,1.35182422014816e-17
259.894077359464,5.34655854993476e-17
260.893669964693,1.50959124193187e-17
261.893262569921,5.49240353790832e-18
262.89285517515,1.82594293570101e-17
263.892447780379,7.01407019464628e-17
264.892040385607,1.54529215569746e-16
265.891632990836,1.76825425600484e-16
266.891225596065,5.62156290920522e-17
267.890818201294,2.33191635601611e-17
268.890410806522,5.15353587356055e-17
269.890003411751,2.42639533611183e-17
270.88959601698,4.83772564648966e-17
271.889188622208,6.00952420871081e-17
272.888781227437,6.28194313803865e-18
273.888373832666,3.84366838377177e-17
274.887966437895,9.9645180584429e-17
275.887559043123,1.42223185012918e-16
276.887151648352,3.32409096750202e-17
277.886744253581,1.04092389043586e-17
278.886336858809,3.23499618537027e-17
279.885929464038,1.6768500193366e-17
280.885522069267,5.06938589893744e-17
281.885114674495,1.21898767138003e-17
282.884707279724,5.19556135937369e-17
283.884299884953,8.13661947952341e-17
284.883892490182,3.60959684795912e-17
285.88348509541,1.53974532169097e-17
286.883077700639,9.52271472843774e-17
287.882670305868,1.10187021381159e-16
288.882262911096,9.50189435038286e-18
289.881855516325,1.28547213166814e-17
290.881448121554,1.62634358020923e-17
291.881040726783,1.85899937688508e-17
292.880633332011,4.43986971305442e-17
293.88022593724,9.57542995849969e-17
294.879818542469,3.95150044321532e-17
295.879411147697,4.20616015719805e-17
296.879003752926,4.57856700262215e-17
297.878596358155,4.04388761866811e-17
298.878188963383,4.7244240375694e-18
299.877781568612,2.3107667974962e-17
300.877374173841,2.25283631853423e-17
301.87696677907,3.30787696325525e-17
302.876559384298,7.41132097219313e-17
303.876151989527,8.07029741374299e-17
304.875744594756,3.14240407952081e-17
305.875337199984,2.19676220385126e-17
306.874929805213,6.50017207659787e-17
307.874522410442,2.60680813019443e-18
308.874115015671,1.51453941482714e-17
309.873707620899,5.55818993135736e-17
310.873300226128,1.10677692687464e-16
311.872892831357,2.98976782503277e-17
312.872485436585,3.73511190722878e-17
313.872078041814,2.07510168285151e-16
314.871670647043,2.68534579976497e-16
315.871263252272,8.909525393577e-17
316.8708558575,2.91638675884995e-17
317.870448462729,1.48680840595717e-19
318.870041067958,1.16590992138439e-17
319.869633673186,5.80300420683258e-17
320.869226278415,3.28850150654102e-17
321.868818883644,3.18587297748905e-17
322.868411488872,1.21859162245432e-19
323.868004094101,4.22634239575628e-17
324.86759669933,3.19096141432386e-17
325.867189304559,6.25324489633591e-18
326.866781909787,1.09635035210012e-18
327.866374515016,2.4488555044904e-17
328.865967120245,1.87341092805658e-17
329.865559725473,6.65061391162624e-18
330.865152330702,3.80857920923627e-17
331.864744935931,3.76270578587911e-17
332.86433754116,5.19957049798459e-17
333.863930146388,1.93130220145308e-17
334.863522751617,3.5005983242809e-17
335.863115356846,2.61905340790857e-17
336.862707962074,1.26024326194973e-18
337.862300567303,2.20428951342052e-17
338.861893172532,5.37035937892524e-17
339.861485777761,2.78863329577509e-17
340.861078382989,1.09043315268062e-16
341.860670988218,1.25766108568971e-16
342.860263593447,5.39683791277444e-17
343.859856198675,2.70790853461958e-17
344.859448803904,1.64919261943265e-17
345.859041409133,1.9717740012468e-17
346.858634014361,1.72132807131984e-17
347.85822661959,1.39679516866849e-17
348.857819224819,9.66291533409006e-18
349.857411830048,3.61841469398386e-17
350.857004435276,2.37578450298687e-18
351.856597040505,4.86432607208675e-17
352.856189645734,3.11092621059442e-17
353.855782250962,5.80151304556068e-18
354.855374856191,2.88639009402416e-17
355.85496746142,1.31384151383571e-17
356.854560066649,1.42894481017004e-18
357.854152671877,6.16243851817712e-17
358.853745277106,5.33716511840101e-17
359.853337882335,3.14944716863961e-17
360.852930487563,5.51699813379924e-18
361.852523092792,5.95339878541408e-18
362.852115698021,1.02849468335114e-17
363.851708303249,2.36719501656674e-17
364.851300908478,1.78329907963859e-17
365.850893513707,1.32569009763374e-17
366.850486118936,8.59463305034353e-18
367.850078724164,2.23750662664473e-17
368.849671329393,2.98277532636353e-18
369.849263934622,6.31254797428538e-18
370.84885653985,2.45227719743247e-17
371.848449145079,6.0538912630106e-18
372.848041750308,9.94937736033243e-17
373.847634355537,1.41063303716545e-16
374.847226960765,3.26963399168622e-17
375.846819565994,1.44715214219389e-17
376.846412171223,4.07248229160313e-18
377.846004776451,5.5628671081231e-18
378.84559738168,3.60979107225212e-18
379.845189986909,1.24205411311741e-17
380.844782592138,1.12397012124496e-16
381.844375197366,1.33778055309649e-16
382.843967802595,2.60063877304226e-17
383.843560407824,9.92257242654738e-19
384.843153013052,2.86173113471873e-17
385.842745618281,8.17531469146205e-17
386.84233822351,1.13028237583617e-16
387.841930828738,1.01046243788752e-16
388.841523433967,2.6357502544924e-17
389.841116039196,4.20486554089006e-17
390.840708644425,9.79564419684238e-17
391.840301249653,4.55438429754672e-17
392.839893854882,4.54288457175189e-17
393.839486460111,4.61989484317731e-17
394.839079065339,6.32667290823297e-17
395.838671670568,3.44591457089096e-18
396.838264275797,1.06384742797075e-16
397.837856881026,4.79733735910919e-17
398.837449486254,4.03379751522942e-17
399.837042091483,3.45258193342711e-17
400.836634696712,5.26133443805266e-17
401.83622730194,1.49885284403952e-16
402.835819907169,1.31678814239194e-16
403.835412512398,1.71796646218216e-17
404.835005117627,1.81210525238078e-17
405.834597722855,1.99578261175153e-17
406.834190328084,1.68947095756472e-17
407.833782933313,4.19291485409386e-18
408.833375538541,5.79846354976484e-17
409.83296814377,7.98188687115408e-17
410.832560748999,2.59038223368928e-17
411.832153354227,2.27222530795663e-17
412.831745959456,1.56563479303538e-17
413.831338564685,1.04977616572472e-17
414.830931169914,3.55839522280662e-17
415.830523775142,5.41554089097186e-17
416.830116380371,1.35002584526933e-16
417.8297089856,7.79401376406817e-17
418.829301590828,1.35990041532665e-17
419.828894196057,3.38335976576564e-17
420.828486801286,3.64045911822535e-17
421.828079406515,6.11246004856895e-18
422.827672011743,2.58752682452814e-18
423.827264616972,2.06983319272809e-17
424.826857222201,3.52772050540587e-17
425.826449827429,7.81068261606436e-17
426.826042432658,1.15765664036754e-16
427.825635037887,1.99419802310818e-17
428.825227643115,1.93471415561936e-17
429.824820248344,5.23434755180603e-17
430.824412853573,6.84940897219529e-17
431.824005458802,3.55393692393632e-17
432.82359806403,5.58508752518743e-17
433.823190669259,5.50114420252775e-17
434.822783274488,9.39813608290801e-18
435.822375879716,2.24713667876272e-17
436.821968484945,3.05251329378503e-18
437.821561090174,4.83179510250047e-17
438.821153695403,2.89024049672116e-18
439.820746300631,1.98042032398994e-17
440.82033890586,2.34987095258605e-17
441.819931511089,2.16683053178855e-17
442.819524116317,6.54774894909587e-17
443.819116721546,7.23195426068826e-17
444.818709326775,2.15985065618738e-17
445.818301932004,2.0056776634363e-17
446.817894537232,6.47684177025483e-18
447.817487142461,3.08555040281999e-18
448.81707974769,3.18172288791962e-17
449.816672352918,4.65763202054556e-17
450.816264958147,8.86004171126202e-17
451.815857563376,5.98048237254388e-17
452.815450168604,9.34776009964975e-17
453.815042773833,3.16462981143536e-16
454.814635379062,1.31143233424501e-16
455.814227984291,4.14992601824925e-17
456.813820589519,3.58204964227397e-17
457.813413194748,4.8663943865483e-17
458.813005799977,1.0346092187438e-17
459.812598405205,9.24068466876982e-17
460.812191010434,7.94585190057586e-17
461.811783615663,3.3519999990698e-18
462.811376220892,5.8633557056558e-17
463.81096882612,2.65933912146443e-17
464.810561431349,9.50014876754847e-17
465.810154036578,7.28610760907069e-17
466.809746641806,6.78220205988541e-17
467.809339247035,4.37373336662389e-17
468.808931852264,1.40161069706028e-17
469.808524457492,2.44467977511388e-17
470.808117062721,2.44850642375934e-17
471.80770966795,1.29884458821733e-16
472.807302273179,8.48178012364627e-17
473.806894878407,1.68923208451286e-17
474.806487483636,4.47642419406731e-17
475.806080088865,3.67529567410118e-17
476.805672694093,7.14793489032515e-18
477.805265299322,1.66255007453752e-17
478.804857904551,3.2844295691523e-17
479.80445050978,8.86344657399861e-18
480.804043115008,2.51900200598895e-17
481.803635720237,5.06944818903844e-17
482.803228325466,1.09925878096508e-16
483.802820930694,7.3862614231004e-17
484.802413535923,2.23927897797288e-18
485.802006141152,1.44411673406142e-19
486.80159874638,4.60301784721802e-18
487.801191351609,1.68452321130061e-17
488.800783956838,6.2534604542883e-17
489.800376562067,8.43439257551769e-18
490.799969167295,3.81260988708545e-18
491.799561772524,1.17310144511199e-17
492.799154377753,4.7189872210964e-17
493.798746982981,2.20240991563376e-17
494.79833958821,2.65201237099208e-17
495.797932193439,9.83631154001841e-18
496.797524798668,5.18240540328629e-17
497.797117403896,7.03868924940454e-17
498.796710009125,2.8098649297465e-17
499.796302614354,1.95752936950485e-18
500.795895219582,1.96978084173044e-17
501.795487824811,1.54459644258807e-17
502.79508043004,3.36664167809498e-18
503.794673035268,8.77834839565576e-18
504.794265640497,1.66719455490969e-18
505.793858245726,5.20681418688485e-17
506.793450850955,6.97738763378042e-17
507.793043456183,3.58117154885944e-17
508.792636061412,7.30253246350085e-17
509.792228666641,4.76059205466562e-17
510.791821271869,1.49993155159202e-18
511.791413877098,1.41851416782581e-17
512.791006482327,2.24010729843671e-17
513.790599087556,1.0740534793324e-18
514.790191692784,5.7590817922311e-18
515.789784298013,6.07492991105664e-18
516.789376903242,8.79559240656721e-18
517.78896950847,6.63376154593653e-18
518.788562113699,1.08194577698663e-17
519.788154718928,2.0484273667137e-17
520.787747324156,1.02246346320962e-16
521.787339929385,1.75638824848425e-16
522.786932534614,1.19890660625451e-16
523.786525139843,2.75741540355987e-17
524.786117745071,2.63672401660358e-17
525.7857103503,3.43162501951824e-19
526.785302955529,7.51342260063455e-17
527.784895560757,3.12348987899109e-17
528.784488165986,2.86662267669915e-18
529.784080771215,9.4871295432858e-18
530.783673376444,5.6841506490854e-17
531.783265981672,3.45234886588787e-17
532.782858586901,3.2471217792806e-17
533.78245119213,4.90092762037877e-17
534.782043797358,3.84201196925296e-18
535.781636402587,1.41565277771572e-17
536.781229007816,6.11145062997319e-17
537.780821613045,7.84728130928629e-17
538.780414218273,9.44494718847151e-17
539.780006823502,8.46925878090826e-17
540.779599428731,2.71086288108935e-17
541.779192033959,9.42727479864058e-19
542.778784639188,6.28251756464301e-18
543.778377244417,3.72104356387526e-19
544.777969849646,3.48039004678424e-17
545.777562454874,1.05802948081455e-16
546.777155060103,7.05314331673611e-17
547.776747665332,4.30909384070355e-17
548.77634027056,1.76249009664497e-17
549.775932875789,9.94777899747109e-18
550.775525481018,2.44063492504462e-17
551.775118086246,6.98731690269483e-18
552.774710691475,1.60200181480343e-17
553.774303296704,3.8306063955924e-17
554.773895901933,5.74766481033365e-18
555.773488507161,7.79045658712765e-18
556.77308111239,8.30520459688246e-18
557.772673717619,6.52334139807834e-18
558.772266322847,3.79853240187763e-17
559.771858928076,1.11135317509123e-16
560.771451533305,6.71228465964374e-17
561.771044138534,3.49150504491984e-17
562.770636743762,4.42972563499592e-17
563.770229348991,5.33713341968086e-17
564.76982195422,1.00115429115743e-16
565.769414559448,3.8960976156236e-17
566.769007164677,1.13636747718798e-17
567.768599769906,6.34329529989844e-17
568.768192375135,1.38624716757623e-16
569.767784980363,8.69937500713399e-17
570.767377585592,3.58593579397179e-17
571.766970190821,4.28123917730095e-17
572.766562796049,4.65871423178928e-17
573.766155401278,4.45067295195794e-17
574.765748006507,1.08830282273918e-16
575.765340611735,2.31155197110519e-16
576.764933216964,6.9931800975656e-17
577.764525822193,4.14373856478145e-17
578.764118427422,9.66651131359583e-17
579.76371103265,1.76015839035641e-17
580.763303637879,1.04719829269372e-17
581.762896243108,2.15408327343445e-17
582.762488848336,3.72366463291708e-17
583.762081453565,1.51289621068348e-17
584.761674058794,6.62906830368113e-18
585.761266664023,5.22003740974572e-17
586.760859269251,1.18426809933387e-16
587.76045187448,2.87658813028611e-17
588.760044479709,9.52915895698869e-17
589.759637084937,3.41941353577908e-17
590.759229690166,6.02333920653233e-18
591.758822295395,6.42757091691375e-17
592.758414900624,1.04437477905035e-16
593.758007505852,1.01663022998633e-16
594.757600111081,5.41926816332713e-17
595.75719271631,2.34796376024255e-17
596.756785321538,3.66418312589656e-17
597.756377926767,3.11827323911703e-17
598.755970531996,8.65661708779787e-17
599.755563137224,4.60277173183072e-17
600.755155742453,1.70324951183559e-17
601.754748347682,1.90390805730819e-17
602.754340952911,7.64655548897474e-18
603.753933558139,4.09796388098766e-18
604.753526163368,2.09768766230866e-17
605.753118768597,7.53216491580093e-18
606.752711373825,4.48611554318819e-18
607.752303979054,7.99026652765269e-18
608.751896584283,1.25123890582608e-17
609.751489189512,3.1178826946679e-17
610.75108179474,2.50651398825451e-17
611.750674399969,7.53661247788186e-17
612.750267005198,1.72796672550839e-17
613.749859610426,1.28553736515472e-17
614.749452215655,3.1793764421406e-17
615.749044820884,1.66179697821711e-17
616.748637426112,4.67447754756969e-17
617.748230031341,1.38890983639094e-16
618.74782263657,8.95239245846259e-17
619.747415241799,7.6066469702048e-17
620.747007847027,1.86836181751273e-17
621.746600452256,1.67264734968102e-17
622.746193057485,4.16936529503997e-17
623.745785662713,2.24235038049897e-17
624.745378267942,3.13982173700599e-18
625.744970873171,1.22875206702927e-17
626.7445634784,5.74508158876524e-17
627.744156083628,1.3863911070071e-16
628.743748688857,3.00821095972762e-17
629.743341294086,8.60598806971655e-18
630.742933899314,3.25040826124771e-17
631.742526504543,1.27818032910142e-17
632.742119109772,2.26540504885844e-17
633.741711715,2.29579082387064e-17
634.741304320229,3.45007148456275e-17
635.740896925458,3.54037574499464e-17
636.740489530687,2.25811313311449e-17
637.740082135915,3.23080149353065e-17
638.739674741144,1.89706153507127e-17
639.739267346373,2.19441241939695e-17
640.738859951602,7.88639977042744e-18
641.73845255683,3.10232766314914e-17
642.738045162059,8.1286454447376e-17
643.737637767288,7.05061296962205e-17
644.737230372516,1.72482971138583e-17
645.736822977745,7.30558404559428e-18
646.736415582974,4.19774305994046e-17
647.736008188202,4.1552349137642e-18
648.735600793431,1.72064950483564e-17
649.73519339866,1.00214463000533e-17
650.734786003889,8.01449008000609e-17
651.734378609117,2.90254344027991e-16
652.733971214346,2.71814186018457e-16
653.733563819575,1.16405569392528e-16
654.733156424803,4.01781523659907e-17
655.732749030032,5.6622568042692e-17
656.732341635261,5.72515543953753e-17
657.731934240489,5.84093870216358e-17
658.731526845718,2.87804451464192e-17
659.731119450947,7.46229923589467e-18
660.730712056176,2.46741223883675e-17
661.730304661404,1.58733668973367e-17
662.729897266633,2.66098288780088e-18
663.729489871862,6.79881127578856e-19
664.72908247709,2.57420103959466e-19
665.728675082319,1.29126277053241e-17
666.728267687548,3.7727411825724e-17
667.727860292777,2.4235728082005e-17
668.727452898005,4.37454826240956e-17
669.727045503234,2.67554525586589e-17
670.726638108463,2.84333947685244e-18
671.726230713691,4.07402554030194e-17
672.72582331892,9.88941472276624e-17
673.725415924149,2.6949200012832e-17
674.725008529378,3.79703080327306e-17
675.724601134606,4.76572308267287e-17
676.724193739835,2.48644680764454e-17
677.723786345064,1.80408759900573e-17
678.723378950292,1.00387342016088e-17
679.722971555521,6.95337619990304e-18
680.72256416075,4.19690937479953e-18
681.722156765978,4.58293280462172e-18
682.721749371207,5.80192469398239e-18
683.721341976436,3.65410769491185e-17
684.720934581665,1.18356144779827e-16
685.720527186893,1.18178998297155e-16
686.720119792122,4.20213526788352e-17
687.719712397351,1.48894658448404e-17
688.719305002579,4.54288298358118e-17
689.718897607808,3.44966486187234e-18
690.718490213037,3.14331864106232e-17
691.718082818265,2.02460586399404e-17
692.717675423494,2.19886585245579e-17
693.717268028723,9.22822011312051e-17
694.716860633952,6.36905311912719e-17
695.71645323918,2.58827988496838e-17
696.716045844409,1.27035393691751e-18
697.715638449638,1.12468112566755e-17
698.715231054867,1.35593991066353e-17
699.714823660095,1.21547095900249e-17
700.714416265324,3.2870618222855e-17
701.714008870553,5.59968675300426e-17
702.713601475781,4.5809821780688e-17
703.71319408101,4.76241088758094e-17
704.712786686239,9.5692642900969e-18
705.712379291467,4.83450975399017e-17
706.711971896696,3.73274351241123e-18
707.711564501925,1.23096629608303e-16
708.711157107154,7.88886098023085e-17
709.710749712382,5.52695012503865e-18
710.710342317611,2.87704893557826e-17
711.70993492284,9.47519177087988e-18
712.709527528068,1.575244335321e-17
713.709120133297,1.09179482826933e-16
714.708712738526,1.58294081572017e-16
715.708305343754,1.11104348296459e-16
716.707897948983,1.71576898100951e-17
717.707490554212,8.55968298653997e-18
718.707083159441,3.63633243231781e-17
719.706675764669,3.63100556709748e-17
720.706268369898,3.52267650466608e-17
721.705860975127,2.8290943025376e-17
722.705453580355,1.89849026065316e-17
723.705046185584,7.2737699235814e-18
724.704638790813,9.76435043905838e-18
725.704231396042,9.16049392813432e-18
726.70382400127,2.37415873064939e-17
727.703416606499,9.64187365883539e-17
728.703009211728,6.06521736838891e-17
729.702601816956,6.75499147447205e-17
730.702194422185,4.60097361198477e-17
731.701787027414,5.56273187198589e-17
732.701379632643,4.4518594673184e-17
733.700972237871,1.9763610091794e-17
734.7005648431,1.51856112790286e-17
735.700157448329,1.52148585656667e-17
736.699750053557,2.20055556390018e-18
737.699342658786,8.81912789939159e-18
738.698935264015,1.03482074813038e-17
739.698527869243,3.66986796388606e-17
740.698120474472,2.49266425474388e-17
741.697713079701,3.96589901692278e-17
742.69730568493,3.01397286346517e-17
743.696898290158,1.56820039035846e-18
744.696490895387,4.78517868581146e-18
745.696083500616,3.78831775618332e-17
746.695676105844,3.91737787865177e-17
747.695268711073,7.0367357024359e-17
748.694861316302,6.81099289501286e-17
749.69445392153,4.76745676965976e-17
750.694046526759,3.97390022158457e-17
751.693639131988,2.76863477010426e-17
752.693231737217,2.91971776633677e-17
753.692824342445,2.19645637608186e-17
754.692416947674,3.1875394552842e-18
755.692009552903,1.73456289516195e-17
756.691602158132,1.07015277878071e-17
757.69119476336,6.99995322520475e-17
758.690787368589,9.82653981342146e-17
759.690379973818,3.48182318795851e-17
760.689972579046,7.1774241087086e-17
761.689565184275,2.64033872460571e-17
762.689157789504,2.48669356291507e-17
763.688750394732,1.80505493388711e-16
764.688342999961,2.06861114282755e-16
765.68793560519,3.49763186700055e-17
766.687528210419,1.23514328679311e-18
767.687120815647,4.09879517079282e-17
768.686713420876,2.22010410022063e-17
769.686306026105,1.88372145286679e-17
770.685898631333,5.77345432202884e-18
771.685491236562,4.55201605452297e-17
772.685083841791,6.61932881160214e-18
773.684676447019,6.85953697228533e-18
774.684269052248,3.86062631434181e-17
775.683861657477,7.13749538013241e-17
776.683454262706,2.72832523200358e-17
777.683046867934,2.63224318939453e-18
778.682639473163,3.27444225068665e-17
779.682232078392,2.22222516929141e-17
780.68182468362,9.32872886643626e-17
781.681417288849,1.18296143820902e-16
782.681009894078,6.77186290836357e-17
783.680602499307,4.02553513991688e-17
784.680195104535,2.42864327242211e-17
785.679787709764,1.38051814748158e-17
786.679380314993,1.04187248709804e-17
787.678972920221,1.25107456498647e-17
788.67856552545,1.34754113572163e-17
789.678158130679,1.18297921116096e-17
790.677750735908,3.62864859072343e-17
791.677343341136,8.14707108397271e-17
792.676935946365,6.98243205000537e-17
793.676528551594,2.53891277482681e-17
794.676121156822,3.05663462653179e-18
795.675713762051,9.7055244024348e-18
796.67530636728,4.91025852385965e-18
797.674898972508,7.45050184438259e-17
798.674491577737,2.94253790142726e-17
799.674084182966,7.50697507986361e-17
800.673676788195,9.11974787243793e-17
801.673269393423,6.67871035486051e-17
802.672861998652,1.16200805856567e-16
803.672454603881,6.28139937889982e-17
804.672047209109,1.74391871963629e-17
805.671639814338,4.32639434320773e-18
806.671232419567,3.3212184236189e-17
807.670825024795,5.70784246696659e-17
808.670417630024,5.22575758320019e-17
809.670010235253,1.51589756468724e-17
810.669602840482,4.85238829999112e-17
811.66919544571,3.10107523664325e-17
812.668788050939,1.89687824639137e-17
813.668380656168,1.06970726756751e-17
814.667973261397,2.12729159758921e-17
815.667565866625,4.24019522564181e-17
816.667158471854,1.18058048706744e-17
817.666751077083,1.3800715212922e-18
818.666343682311,3.10091861129868e-18
819.66593628754,1.28469756254499e-17
820.665528892769,1.13711938619245e-17
821.665121497997,6.20475108570444e-17
822.664714103226,1.15087238902378e-16
823.664306708455,4.98655622628891e-17
824.663899313684,1.54403969011077e-16
825.663491918912,1.2497413341825e-16
826.663084524141,1.30285000172222e-17
827.66267712937,8.80582637609015e-18
828.662269734598,3.49040219038961e-17
829.661862339827,3.95919302375287e-17
830.661454945056,9.65521668832441e-18
831.661047550284,9.76307584904168e-20
832.660640155513,2.14173637953561e-17
833.660232760742,3.93601905215798e-17
834.659825365971,6.09158789950586e-17
835.659417971199,3.55186499304735e-17
836.659010576428,7.139552531304e-18
837.658603181657,1.44615411893857e-17
838.658195786885,4.56023649109925e-17
839.657788392114,1.91663991366292e-17
840.657380997343,6.71145455710153e-19
841.656973602572,1.63702544329e-17
842.6565662078,1.46870396100012e-17
843.656158813029,1.1078089154097e-16
844.655751418258,6.62900248026304e-17
845.655344023486,1.61326594499264e-18
846.654936628715,3.2407358304927e-17
847.654529233944,4.97905501610564e-17
848.654121839173,3.61738672803789e-17
849.653714444401,2.92588407214291e-17
850.65330704963,3.30065437624324e-18
851.652899654859,2.42918977372372e-18
852.652492260087,5.79762871149015e-18
853.652084865316,1.09935962831794e-17
854.651677470545,6.15423497639201e-18
855.651270075773,6.38205661791811e-17
856.650862681002,2.30044727510263e-17
857.650455286231,2.05394150619374e-17
858.65004789146,3.43522085445188e-17
859.649640496688,5.41330008229388e-17
860.649233101917,2.8530363054836e-17
861.648825707146,4.06114822925334e-17
862.648418312374,6.02994307936898e-17
863.648010917603,5.22747820477247e-17
864.647603522832,8.8901503208443e-19
865.647196128061,3.13328259073162e-17
866.646788733289,2.63324131521297e-17
867.646381338518,1.76506631287683e-18
868.645973943747,2.32305945066451e-17
869.645566548975,3.15756141245737e-17
870.645159154204,1.78396980640996e-17
871.644751759433,1.4566087681334e-17
872.644344364662,2.80526787852312e-19
873.64393696989,1.38420566422108e-17
874.643529575119,1.15392817709686e-17
875.643122180348,8.28596540088639e-17
876.642714785576,3.26638417039255e-17
877.642307390805,2.45802563880655e-18
878.641899996034,1.84761359586183e-17
879.641492601262,4.39805635230735e-17
880.641085206491,1.84027663751004e-17
881.64067781172,3.73199813402734e-17
882.640270416949,8.51964131234482e-17
883.639863022177,3.98761661624861e-17
884.639455627406,2.03817948555671e-17
885.639048232635,4.60455725436652e-20
886.638640837863,8.01112561755803e-18
887.638233443092,2.64618003728612e-17
888.637826048321,1.98041120843506e-17
889.63741865355,7.76925276461351e-18
890.637011258778,1.14866979319184e-17
891.636603864007,1.67502095900216e-17
892.636196469236,1.55934153893428e-17
893.635789074464,5.47792950966442e-18
894.635381679693,1.76765836626431e-17
895.634974284922,2.7359497370257e-17
896.63456689015,4.46145909896414e-18
897.634159495379,1.5877879964816e-17
898.633752100608,2.06832642695996e-17
899.633344705837,5.69334960282971e-17
900.632937311065,6.28512820661481e-17
901.632529916294,6.77810347218959e-17
902.632122521523,6.41112664854082e-17
903.631715126751,2.18539269593368e-17
904.63130773198,4.52715954553543e-17
905.630900337209,8.78720220184262e-18
906.630492942438,8.36024908249625e-18
907.630085547666,3.15096241737308e-17
908.629678152895,4.24804923685861e-17
909.629270758124,7.32152573403312e-17
910.628863363352,1.25340522163142e-17
911.628455968581,3.60121409224379e-17
912.62804857381,1.07200625422061e-16
913.627641179039,7.56585467459868e-17
914.627233784267,7.2804053565527e-18
915.626826389496,6.16182881602938e-18
916.626418994725,8.81060995430089e-19
917.626011599953,1.16890307144978e-17
918.625604205182,5.48170429802276e-18
919.625196810411,1.7805264633776e-17
920.624789415639,3.19773790336487e-17
921.624382020868,9.64991231734228e-17
922.623974626097,6.84891967860813e-17
923.623567231326,3.32650752549578e-17
924.623159836554,2.37045241200483e-17
925.622752441783,8.64258608839026e-18
926.622345047012,8.24528036575213e-18
927.62193765224,1.7131293228682e-17
928.621530257469,2.40561112465241e-17
929.621122862698,1.10539406900574e-16
930.620715467927,1.05940009430465e-16
931.620308073155,1.07867241109336e-16
932.619900678384,9.35200867174398e-17
933.619493283613,3.09483695297808e-17
934.619085888841,5.95096593630917e-18
935.61867849407,1.61615778102909e-17
936.618271099299,8.66858032596639e-18
937.617863704528,2.80982669565617e-17
938.617456309756,2.89715253063028e-18
939.617048914985,2.76818581155637e-17
940.616641520214,4.69856279655508e-17
941.616234125442,5.65575423342722e-18
942.615826730671,5.52209009872912e-18
943.6154193359,6.76919273558142e-18
944.615011941129,6.09206103727141e-17
945.614604546357,8.53331225411233e-17
946.614197151586,7.65054582828585e-17
947.613789756815,8.4136127184553e-17
948.613382362043,3.65640273513116e-17
949.612974967272,3.70085173416596e-17
950.612567572501,8.85403516270461e-18
951.612160177729,1.22190257268291e-17
952.611752782958,2.21603464184406e-17
953.611345388187,3.37112160275304e-17
954.610937993416,4.23111358676377e-17
955.610530598644,3.63296179025346e-18
956.610123203873,3.29797637681561e-18
957.609715809102,5.61258642219671e-17
958.60930841433,2.35485900515999e-17
959.608901019559,6.83337197849503e-17
960.608493624788,3.9252911748682e-17
961.608086230016,9.07684272034157e-18
962.607678835245,1.94249139068844e-18
963.607271440474,2.86953299489892e-17
964.606864045703,3.58303174630652e-17
965.606456650931,2.63724113345615e-17
966.60604925616,6.86217900349534e-17
967.605641861389,3.45004935273511e-17
968.605234466617,2.7456428842828e-17
969.604827071846,2.03272349265839e-17
970.604419677075,3.85944238932405e-17
971.604012282304,6.91930189134623e-17
972.603604887532,2.94325771477589e-17
973.603197492761,5.20019364550673e-17
974.60279009799,6.98113682282576e-17
975.602382703218,9.56502226970499e-18
976.601975308447,1.14745487893139e-18
977.601567913676,7.71774797294248e-19
978.601160518905,7.05423972388824e-17
979.600753124133,2.29210064908161e-16
980.600345729362,1.64403144922576e-16
981.599938334591,4.8682496460717e-17
982.599530939819,1.61790735425594e-17
983.599123545048,3.27177330774943e-17
984.598716150277,2.90791518777461e-17
985.598308755505,2.18459050226901e-17
986.597901360734,2.40531701187775e-17
987.597493965963,9.65089786221413e-18
988.597086571192,8.76807411732272e-18
989.59667917642,1.29753006201579e-18
990.596271781649,2.42493900393618e-17
991.595864386878,1.56324423593048e-17
992.595456992106,1.19752236710017e-18
993.595049597335,2.68098339834199e-17
994.594642202564,2.15497097670177e-17
995.594234807793,8.7583126954603e-18
996.593827413021,2.45679006798265e-17
997.59342001825,6.9045934701653e-17
998.593012623479,8.4658597991134e-17
999.592605228707,9.75496579480133e-17
1000.59219783394,4.55329894693639e-17
1001.59179043916,1.29811771634155e-18
1002.59138304439,1.29587455895439e-17
1003.59097564962,2.31906523693184e-17
1004.59056825485,4.13548344694442e-17
1005.59016086008,7.85795772634372e-17
1006.58975346531,1.18283029010496e-16
1007.58934607054,1.07302623922815e-17
1008.58893867577,6.65512766336215e-17
1009.58853128099,3.67972153244522e-17
1010.58812388622,2.515118973354e-17
1011.58771649145,6.52829349667031e-17
1012.58730909668,3.15099867026077e-18
1013.58690170191,1.20676490441026e-18
1014.58649430714,3.88999182714668e-18
1015.58608691237,6.55199029644281e-19
1016.5856795176,1.29253812176981e-17
1017.58527212282,4.20533533921303e-17
1018.58486472805,1.95545527173618e-17
1019.58445733328,8.89611374840696e-17
1020.58404993851,1.82397549082676e-16
1021.58364254374,5.62179634915478e-17
1022.58323514897,8.54815808493746e-17
1023.5828277542,1.5522356290805e-17
1024.58242035942,8.58913466500581e-18
1025.58201296465,6.11871017573519e-18
1026.58160556988,3.53888602982709e-17
1027.58119817511,1.60285629776794e-17
1028.58079078034,1.12694319115999e-17
1029.58038338557,8.16293831271576e-20
1030.5799759908,2.69558746755478e-17
1031.57956859603,3.2107833539531e-17
1032.57916120125,2.23587004972142e-17
1033.57875380648,9.96384079569708e-17
1034.57834641171,4.04160886091855e-17
1035.57793901694,3.7099312647043e-18
1036.57753162217,4.73020192060341e-19
1037.5771242274,2.89271618586467e-17
1038.57671683263,4.05795435372543e-17
1039.57630943786,6.27191852542061e-18
1040.57590204308,3.57076773050476e-18
1041.57549464831,2.49819700947266e-18
1042.57508725354,1.58455925164174e-18
1043.57467985877,2.87922980986619e-18
1044.574272464,2.79274573370884e-17
1045.57386506923,2.42269672482962e-17
1046.57345767446,1.04397500657044e-17
1047.57305027969,1.24611879642584e-17
1048.57264288491,9.79009587241006e-19
1049.57223549014,3.53413859628159e-18
1050.57182809537,9.73583299729547e-17
1051.5714207006,1.25162252220186e-16
1052.57101330583,5.31748729266638e-17
1053.57060591106,4.65096871328868e-17
1054.57019851629,1.30243618468169e-17
1055.56979112151,1.67869245645028e-18
1056.56938372674,1.08267983246086e-17
1057.56897633197,4.99421053786203e-17
1058.5685689372,1.80754404327558e-17
1059.56816154243,3.65085578183989e-17
1060.56775414766,2.1600324138002e-17
1061.56734675289,1.98777586716514e-17
1062.56693935812,2.62787676882183e-18
1063.56653196334,3.47924617144032e-18
1064.56612456857,7.95697051152813e-18
1065.5657171738,9.64906503150663e-18
1066.56530977903,8.78452489155394e-18
1067.56490238426,2.12924151908137e-17
1068.56449498949,4.19748928396434e-17
1069.56408759472,2.03704845039247e-17
1070.56368019995,1.64302563802974e-17
1071.56327280517,7.0034389664108e-18
1072.5628654104,1.05545639588627e-19
1073.56245801563,2.03197198599212e-18
1074.56205062086,3.4004350769326e-17
1075.56164322609,8.15517754549556e-17
1076.56123583132,2.96027310661137e-17
1077.56082843655,2.57189908518717e-17
1078.56042104178,9.61203584078735e-18
1079.560013647,1.56040090474864e-18
1080.55960625223,8.08196549035356e-18
1081.55919885746,3.43535905702904e-17
1082.55879146269,2.34054256620721e-17
1083.55838406792,7.07651981924564e-18
1084.55797667315,6.19965539074784e-17
1085.55756927838,5.67962123743348e-17
1086.5571618836,2.10884642838716e-17
1087.55675448883,4.97169664735618e-18
1088.55634709406,3.0174818694565e-18
1089.55593969929,3.55784078687358e-18
1090.55553230452,6.67421515315599e-18
1091.55512490975,6.03142206465932e-17
1092.55471751498,4.40643606353523e-17
1093.55431012021,4.62986884159339e-17
1094.55390272543,8.17417479781085e-17
1095.55349533066,2.30771700981497e-17
1096.55308793589,4.85028778920801e-17
1097.55268054112,9.23154684347373e-17
1098.55227314635,1.28970836842814e-19
1099.55186575158,1.86993528965613e-17
1100.55145835681,6.03423571945584e-18
1101.55105096204,1.57511644906598e-17
1102.55064356726,2.67037513561459e-18
1103.55023617249,2.30319356702128e-17
1104.54982877772,1.79157855060281e-17
1105.54942138295,8.14027611471992e-18
1106.54901398818,1.32766421407434e-19
1107.54860659341,5.04204998615513e-18
1108.54819919864,4.30593980970659e-18
1109.54779180387,2.04347617596371e-18
1110.54738440909,8.9437034976853e-18
1111.54697701432,2.87481102972714e-17
1112.54656961955,4.59543876653672e-17
1113.54616222478,5.56790078154216e-17
1114.54575483001,2.36994773186594e-17
1115.54534743524,1.04548674446678e-18
1116.54494004047,3.04311400195317e-17
1117.54453264569,2.63312717152888e-18
1118.54412525092,4.54638555836101e-17
1119.54371785615,4.7297856162333e-17
1120.54331046138,5.05502923299024e-18
1121.54290306661,4.89236456826459e-18
1122.54249567184,7.88958891888272e-18
1123.54208827707,2.39130330085535e-17
1124.5416808823,8.55184677098593e-17
1125.54127348752,1.55139590492987e-16
1126.54086609275,1.42324331015545e-16
1127.54045869798,1.38605185153264e-16
1128.54005130321,1.26916839694662e-16
1129.53964390844,4.54897571727866e-17
1130.53923651367,3.03338056187212e-17
1131.5388291189,6.86537304142176e-18
1132.53842172413,2.00784620272232e-18
1133.53801432935,3.05404033208415e-19
1134.53760693458,1.17319319596841e-17
1135.53719953981,8.22423312481339e-17
1136.53679214504,1.20168877411296e-16
1137.53638475027,1.17992085875158e-17
1138.5359773555,4.16909521203184e-18
1139.53556996073,2.21346489373944e-17
1140.53516256596,6.91299241643067e-17
1141.53475517118,1.93739818780586e-17
1142.53434777641,1.08635453129136e-17
1143.53394038164,1.29581374629327e-17
1144.53353298687,6.61957178359111e-18
1145.5331255921,1.2668787521158e-17
1146.53271819733,2.42337263800231e-17
1147.53231080256,4.90961026392567e-17
1148.53190340778,1.1303387718384e-16
1149.53149601301,8.10003248856072e-17
1150.53108861824,5.1329137228596e-17
1151.53068122347,8.99004322434879e-18
1152.5302738287,1.31509970651915e-17
1153.52986643393,6.61283882699238e-17
1154.52945903916,3.76520453781171e-17
1155.52905164439,7.61345056256978e-18
1156.52864424961,8.03449686504752e-18
1157.52823685484,3.55578673749048e-17
1158.52782946007,7.09873796256573e-17
1159.5274220653,2.00450749501525e-17
1160.52701467053,1.58642912879698e-17
1161.52660727576,4.36789181910242e-17
1162.52619988099,1.77423947801037e-17
1163.52579248622,5.03160693000862e-17
1164.52538509144,3.23184208562695e-17
1165.52497769667,4.27939884270447e-18
1166.5245703019,1.38175657103334e-18
1167.52416290713,2.75473839100895e-17
1168.52375551236,3.39928134121194e-17
1169.52334811759,2.34617124098315e-17
1170.52294072282,1.76588451231175e-17
1171.52253332805,5.43100228835442e-17
1172.52212593327,2.15138170517753e-17
1173.5217185385,9.36875078157956e-18
1174.52131114373,3.09011044693731e-17
1175.52090374896,4.28280253392163e-17
1176.52049635419,2.36977789654274e-17
1177.52008895942,4.4900567550114e-18
1178.51968156465,1.82348026453975e-17
1179.51927416987,4.06579975971229e-18
1180.5188667751,2.17023670602398e-17
1181.51845938033,1.43394335346702e-16
1182.51805198556,5.69469086480346e-17
1183.51764459079,3.08407458702933e-17
1184.51723719602,2.31939778247811e-17
1185.51682980125,2.18228692867902e-17
1186.51642240648,2.74233800664199e-17
1187.5160150117,3.90959322074947e-17
1188.51560761693,6.02072571014165e-17
1189.51520022216,3.92802313657095e-17
1190.51479282739,4.78917277897492e-18
1191.51438543262,1.63922605953185e-18
1192.51397803785,2.80024022141056e-18
1193.51357064308,4.17501263245933e-17
1194.51316324831,2.20645222805962e-17
1195.51275585353,8.76180338372412e-19
1196.51234845876,1.14907643800993e-17
1197.51194106399,4.34247236660983e-17
1198.51153366922,2.90004508659882e-17
1199.51112627445,4.99322886666408e-18
1200.51071887968,1.49753417621027e-17
1201.51031148491,3.71869507222908e-17
1202.50990409014,1.25609055407247e-17
1203.50949669536,9.07149910787032e-18
1204.50908930059,6.46530799210469e-18
1205.50868190582,1.49299227903529e-17
1206.50827451105,3.58299315702345e-17
1207.50786711628,6.96176627677794e-17
1208.50745972151,9.20779124747842e-17
1209.50705232674,1.56136325640807e-17
1210.50664493196,2.63116581299835e-17
1211.50623753719,4.80328759644327e-17
1212.50583014242,1.30643621823954e-17
1213.50542274765,1.51093795027957e-17
1214.50501535288,1.49004830476767e-17
1215.50460795811,1.09333201405213e-18
1216.50420056334,2.3630681396777e-17
1217.50379316857,1.95986066892774e-17
1218.50338577379,4.79980197243931e-18
1219.50297837902,1.03387777206636e-17
1220.50257098425,7.56186743127646e-18
1221.50216358948,3.28869812437783e-17
1222.50175619471,4.62233212803847e-18
1223.50134879994,3.52766479058798e-17
1224.50094140517,5.5829095348349e-17
1225.5005340104,3.0134060660973e-17
1226.50012661562,4.04239199645726e-17
1227.49971922085,3.02722995531327e-17
1228.49931182608,5.70078777723468e-17
1229.49890443131,1.20731628918653e-16
1230.49849703654,1.24947910446638e-16
1231.49808964177,1.15416502615099e-16
1232.497682247,7.00846147447339e-17
1233.49727485222,6.35101853801268e-17
1234.49686745745,1.85101234836336e-17
1235.49646006268,3.35002344791342e-17
1236.49605266791,6.34382006987346e-17
1237.49564527314,9.90825513247501e-17
1238.49523787837,3.69007785595352e-17
1239.4948304836,2.59943855282911e-18
1240.49442308883,2.79300052675773e-18
1241.49401569405,1.9016972632088e-17
1242.49360829928,7.66595116256907e-17
1243.49320090451,6.10009283823695e-17
1244.49279350974,2.76255453726902e-17
1245.49238611497,1.27318540403763e-16
1246.4919787202,1.27482460180785e-16
1247.49157132543,1.06202287260629e-17
1248.49116393066,1.07873708021292e-17
1249.49075653588,6.82173608302076e-18
1250.49034914111,5.4835483868898e-17
1251.48994174634,2.69336104027631e-17
1252.48953435157,9.88850828443812e-18
1253.4891269568,3.43640678921135e-18
1254.48871956203,7.13565179926854e-18
1255.48831216726,2.34327066648994e-17
1256.48790477249,1.2375831652296e-16
1257.48749737771,4.16948336184264e-17
1258.48708998294,2.59583427955227e-18
1259.48668258817,1.63485737067648e-17
1260.4862751934,1.31854807468149e-17
1261.48586779863,1.58939356863058e-17
1262.48546040386,1.74749252074797e-17
1263.48505300909,2.39272807431091e-17
1264.48464561431,7.60315920499387e-18
1265.48423821954,3.16713547208596e-17
1266.48383082477,4.44924779386054e-17
1267.48342343,5.28442788948874e-18
1268.48301603523,1.92781982114408e-18
1269.48260864046,4.00432639898856e-19
1270.48220124569,1.37809744924298e-18
1271.48179385092,6.96383955516017e-18
1272.48138645614,3.39594961317864e-17
1273.48097906137,3.37420431137197e-17
1274.4805716666,1.96968298287923e-17
1275.48016427183,3.05192049345717e-18
1276.47975687706,4.35495074617161e-18
1277.47934948229,1.97266455847458e-17
1278.47894208752,1.7410319058413e-17
1279.47853469275,8.72355057527982e-17
1280.47812729797,1.384549112432e-18
1281.4777199032,4.2083691027707e-17
1282.47731250843,2.17333228726355e-17
1283.47690511366,1.25365423052478e-17
1284.47649771889,6.87417444444737e-18
1285.47609032412,1.48043219405188e-17
1286.47568292935,1.72370307050323e-17
1287.47527553458,2.95332485316965e-18
1288.4748681398,2.02727124115474e-17
1289.47446074503,1.76851797109713e-17
1290.47405335026,5.72919958422255e-18
1291.47364595549,5.06346697592855e-18
1292.47323856072,2.73317127680544e-17
1293.47283116595,2.63406571522983e-17
1294.47242377118,3.46281924655636e-18
1295.4720163764,6.36458797320691e-17
1296.47160898163,3.88995526867847e-17
1297.47120158686,8.26337504382048e-18
1298.47079419209,4.00587359595657e-18
1299.47038679732,1.55445896578528e-17
1300.46997940255,4.21052667288364e-17
1301.46957200778,4.65402346999278e-17
1302.46916461301,2.5362754856063e-17
1303.46875721823,3.12508321169634e-17
1304.46834982346,3.612868948376e-17
1305.46794242869,3.91674527884653e-17
1306.46753503392,1.6771115882099e-17
1307.46712763915,2.66727654529315e-17
1308.46672024438,8.10836201948948e-17
1309.46631284961,7.8511590922925e-17
1310.46590545484,2.36877855422164e-17
1311.46549806006,4.71185390312124e-18
1312.46509066529,2.53615292700283e-17
1313.46468327052,4.2450665318719e-17
1314.46427587575,4.58977849097047e-17
1315.46386848098,1.06104461973929e-16
1316.46346108621,3.49703931590982e-17
1317.46305369144,7.41495225894171e-18
1318.46264629666,2.9116075024749e-17
1319.46223890189,1.5897595619419e-17
1320.46183150712,9.28379026065345e-18
1321.46142411235,1.9743026548976e-17
1322.46101671758,2.17019400476611e-17
1323.46060932281,3.60645878381082e-18
1324.46020192804,1.40469593124952e-17
1325.45979453327,3.74424894702874e-18
1326.45938713849,2.67153994599392e-17
1327.45897974372,3.12543120535499e-17
1328.45857234895,3.31766410278016e-17
1329.45816495418,6.53884201054348e-17
1330.45775755941,1.2846502937145e-17
1331.45735016464,3.97380377142059e-17
1332.45694276987,3.17284429359279e-17
1333.4565353751,1.81717955291106e-17
1334.45612798032,1.0022362783461e-17
1335.45572058555,1.24294040045026e-17
1336.45531319078,3.5474684473515e-17
1337.45490579601,1.02982754726352e-16
1338.45449840124,1.11523536646594e-16
1339.45409100647,3.34244416290987e-17
1340.4536836117,1.8679616756112e-17
1341.45327621693,2.98649962552482e-17
1342.45286882215,2.39024790579585e-18
1343.45246142738,2.7976350158284e-18
1344.45205403261,1.72219216691718e-17
1345.45164663784,1.09363526872238e-17
1346.45123924307,7.57235210427096e-18
1347.4508318483,2.22661584075084e-17
1348.45042445353,4.88956046938118e-18
1349.45001705876,1.70934362048012e-17
1350.44960966398,8.80133151362632e-19
1351.44920226921,1.87900064989988e-17
1352.44879487444,2.41537880510817e-18
1353.44838747967,2.93999379083842e-17
1354.4479800849,3.32502900566255e-17
1355.44757269013,5.10727527617943e-18
1356.44716529536,2.13109980825096e-17
1357.44675790058,2.26586176691019e-17
1358.44635050581,5.18671070335013e-18
1359.44594311104,6.72061006221723e-17
1360.44553571627,6.50353183339316e-17
1361.4451283215,9.63273497038417e-17
1362.44472092673,9.86634265855263e-17
1363.44431353196,9.78453635851598e-17
1364.44390613719,9.74522967130656e-17
1365.44349874241,9.47939747833814e-17
1366.44309134764,1.59337715316397e-17
1367.44268395287,1.40896301547518e-17
1368.4422765581,1.514849181334e-17
1369.44186916333,9.17598958122705e-18
1370.44146176856,3.91145252226586e-18
1371.44105437379,5.66019756468928e-17
1372.44064697902,2.49994338054967e-17
1373.44023958424,3.24440501663408e-17
1374.43983218947,4.7530114076394e-17
1375.4394247947,1.1097483131478e-17
1376.43901739993,2.6916388743056e-17
1377.43861000516,4.22654186328865e-17
1378.43820261039,1.83364747832427e-17
1379.43779521562,6.05628337464388e-17
1380.43738782084,4.28193858713978e-17
1381.43698042607,1.79348501214202e-17
1382.4365730313,4.95608271174336e-17
1383.43616563653,1.98419444744588e-17
1384.43575824176,3.79088634462992e-19
1385.43535084699,1.82277107547888e-17
1386.43494345222,5.64353226614758e-17
1387.43453605745,1.17848817430523e-17
1388.43412866267,2.24843890336036e-17
1389.4337212679,7.59522885285145e-18
1390.43331387313,1.29523910856281e-17
1391.43290647836,5.21439991495758e-18
1392.43249908359,1.39234447395032e-17
1393.43209168882,2.82329863357584e-17
1394.43168429405,2.81187399450046e-17
1395.43127689928,1.63311913908903e-17
1396.4308695045,1.63962837856701e-17
1397.43046210973,3.81633011474337e-17
1398.43005471496,3.66527146091399e-17
1399.42964732019,2.0172896456985e-17
1400.42923992542,1.8196329666839e-17
1401.42883253065,2.14466319035096e-17
1402.42842513588,1.27634411668156e-17
1403.42801774111,1.58310349813548e-17
1404.42761034633,2.87090999330572e-17
1405.42720295156,1.35421148847047e-17
1406.42679555679,1.44781997071668e-17
1407.42638816202,2.48962144287118e-17
1408.42598076725,5.93013214157644e-17
1409.42557337248,7.04002575396374e-17
1410.42516597771,3.44588215766701e-17
1411.42475858293,4.91719118084443e-17
1412.42435118816,2.66156177503908e-17
1413.42394379339,4.9145381598948e-17
1414.42353639862,3.94446758152025e-17
1415.42312900385,4.41951427306193e-17
1416.42272160908,1.13162952622345e-16
1417.42231421431,3.84118153396204e-17
1418.42190681954,4.37621320415601e-18
1419.42149942476,2.84629567948507e-17
1420.42109202999,2.29630483457761e-17
1421.42068463522,7.04343593083038e-19
1422.42027724045,1.1280657329417e-17
1423.41986984568,3.94630936683417e-17
1424.41946245091,8.23531555301427e-17
1425.41905505614,5.75777456526532e-17
1426.41864766137,2.81930734049646e-17
1427.41824026659,4.54603923374716e-18
1428.41783287182,1.141955141767e-18
1429.41742547705,3.37400060471287e-18
1430.41701808228,6.15415667417874e-18
1431.41661068751,2.34644397411842e-17
1432.41620329274,3.1200695123515e-17
1433.41579589797,1.29907335419534e-17
1434.41538850319,6.66991477881299e-17
1435.41498110842,3.31960961222401e-17
1436.41457371365,1.56635538009176e-17
1437.41416631888,1.4594543859484e-17
1438.41375892411,2.76369532188385e-17
1439.41335152934,4.25166854609495e-17
1440.41294413457,3.35548870291603e-18
1441.4125367398,1.25011031361845e-18
1442.41212934502,6.66458889089996e-18
1443.41172195025,6.3979843379986e-18
1444.41131455548,5.14417736018397e-19
1445.41090716071,4.58325783841274e-19
1446.41049976594,2.16159896668288e-17
1447.41009237117,8.87926183001898e-17
1448.4096849764,8.92054625827017e-17
1449.40927758163,3.15662823906103e-17
1450.40887018685,3.17397606082287e-17
1451.40846279208,1.30769151196647e-17
1452.40805539731,2.04184443667755e-17
1453.40764800254,3.57693061399977e-17
1454.40724060777,1.82749277132592e-17
1455.406833213,1.647831609231e-17
1456.40642581823,2.14452457992989e-17
1457.40601842346,7.75252327748563e-17
1458.40561102868,9.19400305520541e-18
1459.40520363391,2.07182707448643e-17
1460.40479623914,5.16224381088656e-17
1461.40438884437,3.37669748120965e-17
1462.4039814496,1.70713530344601e-17
1463.40357405483,9.32723886475264e-17
1464.40316666006,7.72587724477293e-17
1465.40275926529,2.43920606776228e-17
1466.40235187051,4.51533493454235e-17
1467.40194447574,2.90356196474744e-17
1468.40153708097,9.00486805989834e-18
1469.4011296862,2.14863753636104e-17
1470.40072229143,1.97846090272302e-17
1471.40031489666,4.14696910163125e-17
1472.39990750189,1.28371120892223e-17
1473.39950010711,2.09664921355484e-17
1474.39909271234,2.68875130896601e-17
1475.39868531757,2.07032431884179e-17
1476.3982779228,2.69284463343855e-17
1477.39787052803,3.42029365120145e-17
1478.39746313326,4.03831285212298e-17
1479.39705573849,1.05172147291131e-17
1480.39664834372,4.3498500561915e-18
1481.39624094894,2.65763285898003e-17
1482.39583355417,7.27015221831196e-17
1483.3954261594,4.11427755561259e-17
1484.39501876463,2.6966239042828e-18
1485.39461136986,3.89582142788944e-19
1486.39420397509,3.73667390400394e-18
1487.39379658032,2.90140258763188e-18
1488.39338918555,2.19252955233871e-17
1489.39298179077,3.22881755251948e-17
1490.392574396,4.13027363232951e-17
1491.39216700123,1.39715690898436e-17
1492.39175960646,6.67726358236288e-18
1493.39135221169,3.3198421598527e-17
1494.39094481692,6.69903709801273e-17
1495.39053742215,1.25184863013734e-16
1496.39013002737,5.58847299536029e-17
1497.3897226326,5.34679177794578e-17
1498.38931523783,4.84829729362304e-17
1499.38890784306,1.24755927529321e-18
1500.38850044829,1.40415628565441e-17
1501.38809305352,8.09319821854211e-19
1502.38768565875,1.32436469658154e-17
1503.38727826398,2.27537827121205e-17
1504.3868708692,5.60785020353916e-17
1505.38646347443,5.30190644653429e-17
1506.38605607966,3.16935456571926e-17
1507.38564868489,2.83285210122529e-17
1508.38524129012,6.73508637213501e-18
1509.38483389535,1.29130118807773e-17
1510.38442650058,8.62315343189564e-18
1511.38401910581,3.07099298691679e-17
1512.38361171103,2.89333705070036e-17
1513.38320431626,9.96919727670689e-18
1514.38279692149,1.71387519426934e-17
1515.38238952672,3.53492717662176e-17
1516.38198213195,5.82448100433842e-17
1517.38157473718,2.44801708884232e-17
1518.38116734241,1.33023175370806e-17
1519.38075994764,9.62953465793767e-17
1520.38035255286,1.37216685446495e-16
1521.37994515809,2.58614378514734e-17
1522.37953776332,1.39414290767493e-17
1523.37913036855,3.79872498023898e-18
1524.37872297378,3.86253554716457e-19
1525.37831557901,3.08108538939627e-18
1526.37790818424,1.20038575150462e-17
1527.37750078946,7.94243445415362e-18
1528.37709339469,4.42707449373959e-18
1529.37668599992,9.88226037199659e-18
1530.37627860515,1.43374170360783e-17
1531.37587121038,1.77924750830754e-18
1532.37546381561,1.46500424396547e-17
1533.37505642084,3.00888452278239e-17
1534.37464902607,2.35832538946643e-17
1535.37424163129,3.34793886797959e-17
1536.37383423652,2.10955416037536e-17
1537.37342684175,5.55267593719597e-18
1538.37301944698,3.29667637579071e-17
1539.37261205221,3.73773259067672e-17
1540.37220465744,2.00914599851258e-18
1541.37179726267,3.52620445997892e-18
1542.3713898679,9.6870217360785e-18
1543.37098247312,7.12706633420038e-17
1544.37057507835,3.82909769542031e-17
1545.37016768358,2.85786097133831e-17
1546.36976028881,1.05665125228115e-17
1547.36935289404,9.78609915859656e-18
1548.36894549927,9.50212480573748e-18
1549.3685381045,6.18147019376474e-18
1550.36813070972,7.00557303504395e-17
1551.36772331495,4.20785307137379e-17
1552.36731592018,5.64710171183169e-18
1553.36690852541,6.52005766152327e-18
1554.36650113064,1.05975435595447e-17
1555.36609373587,1.07703589644712e-17
1556.3656863411,5.19316757813291e-18
1557.36527894633,5.94692481161115e-18
1558.36487155155,1.31892556595863e-17
1559.36446415678,4.01264751915359e-18
1560.36405676201,3.67980080478487e-17
1561.36364936724,5.04841761302488e-17
1562.36324197247,3.20009001072309e-17
1563.3628345777,3.50532909255827e-17
1564.36242718293,2.27086539699801e-17
1565.36201978816,1.26106164651567e-18
1566.36161239338,3.68457316670612e-17
1567.36120499861,2.46958697064952e-17
1568.36079760384,4.19895831890618e-17
1569.36039020907,2.86201767337991e-17
1570.3599828143,2.70995272244558e-18
1571.35957541953,7.45119935737754e-18
1572.35916802476,1.47578372457466e-18
1573.35876062999,2.40423878830581e-17
1574.35835323521,6.60273924616651e-17
1575.35794584044,4.61660596851525e-17
1576.35753844567,2.60007295421292e-17
1577.3571310509,2.39180236229424e-17
1578.35672365613,7.74814282537677e-18
1579.35631626136,7.69063346812966e-18
1580.35590886659,1.31042176635048e-17
1581.35550147182,1.37256343643528e-17
1582.35509407704,2.3809988738852e-18
1583.35468668227,2.73621087566198e-17
1584.3542792875,5.40741607976e-17
1585.35387189273,6.41851101572083e-18
1586.35346449796,1.48169941550454e-17
1587.35305710319,1.46156547194677e-18
1588.35264970842,2.53965478228207e-17
1589.35224231364,5.14286368331372e-17
1590.35183491887,3.89515586797824e-17
1591.3514275241,3.82467326977886e-17
1592.35102012933,2.25711151153365e-18
1593.35061273456,1.01087540838287e-17
1594.35020533979,1.25192487229816e-17
1595.34979794502,2.5825795877622e-17
1596.34939055025,1.35338726777335e-17
1597.34898315547,2.01868147175943e-17
1598.3485757607,1.10222023270663e-17
1599.34816836593,9.33540174761615e-18
1600.34776097116,5.05698283009806e-17
1601.34735357639,7.19537303373425e-17
1602.34694618162,1.44755224314624e-16
1603.34653878685,1.03985082115892e-16
1604.34613139208,2.59445510142919e-17
1605.3457239973,1.04518666143612e-16
1606.34531660253,3.58629940461669e-17
1607.34490920776,5.00962273465246e-18
1608.34450181299,3.14589725570343e-17
1609.34409441822,2.47267130224786e-17
1610.34368702345,1.00539321121217e-17
1611.34327962868,3.0687117269514e-17
1612.3428722339,6.56952508380257e-18
1613.34246483913,3.74779294264582e-17
1614.34205744436,3.95510075658222e-17
1615.34165004959,2.52134671688432e-17
1616.34124265482,1.14092916286848e-17
1617.34083526005,2.3129063433216e-17
1618.34042786528,3.92840130252872e-17
1619.34002047051,1.40202227301016e-17
1620.33961307573,4.72701469208137e-18
1621.33920568096,8.03156990480903e-19
1622.33879828619,8.02899047422095e-20
1623.33839089142,2.97245884009738e-18
1624.33798349665,8.34977702128376e-19
1625.33757610188,7.26099908998796e-18
1626.33716870711,4.9227028172225e-18
1627.33676131234,4.86784131751496e-20
1628.33635391756,1.67805620241738e-17
1629.33594652279,5.32704667160846e-17
1630.33553912802,3.08692179920772e-17
1631.33513173325,1.63410371543267e-18
1632.33472433848,1.23244935143596e-17
1633.33431694371,1.44686183506801e-17
1634.33390954894,2.2294749742862e-18
1635.33350215417,1.04851534299004e-17
1636.33309475939,4.55574424187639e-17
1637.33268736462,5.06429696131188e-17
1638.33227996985,3.00250840301573e-17
1639.33187257508,1.12184314585351e-17
1640.33146518031,1.28038442301941e-17
1641.33105778554,1.09426054884327e-17
1642.33065039077,1.70563447071237e-17
1643.33024299599,1.00001710109182e-18
1644.32983560122,1.0079978633386e-17
1645.32942820645,2.00978730433881e-17
1646.32902081168,5.88174135023066e-17
1647.32861341691,7.75769383610266e-17
1648.32820602214,2.75812856417271e-17
1649.32779862737,1.59116038750819e-17
1650.3273912326,2.12353099166638e-19
1651.32698383782,4.47717528350639e-18
1652.32657644305,2.17708469442674e-18
1653.32616904828,1.77472912077114e-17
1654.32576165351,1.99350303812484e-17
1655.32535425874,3.86870069635537e-19
1656.32494686397,1.54138752890356e-17
1657.3245394692,4.58854122802066e-17
1658.32413207443,5.28807200375504e-17
1659.32372467965,9.08463909135273e-17
1660.32331728488,1.17812488144863e-17
1661.32290989011,1.49189924992666e-18
1662.32250249534,1.05258486908561e-16
1663.32209510057,1.65217594867091e-16
1664.3216877058,4.06019934973755e-17
1665.32128031103,1.12274690357947e-17
1666.32087291625,9.24777047095546e-18
1667.32046552148,2.46103644701724e-17
1668.32005812671,2.95122064506006e-17
1669.31965073194,3.89209344783907e-17
1670.31924333717,6.80567934653323e-17
1671.3188359424,8.18437368070882e-17
1672.31842854763,1.67222820589618e-17
1673.31802115286,1.76925615357756e-17
1674.31761375808,8.17237716095487e-18
1675.31720636331,4.34592378742616e-17
1676.31679896854,1.52808587973261e-16
1677.31639157377,9.33385237247495e-17
1678.315984179,4.77664106294484e-17
1679.31557678423,5.40627131528046e-17
1680.31516938946,2.24564390363207e-17
1681.31476199469,6.6409179544893e-18
1682.31435459991,9.57091710748562e-18
1683.31394720514,6.41643525576913e-17
1684.31353981037,1.05796461420953e-17
1685.3131324156,3.4059725196456e-17
1686.31272502083,5.47938452944409e-17
1687.31231762606,2.39357281511801e-17
1688.31191023129,1.15015809650444e-18
1689.31150283652,6.49004821958463e-18
1690.31109544174,1.47654773861738e-17
1691.31068804697,1.53779006155322e-18
1692.3102806522,1.07296110420588e-17
1693.30987325743,2.80639347622619e-18
1694.30946586266,2.28432548462948e-18
1695.30905846789,1.2589445114255e-17
1696.30865107312,1.55129677100566e-17
1697.30824367835,8.45918602383368e-18
1698.30783628357,7.30765972647088e-18
1699.3074288888,4.8203882231491e-17
1700.30702149403,1.29206711202534e-17
1701.30661409926,3.24364240301181e-17
1702.30620670449,1.04893697216506e-17
1703.30579930972,9.24595756658599e-18
1704.30539191495,1.34178870869428e-17
1705.30498452017,3.19859418954219e-17
1706.3045771254,2.59043926857374e-17
1707.30416973063,1.58108742774129e-17
1708.30376233586,7.73261047486923e-17
1709.30335494109,5.94872610354052e-17
1710.30294754632,3.7248123049851e-18
1711.30254015155,1.36839157994797e-18
1712.30213275678,1.00288428832367e-18
1713.301725362,2.5391454528547e-18
1714.30131796723,2.37054900056383e-17
1715.30091057246,3.23758412428893e-18
1716.30050317769,1.58912834344367e-17
1717.30009578292,1.52951987865743e-17
1718.29968838815,2.09196739442612e-17
1719.29928099338,4.97323468222542e-17
1720.29887359861,1.99619581655668e-17
1721.29846620383,4.02651143768851e-17
1722.29805880906,2.59298332385324e-18
1723.29765141429,7.74104972301014e-17
1724.29724401952,8.7586207578662e-18
1725.29683662475,3.98010800421624e-17
1726.29642922998,8.54485321285808e-18
1727.29602183521,1.31155809430987e-17
1728.29561444043,2.9523591866354e-18
1729.29520704566,6.19988680037681e-19
1730.29479965089,5.99502998043079e-17
1731.29439225612,7.88333182907313e-17
1732.29398486135,2.10826649847399e-17
1733.29357746658,1.03751053417053e-18
1734.29317007181,1.34825504734846e-18
1735.29276267704,3.60526996189399e-17
1736.29235528226,7.99825903440106e-17
1737.29194788749,3.49187470305188e-17
1738.29154049272,1.51662642869244e-17
1739.29113309795,3.97385439568786e-17
1740.29072570318,1.92698586726216e-17
1741.29031830841,2.80040644211311e-17
1742.28991091364,2.83288572192363e-17
1743.28950351887,4.22523123311523e-17
1744.28909612409,6.48862850078648e-18
1745.28868872932,6.02673267479697e-18
1746.28828133455,2.22763701903604e-18
1747.28787393978,2.30557578466427e-17
1748.28746654501,2.47247511141635e-17
1749.28705915024,4.621982089574e-18
1750.28665175547,2.103015615805e-18
1751.2862443607,7.62702678883703e-18
1752.28583696592,2.76266673009444e-17
1753.28542957115,2.47811828627664e-17
1754.28502217638,6.71002651365414e-18
1755.28461478161,7.03779051284687e-18
1756.28420738684,4.67832197604672e-17
1757.28379999207,2.17793578487636e-17
1758.2833925973,5.69051822405525e-18
1759.28298520252,5.55510483298476e-18
1760.28257780775,1.45462874274443e-17
1761.28217041298,2.99913383895734e-18
1762.28176301821,1.98354142815253e-17
1763.28135562344,2.92502026492197e-17
1764.28094822867,1.05447755965832e-17
1765.2805408339,5.53523498039751e-18
1766.28013343913,3.99146562079605e-17
1767.27972604435,6.64307122422046e-17
1768.27931864958,5.80254259043431e-17
1769.27891125481,1.92978278098667e-17
1770.27850386004,9.69978671957791e-18
1771.27809646527,1.01704381728147e-17
1772.2776890705,3.29865196475975e-17
1773.27728167573,3.80399021695581e-17
1774.27687428096,1.81647900484285e-17
1775.27646688618,2.91017836013858e-18
1776.27605949141,2.70664733443904e-18
1777.27565209664,1.28480707648141e-18
1778.27524470187,4.61954953061551e-17
1779.2748373071,1.45671329602695e-17
1780.27442991233,8.91839184529842e-18
1781.27402251756,3.21045886925203e-18
1782.27361512279,1.67288415432621e-17
1783.27320772801,2.69158511046498e-17
1784.27280033324,1.41837127098367e-18
1785.27239293847,1.97187404283304e-17
1786.2719855437,3.96871458954068e-17
1787.27157814893,1.93400287902358e-17
1788.27117075416,2.05801808262652e-18
1789.27076335939,9.62720178073285e-18
1790.27035596461,1.49018447029221e-17
1791.26994856984,2.97319122051758e-17
1792.26954117507,1.11265097818169e-17
1793.2691337803,1.44241934544195e-17
1794.26872638553,3.18226633539337e-17
1795.26831899076,2.11083675311669e-18
1796.26791159599,1.39108052608495e-17
1797.26750420122,3.98851001857555e-17
1798.26709680644,1.88279277979214e-17
1799.26668941167,1.45514343526108e-18
1800.2662820169,2.46349825444445e-17
1801.26587462213,3.16940869147726e-17
1802.26546722736,1.93799757495832e-17
1803.26505983259,3.86785864488949e-17
1804.26465243782,8.36327774536016e-18
1805.26424504305,3.62229030980815e-18
1806.26383764827,1.94547486923424e-17
1807.2634302535,5.69565194541357e-17
1808.26302285873,3.90509381036562e-17
1809.26261546396,8.34727127409091e-18
1810.26220806919,4.65531501154198e-18
1811.26180067442,7.28146192396542e-18
1812.26139327965,7.80562060308259e-18
1813.26098588488,3.0932819662373e-17
1814.2605784901,3.53801583146985e-17
1815.26017109533,1.41597498118703e-17
1816.25976370056,2.59002880234005e-17
1817.25935630579,7.18101497700944e-17
1818.25894891102,9.05967202748866e-17
1819.25854151625,2.32315604093026e-17
1820.25813412148,6.38760449991144e-18
1821.2577267267,2.57931447630873e-17
1822.25731933193,3.31541460577451e-17
1823.25691193716,6.30060918603182e-18
1824.25650454239,7.35719608658129e-18
1825.25609714762,2.00839837540147e-17
1826.25568975285,7.52395473667572e-18
1827.25528235808,4.56641479201371e-18
1828.25487496331,2.45057792514514e-17
1829.25446756853,8.3368966034899e-17
1830.25406017376,8.86486616194103e-17
1831.25365277899,1.43154964894685e-17
1832.25324538422,3.96882534147608e-17
1833.25283798945,2.87415235603075e-17
1834.25243059468,3.07741553651119e-17
1835.25202319991,1.0214240618289e-17
1836.25161580514,3.62619500110563e-18
1837.25120841036,2.22437723298601e-18
1838.25080101559,6.16295239763374e-18
1839.25039362082,8.71806771449519e-18
1840.24998622605,2.59516271189019e-17
1841.24957883128,1.85721974947404e-17
1842.24917143651,2.55156841089573e-18
1843.24876404174,2.45943113196647e-18
1844.24835664697,2.58524776914298e-17
1845.24794925219,1.202300681241e-17
1846.24754185742,8.4816091224654e-18
1847.24713446265,5.55908645923024e-18
1848.24672706788,1.4764059861378e-18
1849.24631967311,2.69930587671148e-17
1850.24591227834,1.80629458563357e-17
1851.24550488357,1.83361227257483e-18
1852.24509748879,3.517811379194e-18
1853.24469009402,1.62578126884417e-17
1854.24428269925,2.26705507187442e-17
1855.24387530448,1.49985080279455e-17
1856.24346790971,2.11991008951385e-17
1857.24306051494,2.54392128871817e-17
1858.24265312017,4.09600226619063e-17
1859.2422457254,5.55567870014382e-17
1860.24183833062,6.54504166898325e-17
1861.24143093585,1.13311373897417e-16
1862.24102354108,9.80969245474333e-17
1863.24061614631,4.65795658088569e-17
1864.24020875154,5.96594923674698e-18
1865.23980135677,8.24912772674956e-18
1866.239393962,2.67191978915964e-17
1867.23898656723,7.757812621881e-17
1868.23857917245,2.06084744095308e-17
1869.23817177768,2.10668409924767e-18
1870.23776438291,2.47689570821692e-17
1871.23735698814,5.46386202361645e-17
1872.23694959337,4.54317034322031e-17
1873.2365421986,1.58823549741287e-17
1874.23613480383,1.63757781636701e-17
1875.23572740906,1.97392907145208e-18
1876.23532001428,3.2362259390439e-18
1877.23491261951,6.99351630904531e-18
1878.23450522474,1.22019701120813e-17
1879.23409782997,7.59248335173683e-17
1880.2336904352,6.81635694270586e-17
1881.23328304043,1.31554796109586e-17
1882.23287564566,2.0188237340474e-18
1883.23246825088,6.47412788021596e-18
1884.23206085611,1.51283432879673e-17
1885.23165346134,1.25823557210087e-17
1886.23124606657,1.11954234055364e-17
1887.2308386718,2.74873377364635e-17
1888.23043127703,7.27790279355654e-18
1889.23002388226,6.71171576716115e-18
1890.22961648749,8.46990224044857e-18
1891.22920909271,1.57511894786223e-17
1892.22880169794,6.37626902909922e-17
1893.22839430317,7.63738990680703e-17
1894.2279869084,2.37820903586882e-17
1895.22757951363,6.37293897637987e-18
1896.22717211886,2.39298314387717e-17
1897.22676472409,3.93277471689944e-17
1898.22635732932,3.88922881581075e-18
1899.22594993454,2.19554357393541e-18
1900.22554253977,6.41431701443088e-18
1901.225135145,2.17891141376842e-17
1902.22472775023,5.29276245577055e-17
1903.22432035546,4.58411706109677e-17
1904.22391296069,4.54336767811005e-19
1905.22350556592,4.32735315731456e-17
1906.22309817115,4.48219178447145e-17
1907.22269077637,3.17469877834106e-19
1908.2222833816,3.56451254474009e-17
1909.22187598683,3.08828482307105e-17
1910.22146859206,3.59830275242409e-19
1911.22106119729,2.78388743366921e-17
1912.22065380252,5.65547301897763e-19
1913.22024640775,2.00410716878143e-17
1914.21983901297,2.13778251970677e-18
1915.2194316182,8.55430105261008e-19
1916.21902422343,6.64572913350105e-18
1917.21861682866,7.49621980048422e-18
1918.21820943389,1.06847499724912e-17
1919.21780203912,1.85485090943711e-17
1920.21739464435,6.10148646533885e-18
1921.21698724958,2.207899036152e-18
1922.2165798548,1.80279710091133e-17
1923.21617246003,1.12081881741889e-17
1924.21576506526,1.7377764148456e-17
1925.21535767049,6.19579828493087e-17
1926.21495027572,4.4917839551981e-17
1927.21454288095,1.29894035941383e-17
1928.21413548618,2.45853670388896e-17
1929.21372809141,4.99510429326745e-17
1930.21332069663,2.89407891252912e-17
1931.21291330186,1.92030613158296e-17
1932.21250590709,3.6506261433759e-17
1933.21209851232,3.27453209874586e-17
1934.21169111755,9.66656705965286e-18
1935.21128372278,2.48959904142545e-18
1936.21087632801,9.84186923869185e-18
1937.21046893323,2.31679536450271e-17
1938.21006153846,8.89515710821465e-17
1939.20965414369,4.67952108687493e-17
1940.20924674892,1.83651277953737e-18
1941.20883935415,2.27309906847372e-18
1942.20843195938,2.75647950523882e-17
1943.20802456461,6.3179766436711e-17
1944.20761716984,3.73930840879451e-17
1945.20720977506,1.35176137108631e-17
1946.20680238029,7.7926273001576e-18
1947.20639498552,1.80687049041442e-17
1948.20598759075,3.8631966231835e-17
1949.20558019598,2.80387094598339e-17
1950.20517280121,6.64462074048867e-18
1951.20476540644,1.14380966822108e-17
1952.20435801167,6.40734100838169e-17
1953.20395061689,5.42352647483536e-17
1954.20354322212,8.0034787080129e-18
1955.20313582735,2.01346044381828e-17
1956.20272843258,2.48808576339488e-17
1957.20232103781,4.43783703507667e-18
1958.20191364304,1.42607651889189e-17
1959.20150624827,2.45650470044338e-17
1960.2010988535,8.87538108795198e-18
1961.20069145872,2.98552716473594e-17
1962.20028406395,1.29219554124111e-18
1963.19987666918,4.19350913675038e-19
1964.19946927441,4.15015502998556e-17
1965.19906187964,3.7849026654056e-17
1966.19865448487,1.09559233836493e-18
1967.1982470901,4.68696112117637e-18
1968.19783969532,4.79501245004211e-18
1969.19743230055,2.97331772668459e-17
1970.19702490578,9.41483264398384e-19
1971.19661751101,2.34389817314638e-17
1972.19621011624,5.18403353416348e-18
1973.19580272147,1.18842384450649e-18
1974.1953953267,6.18875791102774e-18
1975.19498793193,2.01226249590727e-17
1976.19458053715,5.08778721603086e-18
1977.19417314238,1.22602460615814e-17
1978.19376574761,1.00370921196236e-17
1979.19335835284,1.84711654570487e-17
1980.19295095807,6.5488939259855e-18
1981.1925435633,4.9959046226568e-18
1982.19213616853,1.26283633623321e-17
1983.19172877376,5.52271903614656e-18
1984.19132137898,7.75451894355939e-18
1985.19091398421,1.84985802395478e-17
1986.19050658944,6.93628236616716e-19
1987.19009919467,1.47318135806787e-17
1988.1896917999,3.58289650008978e-18
1989.18928440513,2.3009950084028e-17
1990.18887701036,2.74532369721865e-17
1991.18846961559,2.93020284728834e-17
1992.18806222081,3.38101743126501e-17
1993.18765482604,7.80843913757965e-18
1994.18724743127,6.93446175116975e-18
1995.1868400365,6.68106227244302e-18
1996.18643264173,2.11228373456187e-17
1997.18602524696,5.04499007777585e-17
1998.18561785219,3.29309784074173e-18
1999.18521045741,5.05129645932829e-17
2000.18480306264,2.89641971395088e-17
2001.18439566787,3.69417389614039e-17
2002.1839882731,2.05461626061684e-17
2003.18358087833,2.72376566115494e-17
2004.18317348356,2.64843046271886e-17
2005.18276608879,1.96089941858669e-17
2006.18235869402,2.64698423006268e-18
2007.18195129924,3.55898411706721e-18
2008.18154390447,1.09698551742271e-17
2009.1811365097,7.21945493900343e-18
2010.18072911493,3.59316957423297e-18
2011.18032172016,2.50396601424482e-18
2012.17991432539,2.1179288326534e-17
2013.17950693062,1.79709927330754e-17
2014.17909953585,2.66814260464418e-17
2015.17869214107,6.23222611013549e-18
2016.1782847463,1.29986300385637e-18
2017.17787735153,2.11980127315649e-18
2018.17746995676,4.74318562333444e-18
2019.17706256199,6.93711012630284e-18
2020.17665516722,2.33875273067432e-17
2021.17624777245,6.42485049359785e-18
2022.17584037768,3.9171024067186e-18
2023.1754329829,3.78631413783745e-18
2024.17502558813,4.99383045020352e-18
2025.17461819336,3.41459176462205e-18
2026.17421079859,4.00875015206138e-18
2027.17380340382,4.74053346019054e-17
2028.17339600905,4.95334185945711e-17
2029.17298861428,4.42055283218264e-18
2030.1725812195,5.11487102566978e-19
2031.17217382473,5.60624213918293e-18
2032.17176642996,1.79854597273616e-17
2033.17135903519,2.39062122926046e-17
2034.17095164042,1.03800758958622e-17
2035.17054424565,1.24009849623525e-17
2036.17013685088,2.35745578935721e-17
2037.16972945611,2.73434429585944e-17
2038.16932206133,2.57543530223056e-17
2039.16891466656,4.7502402955326e-18
2040.16850727179,2.12765235116958e-17
2041.16809987702,4.46370261332516e-17
2042.16769248225,1.09201822276977e-17
2043.16728508748,5.52912710534344e-18
2044.16687769271,5.25765943693729e-18
2045.16647029794,8.15360430037726e-18
2046.16606290316,1.53669421687549e-17
2047.16565550839,1.24197236556076e-19
2048.16524811362,9.1850299986546e-18
2049.16484071885,1.66212562488772e-17
2050.16443332408,1.28467363909062e-17
2051.16402592931,9.58024891235749e-19
2052.16361853454,1.82935668600844e-17
2053.16321113976,3.30696246053136e-19
2054.16280374499,1.06531570758106e-17
2055.16239635022,1.29443682259274e-17
2056.16198895545,6.79885726565705e-18
2057.16158156068,1.43650025068396e-18
2058.16117416591,1.60581145772543e-17
2059.16076677114,3.65624865679606e-17
2060.16035937637,1.55319647987086e-17
2061.15995198159,4.73028665209103e-18
2062.15954458682,8.65849335325697e-18
2063.15913719205,9.43723881268638e-19
2064.15872979728,8.76112094654677e-18
2065.15832240251,5.29824101393677e-17
2066.15791500774,4.44738268353759e-17
2067.15750761297,6.8489121924252e-17
2068.1571002182,3.48790075173784e-17
2069.15669282342,4.0017727353103e-18
2070.15628542865,2.7584874068176e-19
2071.15587803388,3.56374970629198e-17
2072.15547063911,2.37513607944041e-17
2073.15506324434,2.04038733037831e-19
2074.15465584957,2.18562505921024e-17
2075.1542484548,2.64596242615087e-17
2076.15384106003,3.97675108680346e-17
2077.15343366525,1.29874035061675e-17
2078.15302627048,1.08641284752806e-17
2079.15261887571,1.500715012242e-17
2080.15221148094,6.7694514701107e-18
2081.15180408617,2.36856686673532e-18
2082.1513966914,2.36952856013046e-17
2083.15098929663,8.14464232294267e-18
2084.15058190185,1.72049927811899e-17
2085.15017450708,2.17250976469356e-17
2086.14976711231,1.21319833060118e-17
2087.14935971754,8.68041749037799e-18
2088.14895232277,7.52421977037782e-18
2089.148544928,2.34984247445947e-17
2090.14813753323,1.43244167419777e-17
2091.14773013846,1.83664336634322e-17
2092.14732274368,4.70099597370238e-17
2093.14691534891,9.47857318156349e-17
2094.14650795414,1.98875685538341e-17
2095.14610055937,2.45698834894591e-17
2096.1456931646,2.15852914134132e-17
2097.14528576983,2.2485893227219e-17
2098.14487837506,7.46670217712099e-17
2099.14447098029,2.28846154916452e-17
2100.14406358551,2.19637792360366e-17
2101.14365619074,2.5657287070727e-17
2102.14324879597,1.26352349785457e-17
2103.1428414012,7.79584067177689e-20
2104.14243400643,1.43196076339133e-17
2105.14202661166,6.16643008144323e-18
2106.14161921689,1.42904402555539e-17
2107.14121182212,3.52955150794654e-18
2108.14080442734,1.27528973865048e-17
2109.14039703257,3.0788594991238e-17
2110.1399896378,2.05455206183143e-17
2111.13958224303,2.10653347548235e-17
2112.13917484826,4.98060560848807e-17
2113.13876745349,1.12174821306331e-17
2114.13836005872,1.7001215472375e-17
2115.13795266394,2.19045251194781e-17
2116.13754526917,9.05412902318271e-18
2117.1371378744,1.71914293414394e-18
2118.13673047963,9.73964586345808e-18
2119.13632308486,5.08941091195072e-18
2120.13591569009,5.04452593606835e-18
2121.13550829532,7.17735630519522e-18
2122.13510090055,3.04020411977076e-17
2123.13469350577,3.40353841221563e-17
2124.134286111,3.07699920264966e-17
2125.13387871623,1.09980318507193e-17
2126.13347132146,3.74017938616904e-18
2127.13306392669,1.68039669265231e-17
2128.13265653192,1.89693933850377e-17
2129.13224913715,6.98815384941993e-18
2130.13184174238,6.96187001435774e-18
2131.1314343476,2.92556771802635e-19
2132.13102695283,8.74527400049818e-18
2133.13061955806,4.1934115349701e-17
2134.13021216329,2.23941574899108e-17
2135.12980476852,2.56637463617657e-18
2136.12939737375,1.04950869017162e-17
2137.12898997898,1.71917609320281e-17
2138.12858258421,2.51232451956361e-17
2139.12817518943,4.08593569885015e-18
2140.12776779466,4.85834836510437e-17
2141.12736039989,2.52508982519282e-17
2142.12695300512,1.23125218201382e-18
2143.12654561035,1.56587540368899e-17
2144.12613821558,1.15880448695991e-17
2145.12573082081,3.36429066644114e-18
2146.12532342603,6.75140911001765e-18
2147.12491603126,5.41290672770553e-18
2148.12450863649,8.11325765594293e-18
2149.12410124172,3.89199812295043e-17
2150.12369384695,1.80044513664066e-17
2151.12328645218,4.21193096781464e-18
2152.12287905741,1.82870847515432e-17
2153.12247166264,9.53332352941706e-18
2154.12206426786,1.24126412634151e-17
2155.12165687309,4.70513805376127e-17
2156.12124947832,5.5398249674563e-17
2157.12084208355,1.77784025783842e-17
2158.12043468878,1.30657261345852e-17
2159.12002729401,4.77889427308449e-18
2160.11961989924,1.25408489349203e-17
2161.11921250447,2.96315754699148e-17
2162.11880510969,1.93775318298934e-17
2163.11839771492,1.47392112251502e-17
2164.11799032015,8.97147221549094e-20
2165.11758292538,1.22274866840335e-17
2166.11717553061,2.19912128215701e-17
2167.11676813584,2.43947501652579e-17
2168.11636074107,2.15841478390412e-17
2169.1159533463,6.11905890896944e-18
2170.11554595152,1.17944882719889e-17
2171.11513855675,4.84026664294277e-17
2172.11473116198,3.42344922039845e-17
2173.11432376721,1.70889860896719e-17
2174.11391637244,3.83399130657164e-18
2175.11350897767,2.00624002132147e-17
2176.1131015829,4.26027102725615e-17
2177.11269418812,1.55844697655635e-17
2178.11228679335,6.37810268386172e-18
2179.11187939858,9.22365617998477e-18
2180.11147200381,5.25794477878797e-17
2181.11106460904,2.21171002493638e-17
2182.11065721427,1.11034322521716e-17
2183.1102498195,2.24363467834526e-18
2184.10984242473,1.08675002796551e-17
2185.10943502995,1.0618410676689e-17
2186.10902763518,5.48065600982872e-18
2187.10862024041,4.8280969015676e-17
2188.10821284564,5.35008043057197e-17
2189.10780545087,3.63238119598988e-17
2190.1073980561,4.08818742776449e-17
2191.10699066133,3.06154446030065e-17
2192.10658326656,1.41773839908115e-17
2193.10617587178,9.55857836339908e-18
2194.10576847701,1.76481516241877e-17
2195.10536108224,2.1547793216034e-17
2196.10495368747,8.14521179289962e-18
2197.1045462927,1.92881780934285e-18
2198.10413889793,2.27166601488456e-17
2199.10373150316,2.65241893193529e-17
2200.10332410838,2.17035729599461e-17
2201.10291671361,1.48335773332024e-19
2202.10250931884,2.77160965678177e-17
2203.10210192407,1.93743707209252e-17
2204.1016945293,4.59161456196547e-17
2205.10128713453,4.72278644033596e-17
2206.10087973976,3.2723649985004e-17
2207.10047234499,9.59610446096799e-17
2208.10006495021,1.74388058722107e-17
2209.09965755544,8.31723081640565e-18
2210.09925016067,1.15159295884722e-17
2211.0988427659,1.58503462241573e-17
2212.09843537113,9.6474742916968e-18
2213.09802797636,4.45449877156687e-18
2214.09762058159,1.04996909110813e-17
2215.09721318682,6.11564655290826e-20
2216.09680579204,1.0931954580649e-18
2217.09639839727,3.36897107763335e-18
2218.0959910025,1.09423612193169e-17
2219.09558360773,2.50540437523735e-17
2220.09517621296,3.56864303450829e-17
2221.09476881819,8.38843905259383e-18
2222.09436142342,2.68052013242047e-18
2223.09395402864,3.39197441198067e-19
2224.09354663387,6.32136172892642e-18
2225.0931392391,5.53118362507032e-18
2226.09273184433,3.56532290835939e-18
2227.09232444956,4.64887539872119e-18
2228.09191705479,5.25601705645521e-21
2229.09150966002,1.39418317128994e-17
2230.09110226525,1.68296042646281e-17
2231.09069487048,1.30008332989625e-18
2232.0902874757,5.88686088975949e-18
2233.08988008093,7.82550234318373e-17
2234.08947268616,3.9528251923346e-17
2235.08906529139,1.50440887023592e-17
2236.08865789662,3.46935082814321e-17
2237.08825050185,3.35073255187327e-17
2238.08784310708,9.64586755387778e-18
2239.0874357123,4.36984215093424e-17
2240.08702831753,4.70111685225973e-17
2241.08662092276,2.75195285953518e-17
2242.08621352799,2.02340347279732e-17
2243.08580613322,5.84004810796601e-18
2244.08539873845,4.14196083740556e-19
2245.08499134368,4.42351316642579e-18
2246.08458394891,7.93560871766577e-18
2247.08417655413,6.79839702743721e-18
2248.08376915936,2.40837834537934e-17
2249.08336176459,1.80617671777376e-17
2250.08295436982,1.67926438609101e-17
2251.08254697505,3.20777255401812e-17
2252.08213958028,6.05224453406206e-18
2253.08173218551,8.82445075499183e-18
2254.08132479074,1.24829734569424e-18
2255.08091739596,4.23792816803946e-17
2256.08051000119,2.09598442713826e-17
2257.08010260642,1.18208162898967e-17
2258.07969521165,3.23669345707647e-18
2259.07928781688,3.52381840031799e-17
2260.07888042211,7.26291490554615e-17
2261.07847302734,2.76509135291825e-17
2262.07806563256,2.13965733959094e-17
2263.07765823779,1.59645135032838e-18
2264.07725084302,1.4514091910341e-17
2265.07684344825,1.91442234427642e-17
2266.07643605348,1.75451380687388e-17
2267.07602865871,1.09815394553113e-17
2268.07562126394,5.57351491833922e-18
2269.07521386917,2.73678085717e-19
2270.07480647439,6.79309115675011e-18
2271.07439907962,3.29746803171367e-17
2272.07399168485,1.07664895650381e-17
2273.07358429008,1.31134073010503e-17
2274.07317689531,1.8450465692018e-17
2275.07276950054,1.16876603847599e-17
2276.07236210577,4.89794471375823e-18
2277.071954711,1.69445637715819e-17
2278.07154731622,5.70428530560414e-20
2279.07113992145,1.12751019264391e-17
2280.07073252668,1.14783347417884e-17
2281.07032513191,2.06492205931469e-17
2282.06991773714,2.76888098573399e-18
2283.06951034237,5.40209850845345e-17
2284.0691029476,2.7512282549898e-17
2285.06869555282,5.50703547209212e-17
2286.06828815805,3.31791022336724e-17
2287.06788076328,1.31869198455048e-17
2288.06747336851,2.69627154084167e-17
2289.06706597374,2.52745033540331e-17
2290.06665857897,7.46978078164506e-18
2291.0662511842,4.08454032164059e-18
2292.06584378943,1.75952059576282e-17
2293.06543639465,9.71150395204005e-18
2294.06502899988,1.0473483983474e-17
2295.06462160511,2.80347193170511e-17
2296.06421421034,1.6935994366459e-17
2297.06380681557,3.11942868731947e-18
2298.0633994208,5.59842853471149e-18
2299.06299202603,7.83810120164371e-18
2300.06258463126,8.49588263413399e-18
2301.06217723648,1.83101680919784e-17
2302.06176984171,1.61218528071105e-17
2303.06136244694,1.72016521897883e-17
2304.06095505217,8.05216215541964e-18
2305.0605476574,2.72346963630899e-18
2306.06014026263,4.28108042169403e-18
2307.05973286786,1.88575848467866e-18
2308.05932547309,2.95305386837801e-17
2309.05891807831,3.2504326380115e-17
2310.05851068354,1.04941655987249e-17
2311.05810328877,7.17786311859295e-18
2312.057695894,8.15000975602742e-19
2313.05728849923,4.11933229750623e-19
2314.05688110446,2.57828138941218e-18
2315.05647370969,1.99819531236287e-18
2316.05606631491,1.96102577809311e-17
2317.05565892014,3.18540331734526e-17
2318.05525152537,1.74334943221747e-17
2319.0548441306,4.50922046120642e-18
2320.05443673583,7.09426468948717e-18
2321.05402934106,3.02329913565468e-18
2322.05362194629,3.11083424937905e-17
2323.05321455152,4.25074450777395e-17
2324.05280715674,4.37647663841514e-17
2325.05239976197,4.1149729219044e-18
2326.0519923672,7.46504881298297e-19
2327.05158497243,9.6876818409188e-20
2328.05117757766,1.51752706555451e-18
2329.05077018289,6.799342010667e-19
2330.05036278812,1.58396005802872e-17
2331.04995539335,1.50791325974913e-17
2332.04954799857,1.5299167263946e-18
2333.0491406038,5.99572118952872e-18
2334.04873320903,1.73323060547959e-17
2335.04832581426,4.77994035357995e-17
2336.04791841949,3.68821217411545e-17
2337.04751102472,1.18615748191502e-17
2338.04710362995,5.89222925995033e-18
2339.04669623518,1.97191736393274e-18
2340.0462888404,3.10612578720753e-18
2341.04588144563,1.23495632090947e-17
2342.04547405086,1.15571066294975e-17
2343.04506665609,4.11709324226131e-17
2344.04465926132,2.34932022874916e-17
2345.04425186655,7.30052460580531e-18
2346.04384447178,5.7583867333385e-18
2347.043437077,8.70204153618035e-18
2348.04302968223,2.19573692383473e-17
2349.04262228746,5.83713498216002e-17
2350.04221489269,4.02172039981489e-17
2351.04180749792,2.56038090295792e-18
2352.04140010315,1.85553308513055e-18
2353.04099270838,1.0271276120775e-17
2354.04058531361,2.10660962430821e-17
2355.04017791883,4.0807010902917e-17
2356.03977052406,8.30533147849019e-17
2357.03936312929,6.59563903743675e-17
2358.03895573452,3.01936939308472e-17
2359.03854833975,1.68141411877512e-17
2360.03814094498,5.99820256866805e-17
2361.03773355021,6.52626338083635e-17
2362.03732615544,2.63656201982555e-17
2363.03691876066,6.9043153398909e-18
2364.03651136589,2.58460156205577e-17
2365.03610397112,1.6261803283501e-17
2366.03569657635,7.97523089768749e-18
2367.03528918158,5.07337370495298e-18
2368.03488178681,9.09991191591341e-18
2369.03447439204,2.96771395554498e-17
2370.03406699727,2.07164237932179e-17
2371.03365960249,9.55933157926533e-18
2372.03325220772,2.41185869671702e-17
2373.03284481295,2.47072956713694e-17
2374.03243741818,1.07349603069745e-17
2375.03203002341,1.22477165652491e-17
2376.03162262864,5.57219044278214e-17
2377.03121523387,3.28247525032693e-17
2378.03080783909,2.26403530842658e-18
2379.03040044432,2.51720535567514e-18
2380.02999304955,1.45164251961962e-17
2381.02958565478,1.68849200158892e-17
2382.02917826001,8.69447926665202e-18
2383.02877086524,5.11903975290369e-18
2384.02836347047,9.56050093116769e-18
2385.0279560757,2.046953930831e-18
2386.02754868092,4.69175043348199e-18
2387.02714128615,7.26225735555888e-18
2388.02673389138,1.55666100829512e-17
2389.02632649661,4.07004256242443e-18
2390.02591910184,6.50059567492064e-18
2391.02551170707,6.86109346597753e-18
2392.0251043123,4.97091156635982e-18
2393.02469691753,1.33945706865326e-17
2394.02428952275,1.37681857138376e-17
2395.02388212798,1.87662377381895e-17
2396.02347473321,9.92118915706188e-18
2397.02306733844,7.12708813673569e-18
2398.02265994367,8.04670356602445e-19
2399.0222525489,3.68397985969344e-18
2400.02184515413,1.0582870588115e-19
2401.02143775936,6.45988848601771e-19
2402.02103036458,3.95873188793787e-18
2403.02062296981,4.79502836272717e-18
2404.02021557504,3.83000013391971e-18
2405.01980818027,2.10865692420187e-18
2406.0194007855,1.26338658560402e-17
2407.01899339073,3.01589308990423e-17
2408.01858599596,2.01178258525045e-17
2409.01817860118,7.40011578763737e-18
2410.01777120641,8.03027233065991e-19
2411.01736381164,8.37527178114656e-18
2412.01695641687,9.79075182132179e-18
2413.0165490221,1.29671456090509e-17
2414.01614162733,1.01395490726179e-18
2415.01573423256,2.81864199103184e-17
2416.01532683779,1.02899313488277e-17
2417.01491944301,1.98660841143466e-19
2418.01451204824,7.22520627042787e-18
2419.01410465347,1.78828510984636e-17
2420.0136972587,1.46800172162119e-17
2421.01328986393,7.60965335046886e-18
2422.01288246916,3.45666885096925e-18
2423.01247507439,7.80126987558298e-19
2424.01206767962,3.91884700123506e-18
2425.01166028484,1.65674512838248e-17
2426.01125289007,1.95887232760172e-18
2427.0108454953,1.78542879465691e-17
2428.01043810053,2.08196021609891e-17
2429.01003070576,4.54075469716108e-17
2430.00962331099,1.97552587399549e-17
2431.00921591622,5.59161130069889e-18
2432.00880852144,1.00218234881687e-17
2433.00840112667,3.44581080392813e-17
2434.0079937319,6.91964402755948e-19
2435.00758633713,1.05523657401706e-17
2436.00717894236,2.59371627525312e-19
2437.00677154759,2.13430226118716e-17
2438.00636415282,2.24107264540814e-17
2439.00595675805,1.88466555592419e-18
2440.00554936327,3.13806403073164e-18
2441.0051419685,3.47803432334575e-17
2442.00473457373,1.34416655536805e-17
2443.00432717896,2.4879498229425e-18
2444.00391978419,1.57955419418294e-17
2445.00351238942,1.14972414063645e-17
2446.00310499465,4.71884004408199e-18
2447.00269759988,5.91598594702557e-18
2448.0022902051,7.69710649830216e-18
2449.00188281033,3.86455405983834e-17
2450.00147541556,2.18717646475183e-17
2451.00106802079,2.99790201382452e-18
2452.00066062602,1.94518460589581e-18
2453.00025323125,6.02846270255323e-19
2453.99984583648,1.01388158167275e-18
2454.99943844171,1.1415515168532e-17
2455.99903104693,4.28000877602307e-17
2456.99862365216,8.20645965478272e-18
2457.99821625739,8.64813109264954e-18
2458.99780886262,3.01585486723571e-18
2459.99740146785,9.96846889183424e-18
2460.99699407308,2.64872473371787e-17
2461.99658667831,3.03883851736882e-17
2462.99617928354,1.9543017764887e-17
2463.99577188876,1.64363888808439e-18
2464.99536449399,9.10535100081283e-19
2465.99495709922,1.01439674072112e-17
2466.99454970445,4.41634093274225e-18
2467.99414230968,2.54346618458238e-18
2468.99373491491,2.62872352008646e-18
2469.99332752014,1.59600459307263e-17
2470.99292012536,5.16778091189649e-17
2471.99251273059,2.76741128559961e-17
2472.99210533582,1.66101168374025e-17
2473.99169794105,3.96734779870958e-17
2474.99129054628,2.29296222704292e-17
2475.99088315151,1.31689158634117e-17
2476.99047575674,6.4343648225161e-19
2477.99006836197,2.20789577213837e-17
2478.98966096719,1.90713088263711e-17
2479.98925357242,1.60520278230665e-17
2480.98884617765,1.29294771316409e-17
2481.98843878288,5.87773021699871e-18
2482.98803138811,2.6044050349699e-17
2483.98762399334,6.87416570566663e-18
2484.98721659857,1.10086238476646e-17
2485.9868092038,7.02534093165016e-18
2486.98640180902,5.46823700525097e-18
2487.98599441425,1.19400985179487e-17
2488.98558701948,1.59173014973533e-17
2489.98517962471,4.22641776530205e-17
2490.98477222994,5.74149397348964e-18
2491.98436483517,2.28435666988645e-18
2492.9839574404,6.24689221029469e-19
2493.98355004562,5.8711505957823e-19
2494.98314265085,1.55494682236592e-17
2495.98273525608,6.06159366467095e-17
2496.98232786131,4.72717577945467e-17
2497.98192046654,6.84894624924198e-18
2498.98151307177,7.98776787510008e-18
2499.981105677,1.6885641356889e-17
2500.98069828223,7.69298620359432e-18
2501.98029088745,3.8807043506909e-17
2502.97988349268,4.47707264320721e-17
2503.97947609791,2.9589070524627e-17
2504.97906870314,2.18120256358217e-17
2505.97866130837,3.112051125656e-17
2506.9782539136,6.07504798017346e-17
2507.97784651883,1.84437611318686e-17
2508.97743912406,6.32599414811927e-18
2509.97703172928,8.55557844930276e-18
2510.97662433451,1.41174966700271e-17
2511.97621693974,7.45890749152411e-17
2512.97580954497,4.21834171177748e-17
2513.9754021502,8.96375092411775e-18
2514.97499475543,6.77972423877061e-18
2515.97458736066,9.1043680165759e-18
2516.97417996589,5.85166179073804e-18
2517.97377257111,2.7920075166349e-18
2518.97336517634,2.20446375847309e-17
2519.97295778157,1.57359963042063e-17
2520.9725503868,6.40483594989767e-18
2521.97214299203,1.01761782209914e-17
2522.97173559726,2.1728315274639e-17
2523.97132820249,1.72283411818676e-17
2524.97092080771,1.08827417323427e-17
2525.97051341294,2.6205117871064e-18
2526.97010601817,2.76105897125628e-18
2527.9696986234,5.46023972102876e-18
2528.96929122863,3.38439899204685e-19
2529.96888383386,1.40840248169363e-17
2530.96847643909,2.71769327279111e-17
2531.96806904432,1.29622522854322e-17
2532.96766164954,1.74972103107992e-17
2533.96725425477,2.07979650634046e-17
2534.96684686,3.45830320723707e-18
2535.96643946523,2.26370435897502e-17
2536.96603207046,4.91368961901417e-18
2537.96562467569,1.5836189177059e-17
2538.96521728092,3.03972336608517e-17
2539.96480988615,3.06832629438758e-18
2540.96440249137,3.03538067596309e-17
2541.9639950966,1.43371984206281e-17
2542.96358770183,1.02098644573474e-17
2543.96318030706,1.86071625850577e-17
2544.96277291229,4.90504480094625e-18
2545.96236551752,4.61283581548084e-18
2546.96195812275,2.56739137660612e-18
2547.96155072798,1.00466762355778e-17
2548.9611433332,5.28643827752896e-17
2549.96073593843,4.48255563181002e-18
2550.96032854366,1.78667674434595e-17
2551.95992114889,1.35835353176386e-17
2552.95951375412,2.17933995277553e-17
2553.95910635935,1.47914661419589e-17
2554.95869896458,1.52212923278387e-17
2555.9582915698,1.13889119350127e-17
2556.95788417503,1.40104714001197e-18
2557.95747678026,4.59451499317262e-19
2558.95706938549,1.25706115866529e-17
2559.95666199072,5.0325257785863e-17
2560.95625459595,1.91604041870327e-17
2561.95584720118,2.62942197786602e-17
2562.95543980641,2.09283671958722e-17
2563.95503241163,1.32834012799731e-17
2564.95462501686,1.23425256626318e-18
2565.95421762209,2.66998721189985e-17
2566.95381022732,2.97908559059754e-17
2567.95340283255,3.79156487804416e-17
2568.95299543778,3.23009545729678e-17
2569.95258804301,2.57629054364237e-17
2570.95218064824,3.17457289233184e-17
2571.95177325346,1.18226259116666e-17
2572.95136585869,2.15739369642245e-17
2573.95095846392,1.90059695662507e-17
2574.95055106915,9.19376894629413e-18
2575.95014367438,6.91020969865718e-18
2576.94973627961,3.16260528425064e-17
2577.94932888484,9.86930102752254e-17
2578.94892149007,4.48736801050572e-17
2579.94851409529,3.64456482159255e-18
2580.94810670052,1.0094260161014e-17
2581.94769930575,2.59554209571284e-17
2582.94729191098,3.17557453697514e-17
2583.94688451621,3.6033912552378e-18
2584.94647712144,1.86019673733496e-17
2585.94606972667,1.3128933251922e-17
2586.94566233189,5.17021991600616e-18
2587.94525493712,1.75243774809822e-17
2588.94484754235,2.92800404038341e-18
2589.94444014758,3.05042819486761e-18
2590.94403275281,1.10911900105277e-17
2591.94362535804,1.72146991623649e-17
2592.94321796327,1.33415109182169e-17
2593.9428105685,3.75532795188745e-18
2594.94240317372,4.66113986332694e-18
2595.94199577895,4.6055451741277e-18
2596.94158838418,1.56381515323606e-17
2597.94118098941,2.85390805270245e-17
2598.94077359464,1.66907035539905e-17
2599.94036619987,6.30967117761258e-18
2600.9399588051,5.38247767483737e-18
2601.93955141032,1.66037681037013e-17
2602.93914401555,9.4688571599446e-18
2603.93873662078,2.4224226477994e-18
2604.93832922601,4.85214843803446e-18
2605.93792183124,3.92600033444835e-18
2606.93751443647,2.62764180351028e-17
2607.9371070417,3.17460141416844e-17
2608.93669964693,1.05788522935207e-17
2609.93629225215,1.18607901638623e-17
2610.93588485738,5.83916761114994e-18
2611.93547746261,3.00927643135692e-18
2612.93507006784,5.07535795249781e-17
2613.93466267307,1.76378102917505e-17
2614.9342552783,2.554935344377e-18
2615.93384788353,6.90702435876994e-18
2616.93344048876,1.06905346237077e-17
2617.93303309398,3.328956335203e-17
2618.93262569921,2.35185327126965e-17
2619.93221830444,6.17413770454646e-18
2620.93181090967,1.81687650734859e-17
2621.9314035149,1.05152086737573e-18
2622.93099612013,3.45409474568696e-17
2623.93058872536,5.19651825638164e-17
2624.93018133059,1.38405171235736e-17
2625.92977393581,2.88227342266773e-17
2626.92936654104,5.57208416059072e-17
2627.92895914627,1.5053315335398e-17
2628.9285517515,7.17336154058291e-18
2629.92814435673,1.85713056012437e-18
2630.92773696196,2.06268146182373e-18
2631.92732956719,2.03280287030663e-18
2632.92692217242,6.0778506010811e-19
2633.92651477764,7.38029072733549e-18
2634.92610738287,5.57565816213218e-18
2635.9256999881,2.33509836869616e-17
2636.92529259333,5.41661948695224e-17
2637.92488519856,1.78565244798026e-17
2638.92447780379,2.31104699597792e-18
2639.92407040902,8.07982933329322e-18
2640.92366301424,3.44847446128015e-17
2641.92325561947,2.95288548577176e-17
2642.9228482247,1.07472586957459e-18
2643.92244082993,2.04360378512416e-17
2644.92203343516,1.75684584815967e-17
2645.92162604039,2.31218192854575e-18
2646.92121864562,8.26622890531492e-18
2647.92081125085,6.05332627091263e-18
2648.92040385607,2.44474861379784e-18
2649.9199964613,6.84462813750164e-19
2650.91958906653,6.96845686156505e-19
2651.91918167176,7.01813515764703e-18
2652.91877427699,3.232551918566e-17
2653.91836688222,4.93906155127978e-18
2654.91795948745,8.72407972030907e-18
2655.91755209268,2.7410675554373e-18
2656.9171446979,3.36616968413057e-17
2657.91673730313,1.5129032645761e-17
2658.91632990836,1.6968522938198e-17
2659.91592251359,2.90544053315764e-17
2660.91551511882,1.28408308008117e-17
2661.91510772405,2.64313061037098e-18
2662.91470032928,4.37398033624898e-18
2663.91429293451,8.60418494968793e-18
2664.91388553973,8.70517151817324e-18
2665.91347814496,1.75858343659023e-17
2666.91307075019,1.78874879840739e-17
2667.91266335542,4.74320683984218e-18
2668.91225596065,2.5899712233711e-18
2669.91184856588,9.40738907036282e-18
2670.91144117111,1.36583829820491e-17
2671.91103377633,1.69111842573472e-17
2672.91062638156,6.78241631269142e-18
2673.91021898679,1.62078765562018e-17
2674.90981159202,2.9964479412059e-17
2675.90940419725,1.00771172742517e-17
2676.90899680248,5.08268202871664e-18
2677.90858940771,3.10894291193816e-18
2678.90818201294,5.46070537653405e-18
2679.90777461816,1.19706905263224e-20
2680.90736722339,1.34954542185098e-17
2681.90695982862,1.5893559313485e-17
2682.90655243385,7.15408158660246e-18
2683.90614503908,1.08434577010271e-17
2684.90573764431,1.52573561693923e-17
2685.90533024954,2.60853438815259e-17
2686.90492285477,3.07188991936767e-17
2687.90451545999,1.50386198700691e-17
2688.90410806522,5.50276211567461e-17
2689.90370067045,5.50077273542252e-17
2690.90329327568,3.00446982167216e-17
2691.90288588091,1.35066409954719e-17
2692.90247848614,7.44291773271295e-19
2693.90207109137,2.91462667273578e-18
2694.9016636966,4.2872691001473e-19
2695.90125630182,1.01820955690341e-17
2696.90084890705,1.40773886542323e-17
2697.90044151228,2.68780577239073e-18
2698.90003411751,1.09715597789961e-17
2699.89962672274,1.28713695976939e-17
2700.89921932797,1.10655268827612e-17
2701.8988119332,8.4785465907907e-18
2702.89840453842,1.25394521187305e-17
2703.89799714365,2.29554441510637e-17
2704.89758974888,1.67009598307203e-17
2705.89718235411,2.56275956818504e-17
2706.89677495934,3.0294359284955e-17
2707.89636756457,3.5726237057804e-17
2708.8959601698,9.15031546763544e-18
2709.89555277503,4.6696881161275e-18
2710.89514538025,2.67053622270284e-17
2711.89473798548,2.26903274817809e-17
2712.89433059071,1.00492650225602e-17
2713.89392319594,9.40609352105357e-18
2714.89351580117,1.69201690045958e-17
2715.8931084064,2.04530390996328e-18
2716.89270101163,2.50707542985757e-17
2717.89229361686,9.24909019238375e-18
2718.89188622208,2.56870189546804e-18
2719.89147882731,7.19745335233387e-18
2720.89107143254,1.32561637245959e-18
2721.89066403777,6.54071306544688e-18
2722.890256643,7.20581422635944e-18
2723.88984924823,2.01917044407279e-17
2724.88944185346,1.5240937743974e-18
2725.88903445868,9.51695345358181e-18
2726.88862706391,1.75028566054793e-17
2727.88821966914,3.77789412693389e-17
2728.88781227437,3.21629249062491e-19
2729.8874048796,6.59422467746536e-18
2730.88699748483,1.1966794972922e-19
2731.88659009006,5.30948406255521e-18
2732.88618269529,3.29797227120224e-18
2733.88577530051,1.71766926516665e-18
2734.88536790574,2.35522727015306e-17
2735.88496051097,1.90455425397051e-17
2736.8845531162,1.05692181269269e-18
2737.88414572143,3.82230854280742e-18
2738.88373832666,1.38714365837184e-18
2739.88333093189,1.2088489229356e-17
2740.88292353712,2.44231226782268e-17
2741.88251614234,2.39381795142068e-17
2742.88210874757,9.62838666172946e-18
2743.8817013528,7.95748123356348e-18
2744.88129395803,2.4919064818824e-18
2745.88088656326,5.72484781291759e-18
2746.88047916849,2.91036982834679e-18
2747.88007177372,3.3803256067733e-19
2748.87966437895,1.96990275076432e-17
2749.87925698417,1.04779876891406e-17
2750.8788495894,2.31019048828619e-17
2751.87844219463,4.3397938134212e-17
2752.87803479986,3.56415154165755e-17
2753.87762740509,4.27372997301007e-18
2754.87722001032,1.1873905954268e-17
2755.87681261555,4.14040594461185e-19
2756.87640522077,7.04859351724619e-18
2757.875997826,7.88210862033683e-18
2758.87559043123,3.30498406492418e-17
2759.87518303646,1.12128020580234e-17
2760.87477564169,6.22601863752454e-18
2761.87436824692,9.29780930393533e-18
2762.87396085215,1.91488473813614e-18
2763.87355345738,1.36140721934876e-17
2764.8731460626,2.42435348912872e-17
2765.87273866783,3.63942298762097e-17
2766.87233127306,3.21539326666273e-17
2767.87192387829,1.13593693645883e-17
2768.87151648352,5.67619038215198e-17
2769.87110908875,4.88792599290191e-17
2770.87070169398,1.74998567375213e-17
2771.87029429921,2.84863085613485e-17
2772.86988690443,1.07262798594487e-18
2773.86947950966,9.30561612963498e-18
2774.86907211489,1.31835345509557e-17
2775.86866472012,3.27954516989715e-17
2776.86825732535,1.38211535087215e-17
2777.86784993058,5.50184877016306e-18
2778.86744253581,8.20863756089004e-18
2779.86703514104,1.72261551961027e-18
2780.86662774626,4.85535931417041e-18
2781.86622035149,5.7907652130127e-18
2782.86581295672,3.98237406719574e-17
2783.86540556195,2.12199981496646e-17
2784.86499816718,2.75571037453278e-19
2785.86459077241,4.09940853722211e-18
2786.86418337764,7.18438494295995e-18
2787.86377598286,5.40461129703206e-18
2788.86336858809,5.88553496817971e-18
2789.86296119332,4.84731897508574e-18
2790.86255379855,1.94634954970329e-18
2791.86214640378,8.15017251592637e-19
2792.86173900901,2.0131502497147e-18
2793.86133161424,1.59206971025365e-19
2794.86092421947,2.05624743879787e-18
2795.86051682469,2.47296953607829e-17
2796.86010942992,6.8870291237741e-17
2797.85970203515,4.43129391014142e-17
2798.85929464038,1.83097584943288e-17
2799.85888724561,2.59219203595043e-17
2800.85847985084,1.87093769581049e-18
2801.85807245607,2.06285081486914e-17
2802.8576650613,3.3794868505218e-17
2803.85725766652,1.56271361192233e-17
2804.85685027175,2.20358865841491e-17
2805.85644287698,8.42450890863066e-17
2806.85603548221,3.22904096458975e-17
2807.85562808744,2.84589339284167e-18
2808.85522069267,1.09524187695571e-17
2809.8548132979,8.3379928809875e-18
2810.85440590313,5.64857228371028e-18
2811.85399850835,2.28257729294327e-18
2812.85359111358,4.86601956555263e-18
2813.85318371881,1.35144075710751e-17
2814.85277632404,3.71750230013975e-17
2815.85236892927,5.47939868221601e-17
2816.8519615345,5.09226615737693e-17
2817.85155413973,1.60045592183478e-17
2818.85114674495,1.55188102210711e-17
2819.85073935018,2.25437467385139e-17
2820.85033195541,4.35821655701268e-18
2821.84992456064,1.29682904992583e-17
2822.84951716587,1.95839713404819e-18
2823.8491097711,7.72018865754163e-18
2824.84870237633,7.50669637364798e-18
2825.84829498156,1.39248641310336e-17
2826.84788758678,1.44736571240544e-17
2827.84748019201,8.94016535534212e-18
2828.84707279724,8.47627939831896e-19
2829.84666540247,1.38047377631022e-17
2830.8462580077,4.17591237515397e-17
2831.84585061293,4.94213733329758e-17
2832.84544321816,2.26226953142104e-17
2833.84503582338,2.92381722534261e-18
2834.84462842861,5.42777638451713e-18
2835.84422103384,1.33162249873308e-17
2836.84381363907,2.65476075505264e-18
2837.8434062443,1.85006159611928e-17
2838.84299884953,1.62270671372994e-17
2839.84259145476,3.19440465855456e-17
2840.84218405999,7.14417174591583e-18
2841.84177666522,6.90510555875796e-18
2842.84136927044,1.55272457486252e-17
2843.84096187567,1.4996600210229e-17
2844.8405544809,2.12624718467989e-17
2845.84014708613,1.42505638340038e-17
2846.83973969136,4.58542019200692e-18
2847.83933229659,6.29709557578888e-18
2848.83892490182,3.15951956876286e-17
2849.83851750704,3.72916173952706e-17
2850.83811011227,3.54998625699782e-17
2851.8377027175,3.64898912315772e-17
2852.83729532273,3.36439724192333e-18
2853.83688792796,2.00527336242883e-19
2854.83648053319,7.54488603875694e-18
2855.83607313842,1.32925817962052e-17
2856.83566574365,1.80364695800512e-18
2857.83525834887,6.79367078447317e-18
2858.8348509541,3.70017579050377e-18
2859.83444355933,2.15253455451404e-18
2860.83403616456,7.24640579488756e-18
2861.83362876979,4.35021052936378e-18
2862.83322137502,1.18552881674049e-17
2863.83281398025,7.00069944690709e-19
2864.83240658548,1.993221748881e-17
2865.8319991907,2.28544001753355e-17
2866.83159179593,5.1805328468292e-19
2867.83118440116,2.56701879451702e-17
2868.83077700639,4.85638020144416e-17
2869.83036961162,6.09729871340798e-17
2870.82996221685,5.66657469948963e-17
2871.82955482208,2.76166008607593e-17
2872.8291474273,1.94757651622071e-17
2873.82874003253,4.81390070723979e-17
2874.82833263776,4.46270053633524e-17
2875.82792524299,1.70248088884077e-18
2876.82751784822,1.54552088886736e-17
2877.82711045345,1.49049404883456e-17
2878.82670305868,7.20630617277156e-19
2879.82629566391,7.67292669040037e-18
2880.82588826913,7.21181798218514e-18
2881.82548087436,1.12232125813018e-18
2882.82507347959,1.53644021125136e-18
2883.82466608482,1.70678212525558e-17
2884.82425869005,8.25350875562197e-18
2885.82385129528,9.59404238691296e-18
2886.82344390051,9.47900773672804e-18
2887.82303650574,2.82560259899555e-20
2888.82262911096,1.62499678409742e-18
2889.82222171619,2.97316249176116e-18
2890.82181432142,1.27000936799506e-18
2891.82140692665,3.50593768365294e-19
2892.82099953188,8.66525880926971e-18
2893.82059213711,1.81204195141752e-17
2894.82018474234,2.34648940929408e-17
2895.81977734757,1.68602390357465e-17
2896.81936995279,6.61050938890458e-18
2897.81896255802,6.74156782572528e-18
2898.81855516325,1.65958938134488e-17
2899.81814776848,2.99626505342162e-17
2900.81774037371,5.83768113281317e-18
2901.81733297894,2.04092717845684e-17
2902.81692558417,3.6621636648112e-17
2903.81651818939,2.10208508477903e-17
2904.81611079462,3.92035360546122e-17
2905.81570339985,2.13717052912072e-17
2906.81529600508,2.88693404551446e-17
2907.81488861031,1.67626416044288e-17
2908.81448121554,1.69555603880724e-19
2909.81407382077,5.8284747703217e-18
2910.813666426,7.0472547156201e-18
2911.81325903122,8.31556682406748e-18
2912.81285163645,4.38422914501544e-19
2913.81244424168,3.35554166835089e-18
2914.81203684691,2.29359358415163e-18
2915.81162945214,4.94360404862219e-19
2916.81122205737,3.39794616602478e-18
2917.8108146626,3.6177904154757e-17
2918.81040726783,6.18375152132105e-18
2919.80999987305,1.91589866291533e-17
2920.80959247828,2.05038255191888e-17
2921.80918508351,4.24164242237852e-18
2922.80877768874,2.18596094192761e-17
2923.80837029397,2.22795667874493e-17
2924.8079628992,1.23373101829607e-17
2925.80755550443,8.08067397513602e-18
2926.80714810966,7.65031681829355e-19
2927.80674071488,1.36085425219734e-17
2928.80633332011,7.559349029705e-17
2929.80592592534,9.86881413096503e-17
2930.80551853057,5.41067213961523e-17
2931.8051111358,6.84573459573206e-18
2932.80470374103,1.87125763598234e-17
2933.80429634626,9.79208072152007e-18
2934.80388895149,1.36240809546363e-17
2935.80348155671,1.32316748093264e-18
2936.80307416194,1.74135660449093e-17
2937.80266676717,2.8517023599257e-17
2938.8022593724,2.28047353200913e-17
2939.80185197763,7.88425391362753e-18
2940.80144458286,3.02625243719645e-18
2941.80103718809,3.84445099838739e-18
2942.80062979331,1.7540758821005e-17
2943.80022239854,9.89036344188601e-18
2944.79981500377,1.16621272054543e-18
2945.799407609,1.67832930275916e-18
2946.79900021423,1.08114593157692e-17
2947.79859281946,2.75961143904511e-17
2948.79818542469,5.86078639213475e-18
2949.79777802992,2.84010031956764e-18
2950.79737063514,2.77929791095025e-18
2951.79696324037,8.16616006186583e-18
2952.7965558456,3.26530580089407e-18
2953.79614845083,2.64520520940044e-18
2954.79574105606,3.00971908716061e-18
2955.79533366129,1.20721794896914e-18
2956.79492626652,9.35161920507581e-18
2957.79451887174,6.02857903833131e-17
2958.79411147697,3.96769900122961e-17
2959.7937040822,4.2546447601478e-18
2960.79329668743,2.38116956736249e-17
2961.79288929266,5.91317890175632e-18
2962.79248189789,1.00943668109578e-17
2963.79207450312,1.66642625922624e-17
2964.79166710835,4.68176887310764e-18
2965.79125971358,3.83266114375605e-17
2966.7908523188,7.45906068058779e-18
2967.79044492403,9.13581632070888e-18
2968.79003752926,3.9931148927651e-19
2969.78963013449,5.92064039621447e-18
2970.78922273972,2.31574910227348e-18
2971.78881534495,9.02435121584462e-18
2972.78840795018,1.48642200732411e-17
2973.7880005554,5.94420922639579e-18
2974.78759316063,7.51988379056461e-19
2975.78718576586,9.81646805597965e-18
2976.78677837109,4.8149694856043e-18
2977.78637097632,2.23965763021975e-18
2978.78596358155,8.3116429447496e-18
2979.78555618678,2.80135903208657e-17
2980.78514879201,1.52585065796741e-17
2981.78474139723,1.76159678552941e-18
2982.78433400246,1.23466941629662e-17
2983.78392660769,1.42885868394966e-17
2984.78351921292,7.78461105159767e-18
2985.78311181815,7.93130138422607e-18
2986.78270442338,1.18134936886915e-19
2987.78229702861,8.76792434463896e-18
2988.78188963383,8.49709800279869e-18
2989.78148223906,5.88399984656659e-18
2990.78107484429,2.37728849371992e-18
2991.78066744952,4.37298251188652e-18
2992.78026005475,7.07115988698575e-18
2993.77985265998,1.15045822795891e-17
2994.77944526521,3.44510576504141e-17
2995.77903787044,1.90740736404971e-17
2996.77863047566,2.58328989964875e-17
2997.77822308089,9.75887084962601e-18
2998.77781568612,7.0890532541903e-18
2999.77740829135,5.12034179113118e-18
3000.77700089658,3.06300474449645e-18
3001.77659350181,2.89811988018749e-17
3002.77618610704,4.56183197946901e-17
3003.77577871227,4.25538770771608e-17
3004.77537131749,4.18137849200243e-17
3005.77496392272,8.87143037539893e-18
3006.77455652795,4.22610041463231e-17
3007.77414913318,4.80125567199114e-17
3008.77374173841,7.13633867701907e-18
3009.77333434364,1.66916684086954e-17
3010.77292694887,6.27098672561902e-17
3011.7725195541,5.04287829767064e-17
3012.77211215932,5.4188143280074e-18
3013.77170476455,5.89646694413564e-18
3014.77129736978,3.0805264287519e-17
3015.77088997501,9.02067331405763e-18
3016.77048258024,1.44876508158656e-18
3017.77007518547,5.47684587600145e-18
3018.7696677907,1.25773157712419e-17
3019.76926039592,2.64345378314981e-18
3020.76885300115,3.74953362398631e-18
3021.76844560638,3.14265457973868e-18
3022.76803821161,4.69513441379993e-18
3023.76763081684,6.36481048903377e-18
3024.76722342207,2.67543906912308e-18
3025.7668160273,3.61082060573325e-18
3026.76640863253,5.44133091419316e-18
3027.76600123775,2.12458762803662e-17
3028.76559384298,3.94035443362785e-17
3029.76518644821,1.51706054571208e-17
3030.76477905344,3.70137363730199e-19
3031.76437165867,1.43636536056542e-17
3032.7639642639,2.42889978007838e-17
3033.76355686913,9.06514014350686e-18
3034.76314947436,1.53908731331923e-17
3035.76274207958,3.79210161773001e-18
3036.76233468481,4.6878419055558e-18
3037.76192729004,1.85542827697186e-18
3038.76151989527,2.03232053518784e-19
3039.7611125005,5.58559592852512e-18
3040.76070510573,1.99095519127578e-17
3041.76029771096,5.07011026601623e-18
3042.75989031619,2.06573630067724e-18
3043.75948292141,8.90090391223197e-18
3044.75907552664,3.653726040075e-18
3045.75866813187,1.16890150274679e-17
3046.7582607371,2.52556976526976e-17
3047.75785334233,9.16854390805732e-18
3048.75744594756,7.4876523489364e-20
3049.75703855279,5.12787733198257e-19
3050.75663115802,3.19844030634583e-18
3051.75622376324,1.05849054671716e-17
3052.75581636847,5.62400632418873e-18
3053.7554089737,2.73704566377862e-18
3054.75500157893,1.05522298607233e-18
3055.75459418416,2.78108410226794e-18
3056.75418678939,1.66403921631819e-18
3057.75377939462,2.48240494470557e-18
3058.75337199984,4.59432767364903e-18
3059.75296460507,5.2692733878452e-19
3060.7525572103,6.68210628404592e-18
3061.75214981553,8.78281980595169e-18
3062.75174242076,1.57944361716231e-17
3063.75133502599,1.80993892931584e-17
3064.75092763122,1.15550288639036e-17
3065.75052023645,3.9369391340278e-17
3066.75011284167,4.00204842233752e-17
3067.7497054469,1.15896638758959e-17
3068.74929805213,9.22093244985234e-18
3069.74889065736,3.22259672095333e-18
3070.74848326259,5.09415026661452e-18
3071.74807586782,3.21541901603688e-18
3072.74766847305,2.57418247605654e-18
3073.74726107828,1.82270494701254e-17
3074.7468536835,2.57837058670683e-17
3075.74644628873,1.73767906626239e-17
3076.74603889396,5.41696124852219e-18
3077.74563149919,5.3585682450297e-18
3078.74522410442,4.66816758819748e-17
3079.74481670965,5.78614984094389e-17
3080.74440931488,1.99269244505484e-17
3081.7440019201,6.83957993014098e-18
3082.74359452533,3.04561706993658e-17
3083.74318713056,3.02864621941613e-17
3084.74277973579,2.72645198925764e-18
3085.74237234102,5.7231646273238e-18
3086.74196494625,5.52493096757919e-18
3087.74155755148,8.16775107212724e-19
3088.74115015671,3.70588876950004e-18
3089.74074276193,1.37082529404785e-17
3090.74033536716,2.53113390905433e-18
3091.73992797239,2.14647284882201e-18
3092.73952057762,6.92624009051548e-18
3093.73911318285,2.86017980807994e-18
3094.73870578808,3.82172075699175e-17
3095.73829839331,1.42799789627082e-17
3096.73789099854,5.80814956054412e-18
3097.73748360376,3.5939250550407e-17
3098.73707620899,5.27244854673079e-17
3099.73666881422,3.3134847181901e-17
3100.73626141945,3.21124268671525e-17
3101.73585402468,1.33588542132441e-17
3102.73544662991,1.6504048962848e-17
3103.73503923514,4.71319193105522e-18
3104.73463184036,9.88856140089772e-18
3105.73422444559,1.86008955389871e-18
3106.73381705082,1.37475888901276e-17
3107.73340965605,3.72507676415544e-18
3108.73300226128,3.08868514023234e-18
3109.73259486651,1.30436259967764e-18
3110.73218747174,1.32001547725535e-17
3111.73178007697,2.60093080132833e-17
3112.73137268219,7.09588340134678e-18
3113.73096528742,3.6603522841477e-18
3114.73055789265,5.04558381083675e-18
3115.73015049788,2.59103824836324e-17
3116.72974310311,3.19231820047249e-17
3117.72933570834,6.6819061251412e-18
3118.72892831357,6.92729003252837e-18
3119.7285209188,3.0982039066206e-18
3120.72811352402,3.84834939619376e-18
3121.72770612925,1.23477876733685e-17
3122.72729873448,3.33490931919207e-18
3123.72689133971,6.27667016674922e-18
3124.72648394494,2.72060403139268e-18
3125.72607655017,3.31140192780357e-18
3126.7256691554,5.44617157509041e-18
3127.72526176063,2.31765904588955e-17
3128.72485436585,3.79068857116376e-17
3129.72444697108,5.40460592762684e-18
3130.72403957631,5.49641544423937e-18
3131.72363218154,1.48484846404435e-19
3132.72322478677,2.3162280063192e-17
3133.722817392,2.34184538990255e-17
3134.72240999723,1.4274898643311e-18
3135.72200260245,1.04843102989253e-17
3136.72159520768,3.17005411835838e-17
3137.72118781291,7.09193002160941e-17
3138.72078041814,2.56123335477344e-17
3139.72037302337,4.76352194225079e-18
3140.7199656286,5.09340984626388e-18
3141.71955823383,1.12644540867662e-17
3142.71915083906,6.94773023048148e-18
3143.71874344428,1.28636327184034e-17
3144.71833604951,1.31133259461275e-17
3145.71792865474,9.80742718041112e-19
3146.71752125997,2.56353440706069e-19
3147.7171138652,2.07163561010294e-18
3148.71670647043,7.20756231641389e-18
3149.71629907566,2.18890770320334e-17
3150.71589168089,1.1945298757611e-17
3151.71548428611,2.23227356976787e-18
3152.71507689134,1.28766770731392e-17
3153.71466949657,3.32464991137381e-17
3154.7142621018,1.00667593262702e-17
3155.71385470703,9.45174762405629e-18
3156.71344731226,1.46846194767243e-17
3157.71303991749,2.67885221642635e-17
3158.71263252272,1.60051073137323e-17
3159.71222512794,1.44601760306341e-18
3160.71181773317,4.49467720546214e-18
3161.7114103384,1.78961897461316e-17
3162.71100294363,2.64658117605377e-17
3163.71059554886,1.0580497168531e-17
3164.71018815409,1.05520329887076e-17
3165.70978075932,1.99698308821491e-17
3166.70937336455,1.37610701877922e-18
3167.70896596977,1.8820024406572e-17
3168.708558575,8.91621707471795e-18
3169.70815118023,1.21323847713806e-17
3170.70774378546,3.32302534280042e-18
3171.70733639069,1.02272425505369e-17
3172.70692899592,1.81519012072415e-17
3173.70652160115,5.15828278279587e-18
3174.70611420637,1.14082448715025e-18
3175.7057068116,1.81248726729062e-17
3176.70529941683,2.30439897666582e-17
3177.70489202206,3.77040787286987e-18
3178.70448462729,5.05237948196317e-18
3179.70407723252,4.82005105624846e-18
3180.70366983775,1.05482671723137e-17
3181.70326244298,9.30493793190518e-18
3182.7028550482,7.1920298180247e-18
3183.70244765343,3.56843648463356e-18
3184.70204025866,7.37204898102355e-18
3185.70163286389,1.94184699903538e-17
3186.70122546912,7.43322135973173e-17
3187.70081807435,1.11838094710427e-16
3188.70041067958,5.30528222505053e-17
3189.70000328481,9.1606412327081e-18
3190.69959589003,8.59522381874516e-18
3191.69918849526,1.53169890954153e-17
3192.69878110049,5.91499180735863e-18
3193.69837370572,1.43008068615813e-17
3194.69796631095,2.83316835241625e-17
3195.69755891618,1.38233277245464e-17
3196.69715152141,1.48003770497485e-17
3197.69674412664,1.15136734865986e-17
3198.69633673186,1.02249704697869e-17
3199.69592933709,1.09820895816302e-17
3200.69552194232,2.54131076159703e-18
3201.69511454755,1.10396170854991e-17
3202.69470715278,1.56389465174165e-17
3203.69429975801,2.95685586733006e-18
3204.69389236324,1.23044435135571e-17
3205.69348496846,2.47088043000171e-17
3206.69307757369,4.03013008716104e-18
3207.69267017892,3.45711415811037e-19
3208.69226278415,7.65037184671978e-18
3209.69185538938,4.77247824109392e-18
3210.69144799461,1.7797083648262e-17
3211.69104059984,2.11104323973383e-17
3212.69063320507,6.0582757028504e-18
3213.69022581029,5.71910961058347e-18
3214.68981841552,4.10699698390672e-18
3215.68941102075,2.48012442211182e-19
3216.68900362598,1.3810709849589e-17
3217.68859623121,1.83884801923421e-17
3218.68818883644,4.40331822561007e-18
3219.68778144167,4.91151443060347e-18
3220.6873740469,3.24448052370072e-17
3221.68696665212,1.64979907271595e-17
3222.68655925735,9.97842284865495e-18
3223.68615186258,8.59506028264017e-18
3224.68574446781,2.74772753530141e-18
3225.68533707304,1.61520967757072e-18
3226.68492967827,4.19257650671781e-18
3227.6845222835,1.40255230726401e-17
3228.68411488872,5.79842927001684e-18
3229.68370749395,6.04947587133965e-18
3230.68330009918,3.25726099421195e-17
3231.68289270441,1.42431135899449e-17
3232.68248530964,1.14169458526405e-17
3233.68207791487,8.96995092265448e-18
3234.6816705201,5.74165789211425e-18
3235.68126312533,1.44512925529036e-18
3236.68085573055,3.07864853287243e-17
3237.68044833578,1.33155324159622e-17
3238.68004094101,4.67990579677395e-18
3239.67963354624,3.80268152374223e-17
3240.67922615147,7.2368397804657e-18
3241.6788187567,1.33679652193844e-17
3242.67841136193,1.26188876694823e-17
3243.67800396716,4.61602482899408e-18
3244.67759657238,1.12131777479651e-17
3245.67718917761,9.07003424153382e-18
3246.67678178284,1.81500072195758e-18
3247.67637438807,1.29148448581215e-18
3248.6759669933,3.43056879447796e-18
3249.67555959853,5.54351365172397e-19
3250.67515220376,1.12212948544305e-17
3251.67474480898,3.10349590051045e-18
3252.67433741421,4.04909516180812e-18
3253.67393001944,1.62906097198342e-19
3254.67352262467,5.43527958140186e-18
3255.6731152299,2.2418124360163e-17
3256.67270783513,9.04065148509419e-18
3257.67230044036,2.38517522215169e-18
3258.67189304559,1.32291278351097e-17
3259.67148565081,1.34108416634787e-17
3260.67107825604,1.59939413380555e-17
3261.67067086127,3.21635949652882e-18
3262.6702634665,2.69888090049796e-18
3263.66985607173,3.42907224096631e-17
3264.66944867696,3.82968600204259e-17
3265.66904128219,1.18918855819751e-17
3266.66863388742,2.83838928814623e-17
3267.66822649264,4.53939063766541e-18
3268.66781909787,6.5549536510623e-18
3269.6674117031,8.82890897668765e-18
3270.66700430833,6.20692476959692e-19
3271.66659691356,1.99155300400642e-17
3272.66618951879,3.19975000865182e-17
3273.66578212402,1.37414785981865e-17
3274.66537472925,4.33979766306081e-19
3275.66496733447,6.98116690745251e-18
3276.6645599397,7.99920899355771e-18
3277.66415254493,3.5442397140284e-17
3278.66374515016,1.02298608020672e-17
3279.66333775539,6.86695500656471e-18
3280.66293036062,1.29479032270162e-17
3281.66252296585,1.22078919469549e-17
3282.66211557108,1.58272692397473e-18
3283.6617081763,1.66205098016416e-17
3284.66130078153,1.13900591866823e-17
3285.66089338676,1.69498728747847e-17
3286.66048599199,2.93106689946858e-17
3287.66007859722,3.38460101522478e-17
3288.65967120245,3.46143671678454e-17
3289.65926380768,3.65104621092576e-17
3290.6588564129,2.6982651883618e-17
3291.65844901813,1.79902827687771e-17
3292.65804162336,1.61577413599343e-17
3293.65763422859,6.8205658746264e-19
3294.65722683382,1.83393655461258e-17
3295.65681943905,2.72011673745503e-17
3296.65641204428,2.41259212743335e-18
3297.65600464951,2.24576908515133e-17
3298.65559725473,3.16209277252664e-17
3299.65518985996,1.10924290927208e-17
3300.65478246519,5.40705491976894e-18
3301.65437507042,2.66786448327525e-17
3302.65396767565,1.33633955216861e-17
3303.65356028088,3.6639487623768e-20
3304.65315288611,1.0886519666345e-17
3305.65274549134,1.7010017516498e-17
3306.65233809656,1.47835002725709e-17
3307.65193070179,2.10344392976963e-17
3308.65152330702,4.36421630983173e-18
3309.65111591225,3.09782079997789e-18
3310.65070851748,6.56140368443659e-18
3311.65030112271,1.7205712230147e-17
3312.64989372794,8.06887416837654e-18
3313.64948633316,7.80664410389829e-18
3314.64907893839,8.33399741515553e-18
3315.64867154362,8.39810886406617e-18
3316.64826414885,2.60016838400601e-18
3317.64785675408,2.18889272665664e-17
3318.64744935931,2.09431945836188e-17
3319.64704196454,3.76342812222816e-18
3320.64663456977,1.88516177147469e-17
3321.64622717499,1.14855107929022e-17
3322.64581978022,9.88354211334536e-18
3323.64541238545,1.81966005149856e-17
3324.64500499068,6.55580494062136e-18
3325.64459759591,3.11798139545541e-18
3326.64419020114,1.40548384324535e-17
3327.64378280637,3.20205814157055e-17
3328.6433754116,7.26586218052926e-18
3329.64296801682,1.32024389054762e-17
3330.64256062205,2.76870794715959e-17
3331.64215322728,7.88490739961517e-18
3332.64174583251,1.86362190140504e-18
3333.64133843774,1.23806304568361e-18
3334.64093104297,4.21630976881978e-18
3335.6405236482,6.79088194544325e-18
3336.64011625342,6.43334205119276e-19
3337.63970885865,8.28183276570057e-19
3338.63930146388,6.64307489834735e-18
3339.63889406911,9.21778606698074e-18
3340.63848667434,1.1107422830796e-17
3341.63807927957,1.59780067611146e-17
3342.6376718848,9.40587087512272e-18
3343.63726449003,3.79171846499628e-18
3344.63685709525,5.35576522340422e-18
3345.63644970048,5.11952547320847e-18
3346.63604230571,2.24624392199572e-17
3347.63563491094,2.61158709743225e-17
3348.63522751617,1.57575093198405e-17
3349.6348201214,4.60624632870405e-18
3350.63441272663,6.40315400943158e-18
3351.63400533186,2.00102383037999e-18
3352.63359793708,1.35065003676107e-18
3353.63319054231,2.78852447560568e-18
3354.63278314754,8.37529756493901e-18
3355.63237575277,2.29939049682024e-17
3356.631968358,1.43581348111612e-17
3357.63156096323,5.79289592779573e-18
3358.63115356846,1.05280363687801e-17
3359.63074617369,2.75390870709534e-17
3360.63033877891,1.10488839942492e-17
3361.62993138414,1.64713379040304e-17
3362.62952398937,1.56807863201223e-17
3363.6291165946,5.53656682096566e-18
3364.62870919983,5.20565730522283e-18
3365.62830180506,8.52940726807797e-18
3366.62789441029,2.96668496634988e-17
3367.62748701551,3.7902621439748e-17
3368.62707962074,8.78310176409105e-18
3369.62667222597,4.43522002933562e-18
3370.6262648312,2.80051660409619e-17
3371.62585743643,8.91749594361449e-18
3372.62545004166,1.00756820842593e-18
3373.62504264689,5.97346040895223e-19
3374.62463525212,6.08763958912629e-18
3375.62422785734,1.71579918518965e-17
3376.62382046257,1.23171407222193e-17
3377.6234130678,1.58688709756867e-17
3378.62300567303,1.81480470983816e-17
3379.62259827826,3.88036011589194e-18
3380.62219088349,6.02683570224773e-18
3381.62178348872,1.53723071860274e-17
3382.62137609395,2.06984672499931e-18
3383.62096869917,2.99641735871203e-17
3384.6205613044,3.9416664379608e-17
3385.62015390963,1.83146146488092e-17
3386.61974651486,4.96493709976523e-18
3387.61933912009,3.67839575387165e-18
3388.61893172532,8.05568645361736e-18
3389.61852433055,1.03767583409455e-18
3390.61811693578,2.39788291739192e-18
3391.617709541,9.52529128771673e-18
3392.61730214623,1.44617820953746e-17
3393.61689475146,1.9064547588276e-18
3394.61648735669,7.02930671955379e-18
3395.61607996192,4.45058929467636e-18
3396.61567256715,9.66999508642891e-18
3397.61526517238,3.20563616457529e-17
3398.61485777761,9.50962980123896e-18
3399.61445038283,2.93821043028392e-17
3400.61404298806,4.58534586140645e-17
3401.61363559329,1.49972743980939e-17
3402.61322819852,1.44319372154591e-17
3403.61282080375,1.75738865995996e-17
3404.61241340898,1.5514778671425e-17
3405.61200601421,1.55268018504949e-17
3406.61159861943,4.64525269265084e-18
3407.61119122466,1.09092657811483e-18
3408.61078382989,1.47905283741822e-18
3409.61037643512,5.22568973986158e-18
3410.60996904035,4.93375014517863e-19
3411.60956164558,5.01098468134266e-18
3412.60915425081,1.2979289726089e-18
3413.60874685604,4.31099240036349e-18
3414.60833946126,1.69519378994475e-17
3415.60793206649,1.60106203980205e-17
3416.60752467172,5.40441370564881e-19
3417.60711727695,1.66711408847157e-20
3418.60670988218,4.92731384595536e-18
3419.60630248741,3.3100200157503e-18
3420.60589509264,5.53324426104803e-18
3421.60548769787,1.22212576443087e-17
3422.60508030309,3.91583806939092e-18
3423.60467290832,1.60691892515244e-17
3424.60426551355,1.6369584681969e-17
3425.60385811878,7.251198346667e-18
3426.60345072401,1.2474109877181e-18
3427.60304332924,2.83250846217722e-18
3428.60263593447,1.46501215396701e-17
3429.6022285397,1.82885898564923e-17
3430.60182114492,1.18629350242541e-17
3431.60141375015,4.44866253537739e-17
3432.60100635538,3.27301572492588e-17
3433.60059896061,1.42735057559671e-17
3434.60019156584,3.25865107306012e-17
3435.59978417107,5.30357508759763e-17
3436.5993767763,4.65599587555929e-17
3437.59896938152,1.35966337097655e-17
3438.59856198675,2.54116270160914e-18
3439.59815459198,5.38101748668837e-19
3440.59774719721,1.02609579763124e-17
3441.59733980244,6.81668391887783e-18
3442.59693240767,1.40482147501219e-18
3443.5965250129,2.25437142457535e-18
3444.59611761813,8.26911469651739e-18
3445.59571022335,1.87197285677639e-17
3446.59530282858,1.52660884915644e-17
3447.59489543381,1.60823685522184e-18
3448.59448803904,8.23712876517086e-20
3449.59408064427,3.03640671737244e-18
3450.5936732495,3.34818252221638e-19
3451.59326585473,9.50287549493554e-18
3452.59285845996,1.52637548652784e-17
3453.59245106518,1.74925371357332e-17
3454.59204367041,3.26419274740275e-17
3455.59163627564,3.62835980881039e-17
3456.59122888087,1.39944373817765e-17
3457.5908214861,8.2449326544895e-18
3458.59041409133,2.4876452439401e-17
3459.59000669656,9.43874110862212e-18
3460.58959930178,3.59044937506232e-18
3461.58919190701,4.26137865286801e-18
3462.58878451224,5.67957241410792e-18
3463.58837711747,6.01195767321631e-18
3464.5879697227,5.92092042139936e-18
3465.58756232793,1.85428280841185e-17
3466.58715493316,2.06178760196689e-17
3467.58674753839,1.9566408268685e-19
3468.58634014361,8.89774394060154e-18
3469.58593274884,4.15204200897888e-18
3470.58552535407,1.38969407898883e-18
3471.5851179593,5.19648717016013e-18
3472.58471056453,1.19178933566602e-18
3473.58430316976,1.11182878656038e-17
3474.58389577499,1.97952161483352e-18
3475.58348838022,2.01290380361632e-18
3476.58308098544,7.63920382483919e-18
3477.58267359067,1.79978255549149e-18
3478.5822661959,3.45000479496282e-18
3479.58185880113,5.09398286941139e-18
3480.58145140636,1.86676510081987e-17
3481.58104401159,2.39795802101821e-17
3482.58063661682,5.2370933821016e-18
3483.58022922205,5.96568929933027e-18
3484.57982182727,1.67973804567124e-17
3485.5794144325,8.91407574198174e-18
3486.57900703773,1.70252836502203e-18
3487.57859964296,6.18974618968759e-18
3488.57819224819,1.27616560582905e-17
3489.57778485342,8.22903214177774e-18
3490.57737745865,1.04392593691551e-18
3491.57697006387,9.20040505030395e-18
3492.5765626691,5.47790787531918e-19
3493.57615527433,9.89256347119259e-18
3494.57574787956,3.79812661019818e-17
3495.57534048479,2.09516317431229e-17
3496.57493309002,6.20469857498077e-18
3497.57452569525,1.24184901670606e-17
3498.57411830048,2.90119100459803e-17
3499.5737109057,3.64430552507048e-17
3500.57330351093,1.64787376908766e-17
3501.57289611616,1.17476640499001e-17
3502.57248872139,3.00015943216628e-18
3503.57208132662,2.14887857497718e-18
3504.57167393185,7.35173944732774e-18
3505.57126653708,7.66891376149806e-18
3506.57085914231,1.75628135908843e-17
3507.57045174753,7.14337670531e-19
3508.57004435276,3.17823556690912e-17
3509.56963695799,7.71107393176328e-18
3510.56922956322,2.42636537198909e-18
3511.56882216845,3.3985424640299e-19
3512.56841477368,1.66343739351549e-18
3513.56800737891,1.36656676828364e-18
3514.56759998414,1.9016155660006e-18
3515.56719258936,2.25500983558268e-18
3516.56678519459,7.4365660886674e-18
3517.56637779982,2.06211848947187e-17
3518.56597040505,9.50129976306891e-18
3519.56556301028,1.33969315383762e-18
3520.56515561551,5.73119025198396e-18
3521.56474822074,2.98352992946596e-17
3522.56434082596,3.4192351834527e-17
3523.56393343119,2.50138666051519e-17
3524.56352603642,1.33163275755378e-17
3525.56311864165,9.88500354352027e-18
3526.56271124688,4.8898917320063e-18
3527.56230385211,3.43415087420704e-18
3528.56189645734,7.88290489896698e-18
3529.56148906257,2.65896672988899e-18
3530.56108166779,1.52561628721808e-17
3531.56067427302,8.85125431390035e-18
3532.56026687825,3.11324742705457e-18
3533.55985948348,2.49515867632691e-18
3534.55945208871,3.92205212297392e-19
3535.55904469394,1.17741178203119e-19
3536.55863729917,1.18742138318862e-18
3537.5582299044,7.16696040129302e-18
3538.55782250962,1.63290848521577e-17
3539.55741511485,3.41478367707148e-18
3540.55700772008,9.29943187303855e-18
3541.55660032531,1.41954345591093e-17
3542.55619293054,1.69386542857629e-17
3543.55578553577,3.07188615164272e-17
3544.555378141,7.3258650840893e-18
3545.55497074623,3.59267693927286e-18
3546.55456335145,1.26681155013868e-17
3547.55415595668,1.13667098934745e-17
3548.55374856191,3.73479246477582e-19
3549.55334116714,1.2814996868097e-17
3550.55293377237,1.17260575878317e-17
3551.5525263776,1.33443719768977e-17
3552.55211898283,2.08367752903277e-17
3553.55171158805,3.68217678172449e-17
3554.55130419328,1.63026195525029e-17
3555.55089679851,4.92501103854701e-18
3556.55048940374,3.12957271264471e-18
3557.55008200897,2.88234484951808e-18
3558.5496746142,1.01103986239972e-17
3559.54926721943,8.39210713069681e-18
3560.54885982466,7.63068084745535e-19
3561.54845242988,2.32116866652178e-18
3562.54804503511,1.31976061544374e-17
3563.54763764034,9.41006692664135e-18
3564.54723024557,6.90427167221916e-19
3565.5468228508,3.91374050611511e-18
3566.54641545603,9.24263926842e-19
3567.54600806126,2.74421296594054e-18
3568.54560066648,1.14654200730124e-17
3569.54519327171,3.42943409141839e-17
3570.54478587694,7.72845597865463e-18
3571.54437848217,5.14956129672011e-19
3572.5439710874,4.42600942746268e-18
3573.54356369263,5.20212136638707e-18
3574.54315629786,6.11103995882945e-18
3575.54274890309,2.80306983154419e-18
3576.54234150832,5.12983020413574e-19
3577.54193411354,2.88738911501946e-18
3578.54152671877,1.1045971329363e-17
3579.541119324,2.25656704848409e-17
3580.54071192923,2.01846885827091e-17
3581.54030453446,2.52894934686074e-17
3582.53989713969,1.87015226220058e-17
3583.53948974492,1.75076251488264e-17
3584.53908235014,2.18122693902045e-17
3585.53867495537,7.96834562861745e-18
3586.5382675606,1.0609861416391e-17
3587.53786016583,2.69537849240178e-18
3588.53745277106,1.53690020701937e-18
3589.53704537629,1.85283908659327e-18
3590.53663798152,7.78673802557839e-18
3591.53623058675,1.19412352118716e-17
3592.53582319197,1.65484167043713e-17
3593.5354157972,6.13915288187393e-18
3594.53500840243,1.28576500619555e-17
3595.53460100766,1.2196364380112e-17
3596.53419361289,1.55404393914347e-17
3597.53378621812,1.69285481957135e-17
3598.53337882335,5.96617314544245e-18
3599.53297142857,9.85339350253317e-19
3600.5325640338,5.93505043441549e-18
3601.53215663903,2.0048415116038e-18
3602.53174924426,4.79283038356972e-18
3603.53134184949,2.04510883612332e-17
3604.53093445472,1.84702466434494e-17
3605.53052705995,4.3450551239554e-18
3606.53011966518,1.86240053298725e-18
3607.52971227041,5.77966820974681e-18
3608.52930487563,2.07811275407527e-18
3609.52889748086,8.41108650410924e-18
3610.52849008609,1.85054075580277e-17
3611.52808269132,1.42373450490265e-17
3612.52767529655,6.2520967673386e-18
3613.52726790178,4.98007670253064e-20
3614.52686050701,1.72644952737564e-17
3615.52645311223,2.78271214881564e-17
3616.52604571746,1.11711050668664e-17
3617.52563832269,2.39108750281695e-18
3618.52523092792,7.47919093355575e-18
3619.52482353315,9.8815938328188e-18
3620.52441613838,2.5505050076664e-18
3621.52400874361,1.96157634591917e-18
3622.52360134884,1.98994232838695e-18
3623.52319395406,1.56582785431498e-18
3624.52278655929,2.2201734209382e-17
3625.52237916452,2.42153299422079e-17
3626.52197176975,1.90494081560554e-18
3627.52156437498,2.252513297728e-17
3628.52115698021,1.33766034310068e-17
3629.52074958544,2.66361771427437e-18
3630.52034219067,3.89213726984446e-18
3631.51993479589,1.67093104034515e-19
3632.51952740112,1.9973072852484e-18
3633.51912000635,5.32811387959112e-18
3634.51871261158,3.23390565017247e-17
3635.51830521681,3.92575103543164e-17
3636.51789782204,2.19116714576868e-17
3637.51749042727,3.57665938374809e-17
3638.51708303249,5.65922849989607e-18
3639.51667563772,4.45881297456478e-18
3640.51626824295,4.9942195052949e-18
3641.51586084818,9.73452137102871e-18
3642.51545345341,7.82540119318454e-18
3643.51504605864,3.16417870695207e-18
3644.51463866387,2.97017091315121e-19
3645.5142312691,1.83444002398694e-17
3646.51382387432,2.75077101540676e-17
3647.51341647955,1.40052761415714e-17
3648.51300908478,1.59227988590455e-17
3649.51260169001,1.98392326005989e-17
3650.51219429524,2.02867199977944e-17
3651.51178690047,4.71357923401097e-18
3652.5113795057,1.14500515644461e-18
3653.51097211093,4.68179634891868e-18
3654.51056471615,6.62751258580439e-18
3655.51015732138,1.2376593782014e-17
3656.50974992661,1.74773789699887e-17
3657.50934253184,3.18693627592992e-18
3658.50893513707,5.31113610120908e-18
3659.5085277423,2.56293210111161e-17
3660.50812034753,3.9025112286217e-17
3661.50771295276,1.39651751189871e-17
3662.50730555798,7.15236934199061e-18
3663.50689816321,1.07909961693194e-17
3664.50649076844,1.697714278204e-17
3665.50608337367,8.72655771969179e-18
3666.5056759789,1.19361173410795e-17
3667.50526858413,1.21100386183773e-17
3668.50486118936,5.63903300411207e-18
3669.50445379458,4.16444798855384e-18
3670.50404639981,2.27401359759585e-17
3671.50363900504,3.12807802718238e-17
3672.50323161027,7.96553174288469e-18
3673.5028242155,8.8253097024724e-18
3674.50241682073,8.09853312437707e-18
3675.50200942596,1.75252948981927e-18
3676.50160203119,2.91255607229553e-18
3677.50119463641,1.33692446868323e-17
3678.50078724164,1.88298843102444e-17
3679.50037984687,9.39385862928608e-18
3680.4999724521,8.22488846581295e-18
3681.49956505733,1.0168080466754e-17
3682.49915766256,1.45753212942264e-19
3683.49875026779,2.08397367309138e-17
3684.49834287302,3.88943932810944e-17
3685.49793547824,3.10766930783718e-17
3686.49752808347,1.43902186182582e-17
3687.4971206887,3.54451587302109e-18
3688.49671329393,3.62115144000551e-18
3689.49630589916,8.0972579222854e-18
3690.49589850439,2.84462767457068e-17
3691.49549110962,8.41857028171216e-18
3692.49508371484,6.9326225585286e-18
3693.49467632007,1.29217141246741e-17
3694.4942689253,1.91665988321766e-18
3695.49386153053,7.54573352752882e-19
3696.49345413576,4.52111861104042e-19
3697.49304674099,1.96514948532968e-18
3698.49263934622,5.68982012952104e-18
3699.49223195145,1.11448661312584e-17
3700.49182455667,1.22857554760253e-17
3701.4914171619,6.83243799396914e-19
3702.49100976713,9.97203577599551e-19
3703.49060237236,5.60304563782754e-18
3704.49019497759,1.07894480750077e-17
3705.48978758282,1.03464646665756e-17
3706.48938018805,8.1652069556078e-18
3707.48897279328,3.65690930655302e-17
3708.4885653985,1.88694610138508e-17
3709.48815800373,7.92567191850619e-18
3710.48775060896,1.2907024779294e-17
3711.48734321419,1.67224809464218e-17
3712.48693581942,4.87466029415043e-18
3713.48652842465,5.03125886931984e-18
3714.48612102988,4.853224842803e-18
3715.48571363511,1.93784808877007e-18
3716.48530624033,2.16242348116032e-17
3717.48489884556,1.43950744851835e-17
3718.48449145079,5.53269018457386e-18
3719.48408405602,6.62903403072113e-18
3720.48367666125,3.15841177788433e-18
3721.48326926648,1.64515639073446e-17
3722.48286187171,7.37460906309544e-19
3723.48245447693,2.43394830415662e-17
3724.48204708216,3.97767752439239e-17
3725.48163968739,2.16392815785979e-17
3726.48123229262,1.8606736434667e-17
3727.48082489785,1.19015189580215e-17
3728.48041750308,2.60793524923018e-18
3729.48001010831,1.47604085602324e-18
3730.47960271354,1.38247817605525e-17
3731.47919531876,4.30860800840176e-18
3732.47878792399,1.01972014681465e-17
3733.47838052922,2.045398885911e-17
3734.47797313445,1.54114256798019e-17
3735.47756573968,5.82873427725483e-18
3736.47715834491,6.41699911352515e-19
3737.47675095014,8.86643084883539e-19
3738.47634355537,1.38965241458879e-18
3739.47593616059,4.38266197795658e-18
3740.47552876582,1.86875488249694e-17
3741.47512137105,2.1008591131167e-17
3742.47471397628,2.35737603294686e-17
3743.47430658151,6.0461277757609e-17
3744.47389918674,2.50594570667863e-17
3745.47349179197,1.31455353197007e-17
3746.4730843972,6.56095846407236e-19
3747.47267700242,2.25717697451924e-17
3748.47226960765,8.04796038872907e-18
3749.47186221288,8.22797349244021e-19
3750.47145481811,7.30840521252522e-18
3751.47104742334,2.27192656158868e-17
3752.47064002857,5.44201386667255e-19
3753.4702326338,7.15227421771375e-18
3754.46982523902,4.38232873538214e-18
3755.46941784425,1.67644832259516e-17
3756.46901044948,2.55657140525463e-17
3757.46860305471,1.96028727666739e-17
3758.46819565994,1.55488270005597e-19
3759.46778826517,4.97232519367999e-18
3760.4673808704,7.22262316167162e-18
3761.46697347563,3.711379838223e-17
3762.46656608085,1.87217081765385e-17
3763.46615868608,3.13522501690783e-18
3764.46575129131,1.48083610177205e-17
3765.46534389654,1.68852643573582e-17
3766.46493650177,1.12669444288018e-17
3767.464529107,4.27553522396215e-20
3768.46412171223,8.93508275918423e-18
3769.46371431746,1.99794339944928e-17
3770.46330692268,2.73511050446654e-17
3771.46289952791,1.38088270941737e-17
3772.46249213314,2.440022726444e-17
3773.46208473837,1.62400914018336e-17
3774.4616773436,5.72644841871176e-19
3775.46126994883,2.44090816056219e-17
3776.46086255406,2.61485070732415e-17
3777.46045515929,4.55874394132432e-18
3778.46004776451,1.79063820648217e-17
3779.45964036974,2.50470169115082e-17
3780.45923297497,1.42523724428548e-17
3781.4588255802,6.16738256131553e-19
3782.45841818543,1.78292966839964e-18
3783.45801079066,5.82793671530228e-18
3784.45760339589,1.97362446994754e-18
3785.45719600111,1.44151435493978e-17
3786.45678860634,4.94240361559158e-18
3787.45638121157,4.80539655812989e-20
3788.4559738168,1.8170005654844e-17
3789.45556642203,3.60231149518336e-17
3790.45515902726,9.35409953075303e-18
3791.45475163249,3.15058853372667e-18
3792.45434423772,2.68039019618764e-18
3793.45393684294,4.14659527032762e-18
3794.45352944817,1.3997151602848e-18
3795.4531220534,3.7577317774518e-19
3796.45271465863,1.10461633486507e-17
3797.45230726386,4.98210122363182e-17
3798.45189986909,2.29264783642e-17
3799.45149247432,1.17590804511308e-18
3800.45108507955,2.9511844103774e-18
3801.45067768477,7.78342390351438e-19
3802.45027029,2.35209043975276e-18
3803.44986289523,1.34184276616409e-17
3804.44945550046,2.25131338844931e-18
3805.44904810569,9.64189322078799e-20
3806.44864071092,5.2450392880555e-19
3807.44823331615,6.69589555973338e-18
3808.44782592138,1.05518194842732e-17
3809.4474185266,1.616852590627e-17
3810.44701113183,2.21504684902773e-17
3811.44660373706,1.67020267909113e-17
3812.44619634229,2.85550684577964e-18
3813.44578894752,1.45862683268998e-18
3814.44538155275,4.80419991953751e-19
3815.44497415798,1.70530911004339e-18
3816.4445667632,1.73771914639401e-17
3817.44415936843,1.13037959412721e-17
3818.44375197366,2.41492846933522e-18
3819.44334457889,2.31264373481095e-17
3820.44293718412,1.65313782820346e-17
3821.44252978935,8.07205017674768e-19
3822.44212239458,2.42932796976663e-18
3823.44171499981,2.5653860105329e-18
3824.44130760503,1.18755774480599e-18
3825.44090021026,9.09734900740696e-19
3826.44049281549,6.55197937046184e-18
3827.44008542072,1.3520994950753e-17
3828.43967802595,9.27106725964851e-18
3829.43927063118,6.66927189028129e-18
3830.43886323641,1.31950991388479e-17
3831.43845584164,2.65971600814986e-17
3832.43804844686,1.00132243624935e-17
3833.43764105209,3.66426414364034e-19
3834.43723365732,9.88190062389838e-18
3835.43682626255,1.48965465577416e-18
3836.43641886778,7.25949931862659e-18
3837.43601147301,6.10893407871167e-18
3838.43560407824,8.61706726683661e-19
3839.43519668347,1.35979169043873e-17
3840.43478928869,5.88035047969394e-18
3841.43438189392,1.9186040239911e-17
3842.43397449915,2.46757776925513e-17
3843.43356710438,3.79366734807667e-17
3844.43315970961,2.90948253657057e-17
3845.43275231484,1.1064611475117e-17
3846.43234492007,1.51307295077632e-17
3847.43193752529,8.31031759891662e-18
3848.43153013052,6.37913082044233e-18
3849.43112273575,9.53737720837184e-18
3850.43071534098,1.07127996875652e-18
3851.43030794621,1.32790628627252e-17
3852.42990055144,3.3663460048569e-18
3853.42949315667,7.70784133357767e-18
3854.4290857619,1.88751508898657e-18
3855.42867836712,1.65544248743105e-17
3856.42827097235,1.82503143691442e-17
3857.42786357758,6.37298333008573e-18
3858.42745618281,1.04863875936693e-17
3859.42704878804,1.2116499323266e-17
3860.42664139327,9.46205479757626e-18
3861.4262339985,7.88730688509841e-18
3862.42582660373,1.77596293378787e-17
3863.42541920895,8.24100039868166e-18
3864.42501181418,8.60516941981612e-19
3865.42460441941,5.61122958876787e-18
3866.42419702464,1.34950152524851e-17
3867.42378962987,3.52425078569924e-18
3868.4233822351,7.83754356799387e-18
3869.42297484033,8.29686606405905e-18
3870.42256744555,2.95198323976191e-18
3871.42216005078,3.76911960340941e-18
3872.42175265601,6.40482783053732e-18
3873.42134526124,5.63525417799796e-18
3874.42093786647,2.51779865093377e-19
3875.4205304717,6.62857396455636e-18
3876.42012307693,7.14246418091413e-18
3877.41971568216,3.09506308757086e-19
3878.41930828738,2.94852147009096e-18
3879.41890089261,2.20426709730851e-18
3880.41849349784,4.34903847514922e-21
3881.41808610307,7.86518690115194e-18
3882.4176787083,1.4056177708886e-17
3883.41727131353,2.46670960075803e-17
3884.41686391876,2.58099031337e-17
3885.41645652399,3.91573997684682e-18
3886.41604912921,2.80614154732019e-18
3887.41564173444,2.41600293132329e-18
3888.41523433967,1.09245772432496e-18
3889.4148269449,2.85681005700297e-17
3890.41441955013,1.70249108098676e-17
3891.41401215536,2.94284355033691e-18
3892.41360476059,1.07828255077025e-18
3893.41319736582,1.16268375050201e-17
3894.41278997104,1.1284115968318e-17
3895.41238257627,3.83067432079949e-17
3896.4119751815,2.40536179503368e-17
3897.41156778673,9.84648495670809e-18
3898.41116039196,2.27178867406463e-17
3899.41075299719,4.07302557578765e-18
3900.41034560242,1.26349573860929e-18
3901.40993820764,2.2072883992903e-18
3902.40953081287,1.28097526248796e-18
3903.4091234181,1.74602976643011e-18
3904.40871602333,3.9237634874606e-18
3905.40830862856,3.28145612910088e-19
3906.40790123379,1.17557580252384e-17
3907.40749383902,8.29129751791656e-17
3908.40708644425,4.18765013180748e-17
3909.40667904947,1.46678200557755e-17
3910.4062716547,1.75753814003792e-17
3911.40586425993,1.83607843346914e-17
3912.40545686516,3.22260812468152e-17
3913.40504947039,1.08800838071762e-17
3914.40464207562,2.44930794181983e-18
3915.40423468085,5.54882891651133e-18
3916.40382728608,1.16486312819805e-18
3917.4034198913,5.3267526133002e-18
3918.40301249653,3.18983268920683e-19
3919.40260510176,8.39760544580337e-19
3920.40219770699,1.57110530482732e-18
3921.40179031222,1.03549949238614e-17
3922.40138291745,5.37766170024532e-18
3923.40097552268,7.56499928786328e-18
3924.4005681279,1.88446536807839e-18
3925.40016073313,1.95076580136862e-18
3926.39975333836,1.28895718922661e-17
3927.39934594359,1.59495843642893e-17
3928.39893854882,2.45200268209247e-18
3929.39853115405,9.8417691050545e-18
3930.39812375928,1.21915676623044e-17
3931.39771636451,1.39811758782549e-17
3932.39730896974,1.75737420227682e-17
3933.39690157496,1.01211959095994e-17
3934.39649418019,3.09172298719476e-18
3935.39608678542,5.17178491339636e-18
3936.39567939065,8.30232450903262e-18
3937.39527199588,3.28579391248155e-17
3938.39486460111,1.31280550065354e-17
3939.39445720634,1.77935174861098e-18
3940.39404981156,7.37175224107861e-19
3941.39364241679,6.05885695011655e-18
3942.39323502202,1.58671325800827e-17
3943.39282762725,1.45437161969169e-17
3944.39242023248,1.08415837580553e-17
3945.39201283771,5.01593561463942e-18
3946.39160544294,9.30757173141487e-19
3947.39119804817,2.54290541762679e-19
3948.39079065339,4.80728500663e-18
3949.39038325862,9.35168654970856e-18
3950.38997586385,5.97996942560076e-18
3951.38956846908,1.66250394256303e-17
3952.38916107431,3.60871824514537e-17
3953.38875367954,3.85591251506911e-17
3954.38834628477,3.62523924324057e-17
3955.38793888999,1.69137918349685e-17
3956.38753149522,8.21287027962304e-18
3957.38712410045,1.36619834629969e-17
3958.38671670568,6.79777087926943e-18
3959.38630931091,1.23249786655649e-17
3960.38590191614,1.35438827587236e-17
3961.38549452137,4.07410296230309e-18
3962.3850871266,8.84582254626039e-18
3963.38467973182,9.14922812729898e-18
3964.38427233705,5.54753597557508e-19
3965.38386494228,6.17250537455171e-18
3966.38345754751,9.57149385665197e-18
3967.38305015274,2.86884555248004e-18
3968.38264275797,2.31321855811553e-18
3969.3822353632,1.05755429465157e-17
3970.38182796843,1.95257345837994e-17
3971.38142057365,1.19762908229217e-17
3972.38101317888,2.58672775507977e-17
3973.38060578411,2.46213613617275e-17
3974.38019838934,1.52803601902988e-18
3975.37979099457,1.44130778679978e-18
3976.3793835998,2.40701951963741e-19
3977.37897620503,1.21586586997578e-17
3978.37856881026,3.77006758385489e-18
3979.37816141548,5.1188912543013e-18
3980.37775402071,6.05862938703817e-18
3981.37734662594,1.63932398572127e-18
3982.37693923117,2.9260319348526e-19
3983.3765318364,5.37633374749595e-18
3984.37612444163,8.9979316307887e-18
3985.37571704686,1.28210620762359e-17
3986.37530965208,1.59033398273273e-17
3987.37490225731,1.99086763325913e-17
3988.37449486254,8.88361392113365e-18
3989.37408746777,6.83697775749086e-18
3990.373680073,1.08523195364155e-17
3991.37327267823,1.19822853006741e-17
3992.37286528346,1.5604355351466e-17
3993.37245788869,2.42007341991984e-17
3994.37205049391,6.26728793829558e-19
3995.37164309914,5.17361516322882e-18
3996.37123570437,2.57960184668372e-17
3997.3708283096,5.35549212311956e-18
3998.37042091483,1.76786285005465e-17
3999.37001352006,4.94639792825477e-18
4000.36960612529,1.40262044823615e-17
4001.36919873052,9.8400567391332e-19
4002.36879133574,7.94052648674683e-18
4003.36838394097,4.06913298547802e-18
4004.3679765462,1.34873402574732e-18
4005.36756915143,6.54085023089752e-18
4006.36716175666,1.31175763054675e-18
4007.36675436189,1.41518993558942e-17
4008.36634696712,6.19844463150076e-18
4009.36593957235,3.03740688215108e-18
4010.36553217757,1.09858133255277e-18
4011.3651247828,6.55086016344915e-18
4012.36471738803,1.96200926384166e-17
4013.36430999326,3.41151687257402e-18
4014.36390259849,2.56081106397527e-18
4015.36349520372,3.37595128395235e-18
4016.36308780895,1.34494375553037e-18
4017.36268041417,7.81060185547057e-20
4018.3622730194,8.66426565877424e-18
4019.36186562463,9.40173387689937e-18
4020.36145822986,3.58177491777962e-18
4021.36105083509,1.79115685398954e-17
4022.36064344032,1.12413655541933e-17
4023.36023604555,1.67866242334706e-18
4024.35982865078,1.03730028330456e-18
4025.359421256,1.04291204650022e-17
4026.35901386123,1.24888360360347e-17
4027.35860646646,3.08315465816533e-18
4028.35819907169,5.53237805225963e-19
4029.35779167692,1.24881748027639e-17
4030.35738428215,7.63660004456038e-18
4031.35697688738,3.36216383178305e-18
4032.35656949261,8.37279406862179e-18
4033.35616209783,7.58116452293013e-18
4034.35575470306,1.42191932549878e-19
4035.35534730829,5.50501160347731e-18
4036.35493991352,3.58846994750872e-18
4037.35453251875,2.41367260892814e-19
4038.35412512398,5.66695821184145e-18
4039.35371772921,1.34162286980912e-17
4040.35331033444,5.63140494879004e-18
4041.35290293966,1.20051853710191e-17
4042.35249554489,2.7427375029057e-17
4043.35208815012,7.93177134224684e-18
4044.35168075535,4.30343670176756e-18
4045.35127336058,2.94506411900658e-18
4046.35086596581,1.24171016841637e-17
4047.35045857104,2.69786272153524e-17
4048.35005117626,2.39516630972578e-17
4049.34964378149,7.80235372425704e-18
4050.34923638672,1.03065764381285e-17
4051.34882899195,7.60589705746856e-19
4052.34842159718,1.33246392118068e-17
4053.34801420241,1.17253917131014e-17
4054.34760680764,1.63706037151424e-17
4055.34719941287,3.85150265476005e-18
4056.34679201809,2.0519302692687e-18
4057.34638462332,7.07564263778928e-18
4058.34597722855,9.31417205839257e-18
4059.34556983378,1.79587517556509e-18
4060.34516243901,9.19577699676366e-18
4061.34475504424,5.9955624275603e-18
4062.34434764947,1.30065057206136e-17
4063.3439402547,3.61527571831749e-18
4064.34353285992,1.60178796087512e-18
4065.34312546515,1.34590415417133e-17
4066.34271807038,1.58195763524364e-17
4067.34231067561,1.02869609786675e-17
4068.34190328084,2.95206299529512e-18
4069.34149588607,1.3584943554998e-17
4070.3410884913,2.34408505368347e-17
4071.34068109653,5.8563320016493e-18
4072.34027370175,9.43286587324544e-18
4073.33986630698,1.58493330489283e-17
4074.33945891221,5.31272075334821e-18
4075.33905151744,1.18763981309624e-17
4076.33864412267,4.12975987403249e-17
4077.3382367279,3.52587244945561e-17
4078.33782933313,1.40760383953174e-17
4079.33742193835,7.94944401953239e-18
4080.33701454358,8.32398524524012e-18
4081.33660714881,1.68135866879463e-17
4082.33619975404,6.88588732295717e-18
4083.33579235927,2.96236003257788e-18
4084.3353849645,1.51809866206797e-17
4085.33497756973,1.53338354086073e-17
4086.33457017496,4.48624497796701e-18
4087.33416278018,6.29400672193323e-18
4088.33375538541,3.13509421052207e-17
4089.33334799064,1.94548615483248e-17
4090.33294059587,2.08756525666346e-18
4091.3325332011,7.82930994798904e-18
4092.33212580633,5.52828066568129e-18
4093.33171841156,1.32438066895019e-17
4094.33131101679,1.59648704352861e-17
4095.33090362201,9.6391279823194e-19
4096.33049622724,3.86221570039141e-18
4097.33008883247,4.03228546558992e-18
4098.3296814377,5.9978551942952e-18
4099.32927404293,2.18270083496865e-17
4100.32886664816,1.62213347832789e-17
4101.32845925339,2.9293153953487e-18
4102.32805185862,9.03249698759484e-18
4103.32764446384,8.95163506365661e-18
4104.32723706907,2.56182154516739e-17
4105.3268296743,6.88874980109876e-18
4106.32642227953,2.13608866444149e-18
4107.32601488476,4.23214335575415e-18
4108.32560748999,1.30238530638894e-17
4109.32520009522,2.79596322817163e-17
4110.32479270044,2.98029356545685e-17
4111.32438530567,1.11248211471796e-17
4112.3239779109,9.19879566997768e-19
4113.32357051613,1.34032858790207e-18
4114.32316312136,5.19120761371936e-18
4115.32275572659,8.21012284570877e-18
4116.32234833182,1.42624408450194e-17
4117.32194093705,4.4091071804789e-18
4118.32153354227,1.55476280635131e-18
4119.3211261475,1.98035403749224e-17
4120.32071875273,3.89914840610392e-17
4121.32031135796,1.01341083855663e-17
4122.31990396319,3.77091663618274e-18
4123.31949656842,2.06595862283231e-18
4124.31908917365,2.78353480128507e-18
4125.31868177888,7.24408324627627e-19
4126.3182743841,1.23257230314995e-18
4127.31786698933,2.76482998241933e-18
4128.31745959456,4.91773092263062e-19
4129.31705219979,5.27965382439223e-19
4130.31664480502,7.97970428776215e-19
4131.31623741025,2.90859544565158e-18
4132.31583001548,2.26977749356888e-17
4133.3154226207,3.07747835500605e-17
4134.31501522593,5.06685395227488e-18
4135.31460783116,3.19348740210037e-18
4136.31420043639,5.28258341617168e-18
4137.31379304162,1.45547134428976e-17
4138.31338564685,1.11115682011388e-18
4139.31297825208,8.38940166233316e-18
4140.31257085731,8.48798740594518e-19
4141.31216346253,6.00398152375721e-18
4142.31175606776,1.19143238115993e-17
4143.31134867299,1.90927263960055e-17
4144.31094127822,3.1820583471341e-17
4145.31053388345,1.169456066988e-17
4146.31012648868,1.64413853772985e-17
4147.30971909391,1.7204516886864e-17
4148.30931169913,3.90521963922933e-18
4149.30890430436,1.09956262594433e-17
4150.30849690959,4.77950779382778e-18
4151.30808951482,3.30828740202504e-18
4152.30768212005,4.98866964291502e-18
4153.30727472528,5.69934948160426e-18
4154.30686733051,7.40344626176886e-18
4155.30645993574,6.37906296915604e-18
4156.30605254097,4.82124728391642e-18
4157.30564514619,3.23423705500297e-18
4158.30523775142,2.15739774982081e-17
4159.30483035665,1.98091466420819e-17
4160.30442296188,2.71964096988634e-18
4161.30401556711,1.0562974148885e-18
4162.30360817234,5.8518977457753e-18
4163.30320077757,3.71872722441314e-17
4164.3027933828,1.57801058277173e-17
4165.30238598802,5.72008275028359e-18
4166.30197859325,4.73978950803114e-18
4167.30157119848,9.52418948472623e-19
4168.30116380371,3.02120387911891e-18
4169.30075640894,1.36139081784878e-17
4170.30034901417,6.91653091152025e-18
4171.2999416194,6.3896952939632e-19
4172.29953422462,4.96729613407622e-18
4173.29912682985,6.63235629731717e-18
4174.29871943508,1.87327835937995e-17
4175.29831204031,4.98125913872797e-18
4176.29790464554,1.36025922342485e-17
4177.29749725077,1.64873666543813e-17
4178.297089856,4.05210218497297e-18
4179.29668246123,3.31008031429909e-18
4180.29627506645,3.81989416344805e-18
4181.29586767168,3.81452217609292e-18
4182.29546027691,5.97525933232507e-19
4183.29505288214,2.37781837661639e-17
4184.29464548737,2.86641194544286e-17
4185.2942380926,3.2955378499011e-18
4186.29383069783,8.0501954107281e-18
4187.29342330306,2.34066450015874e-17
4188.29301590828,1.52876904963741e-18
4189.29260851351,2.32293773615252e-17
4190.29220111874,2.10745007061319e-17
4191.29179372397,3.64853181671048e-17
4192.2913863292,2.7312513908165e-17
4193.29097893443,1.1313970342724e-18
4194.29057153966,3.11040717466883e-17
4195.29016414489,1.94070050287428e-17
4196.28975675011,4.82355592884187e-18
4197.28934935534,1.70374756688909e-18
4198.28894196057,6.60637654352345e-18
4199.2885345658,2.07296647508572e-17
4200.28812717103,2.43289738451371e-17
4201.28771977626,1.85520816661672e-17
4202.28731238149,1.3138011383041e-18
4203.28690498671,5.71665341903924e-18
4204.28649759194,5.7505454067151e-19
4205.28609019717,7.65710605961218e-18
4206.2856828024,2.49994419752038e-18
4207.28527540763,7.08103430209211e-19
4208.28486801286,7.45884864987785e-18
4209.28446061809,6.1255196398513e-18
4210.28405322332,8.96145506274026e-18
4211.28364582854,2.74026553940852e-17
4212.28323843377,1.67141729575676e-17
4213.282831039,8.03664883539775e-18
4214.28242364423,6.22267824893257e-18
4215.28201624946,1.51935682432831e-17
4216.28160885469,2.91785245989043e-18
4217.28120145992,5.41431593641522e-18
4218.28079406514,3.00056320084798e-17
4219.28038667037,8.60650778848455e-18
4220.2799792756,1.94713037198304e-19
4221.27957188083,2.07973159015249e-18
4222.27916448606,3.1405489146016e-18
4223.27875709129,7.47832478170405e-18
4224.27834969652,7.81535893184019e-19
4225.27794230175,4.43369593230783e-19
4226.27753490698,2.74656888201644e-19
4227.2771275122,5.7197553189422e-18
4228.27672011743,9.09516141240012e-18
4229.27631272266,4.81413005471361e-18
4230.27590532789,4.30876734037633e-19
4231.27549793312,4.96567180467203e-18
4232.27509053835,1.21024939904375e-17
4233.27468314358,3.07908980180943e-17
4234.2742757488,3.10356105200184e-17
4235.27386835403,3.94801403438477e-17
4236.27346095926,3.59473870153757e-17
4237.27305356449,2.02785311024031e-18
4238.27264616972,1.21879044925846e-17
4239.27223877495,2.80763033260408e-17
4240.27183138018,1.2469435080027e-17
4241.27142398541,1.02794819059452e-17
4242.27101659063,6.23869803009004e-18
4243.27060919586,6.50111615974367e-18
4244.27020180109,8.99943938703748e-18
4245.26979440632,9.67510030639577e-18
4246.26938701155,3.63626056185977e-18
4247.26897961678,5.00192557545856e-18
4248.26857222201,1.97789500038068e-17
4249.26816482723,3.1560161090174e-17
4250.26775743246,9.54881062152994e-18
4251.26735003769,1.89949276213853e-17
4252.26694264292,1.76641840714068e-17
4253.26653524815,1.48419704839854e-18
4254.26612785338,5.17726823038937e-18
4255.26572045861,2.48883942748552e-17
4256.26531306384,2.71440953833693e-17
4257.26490566906,4.05091222071886e-18
4258.26449827429,3.56995983200616e-18
4259.26409087952,2.1301326756353e-17
4260.26368348475,1.5804553235588e-17
4261.26327608998,1.46047195817424e-17
4262.26286869521,2.01753746363174e-17
4263.26246130044,1.66947756156272e-18
4264.26205390567,3.28070548686095e-18
4265.26164651089,2.31511978853521e-17
4266.26123911612,3.95169611481741e-17
4267.26083172135,2.02312659935785e-17
4268.26042432658,1.49326239901629e-17
4269.26001693181,1.23423456852306e-17
4270.25960953704,1.86835550545123e-17
4271.25920214227,6.93074824484513e-18
4272.25879474749,5.43588818104275e-18
4273.25838735272,5.05059616307742e-18
4274.25797995795,5.82028045559228e-19
4275.25757256318,8.88066656787421e-20
4276.25716516841,1.09375932001803e-17
4277.25675777364,4.61138709890861e-18
4278.25635037887,2.97958350073145e-19
4279.2559429841,8.7697551452291e-18
4280.25553558933,3.36523786501363e-17
4281.25512819455,2.50066287637639e-17
4282.25472079978,1.00082868283437e-17
4283.25431340501,1.28905911171181e-17
4284.25390601024,1.40605214202508e-17
4285.25349861547,1.34389045878583e-17
4286.2530912207,8.74221371049005e-18
4287.25268382593,1.14176229416141e-17
4288.25227643115,6.11256070409283e-18
4289.25186903638,2.92246227751473e-18
4290.25146164161,1.08656314779033e-17
4291.25105424684,2.90700654538628e-17
4292.25064685207,2.56574988710767e-17
4293.2502394573,3.2930084300396e-18
4294.24983206253,2.42515376453441e-18
4295.24942466776,6.41805584438137e-18
4296.24901727298,9.16191686058137e-18
4297.24860987821,4.28395568508303e-19
4298.24820248344,7.32192797670514e-18
4299.24779508867,3.70913977983539e-17
4300.2473876939,4.47713090843592e-17
4301.24698029913,2.25028246210991e-17
4302.24657290436,5.82359312387311e-18
4303.24616550958,9.25522949495996e-19
4304.24575811481,4.74050394610869e-19
4305.24535072004,5.95418561973083e-18
4306.24494332527,9.05876795394603e-18
4307.2445359305,1.1803041315412e-18
4308.24412853573,1.09698309973214e-17
4309.24372114096,1.17714728150353e-17
4310.24331374619,2.15073734213638e-17
4311.24290635141,5.00472115521874e-17
4312.24249895664,2.84485409536862e-17
4313.24209156187,2.18890288901009e-18
4314.2416841671,1.39281798494167e-18
4315.24127677233,6.63801383792285e-19
4316.24086937756,1.41190105951335e-19
4317.24046198279,2.84186056510232e-18
4318.24005458802,1.04052646587934e-17
4319.23964719324,1.30413846121035e-18
4320.23923979847,8.77537735525788e-19
4321.2388324037,7.29095218030911e-18
4322.23842500893,3.21662270944241e-17
4323.23801761416,1.80292860072572e-17
4324.23761021939,8.18180925290636e-18
4325.23720282462,2.2976419486869e-17
4326.23679542985,1.76636399349037e-18
4327.23638803507,5.63380521768415e-18
4328.2359806403,1.10156515632741e-18
4329.23557324553,3.18912570540022e-18
4330.23516585076,1.71024666293447e-17
4331.23475845599,2.99411906124839e-17
4332.23435106122,1.9821358160775e-18
4333.23394366645,3.35012694792356e-18
4334.23353627167,1.36133129521295e-17
4335.2331288769,2.34490934317093e-17
4336.23272148213,5.7667425427218e-18
4337.23231408736,8.59869516868115e-19
4338.23190669259,7.03537366565872e-18
4339.23149929782,8.74003054317557e-18
4340.23109190305,2.49945140893818e-17
4341.23068450828,6.18131699308265e-18
4342.2302771135,1.33878893802688e-17
4343.22986971873,9.00707063335731e-18
4344.22946232396,8.61340038082786e-18
4345.22905492919,3.58961743818336e-19
4346.22864753442,1.41567513836292e-18
4347.22824013965,2.65289636470646e-18
4348.22783274488,1.34091089918484e-18
4349.22742535011,1.13583349722405e-17
4350.22701795533,1.336337723087e-17
4351.22661056056,2.88994051987514e-18
4352.22620316579,3.97686419365684e-18
4353.22579577102,5.21374739635209e-18
4354.22538837625,1.59645610781662e-18
4355.22498098148,8.89589853844542e-18
4356.22457358671,8.21646217419813e-18
4357.22416619194,8.79840615484981e-18
4358.22375879716,1.08940966636689e-17
4359.22335140239,2.28149257033532e-17
4360.22294400762,2.33249954737417e-17
4361.22253661285,1.19861104565119e-18
4362.22212921808,1.04673798166139e-18
4363.22172182331,4.10087588729884e-18
4364.22131442854,2.97984035112774e-18
4365.22090703376,1.16557311355828e-17
4366.22049963899,6.80230069907468e-18
4367.22009224422,2.30911642168935e-18
4368.21968484945,1.06005982778081e-17
4369.21927745468,2.65428305058802e-17
4370.21887005991,2.06811333665195e-17
4371.21846266514,1.84878316399784e-19
4372.21805527037,7.99447718898047e-18
4373.21764787559,3.99761904861889e-18
4374.21724048082,4.29488425374284e-19
4375.21683308605,9.58573994802332e-18
4376.21642569128,3.57422115444779e-17
4377.21601829651,3.02207668407491e-17
4378.21561090174,1.52035492848405e-17
4379.21520350697,5.39413842511708e-18
4380.2147961122,1.28244647078439e-17
4381.21438871742,1.63136676972765e-17
4382.21398132265,8.4232466642886e-18
4383.21357392788,4.09976050227184e-18
4384.21316653311,4.39451899045807e-18
4385.21275913834,2.87428756437352e-17
4386.21235174357,2.32798752025441e-17
4387.2119443488,2.07401639461452e-17
4388.21153695403,3.25888409132723e-17
4389.21112955925,2.46286209820801e-17
4390.21072216448,1.10029862451689e-17
4391.21031476971,5.84314278135492e-18
4392.20990737494,2.80156173275663e-18
4393.20949998017,3.12259954264571e-18
4394.2090925854,1.72534037456309e-18
4395.20868519063,6.33499376370747e-19
4396.20827779585,4.57176712722532e-18
4397.20787040108,1.37119503864625e-17
4398.20746300631,1.92365409078091e-17
4399.20705561154,4.13263678549778e-17
4400.20664821677,4.4146902451728e-18
4401.206240822,8.10858567347119e-18
4402.20583342723,1.964860555863e-17
4403.20542603246,1.34049105330568e-17
4404.20501863768,8.7850596022055e-18
4405.20461124291,1.56032213023394e-18
4406.20420384814,4.75710279031246e-18
4407.20379645337,3.1593684830707e-18
4408.2033890586,2.01749153225033e-18
4409.20298166383,1.97931948926257e-17
4410.20257426906,4.54723834169063e-17
4411.20216687429,3.5979708246895e-17
4412.20175947951,1.67548099699957e-17
4413.20135208474,1.00894887722818e-17
4414.20094468997,5.69322963636408e-18
4415.2005372952,2.40864366949935e-19
4416.20012990043,2.24539923904573e-18
4417.19972250566,7.27215536744308e-18
4418.19931511089,5.45470639193388e-18
4419.19890771612,2.27287070316154e-18
4420.19850032134,1.92206407330671e-17
4421.19809292657,7.27956772956802e-18
4422.1976855318,5.11849420172657e-18
4423.19727813703,3.26546875638907e-18
4424.19687074226,6.50278511878887e-18
4425.19646334749,2.05134860492809e-17
4426.19605595272,1.28869923211988e-17
4427.19564855794,4.59276591894371e-18
4428.19524116317,1.27506893583136e-17
4429.1948337684,3.2730464421318e-17
4430.19442637363,3.35941628917179e-17
4431.19401897886,2.08185573549405e-17
4432.19361158409,7.00055998804269e-18
4433.19320418932,2.33283021334767e-19
4434.19279679455,1.51269876608971e-19
4435.19238939977,2.25861060310384e-18
4436.191982005,1.84565248521411e-18
4437.19157461023,3.44958373831269e-17
4438.19116721546,3.7090150929042e-17
4439.19075982069,2.35196357093398e-17
4440.19035242592,7.8492115262514e-18
4441.18994503115,1.30700916245808e-18
4442.18953763638,9.28684073123303e-19
4443.1891302416,1.88372653660507e-18
4444.18872284683,1.77264016105185e-17
4445.18831545206,5.78935239857367e-18
4446.18790805729,7.91656370027606e-19
4447.18750066252,1.70091972639119e-18
4448.18709326775,2.06763372353225e-18
4449.18668587298,4.41528022134679e-18
4450.18627847821,7.7648631469585e-18
4451.18587108343,1.3892864419255e-17
4452.18546368866,6.01515045805748e-18
4453.18505629389,3.34134963954167e-19
4454.18464889912,2.06563038362268e-18
4455.18424150435,1.14311671206922e-18
4456.18383410958,1.2381694925205e-17
4457.18342671481,3.38130029277089e-17
4458.18301932003,1.49358926732839e-17
4459.18261192526,6.41053409330698e-18
4460.18220453049,3.01166182772547e-18
4461.18179713572,6.16148576086536e-18
4462.18138974095,3.11441692736673e-18
4463.18098234618,4.80834684482906e-18
4464.18057495141,1.10483406908946e-17
4465.18016755664,6.01810369290135e-18
4466.17976016186,1.06240853605602e-17
4467.17935276709,3.2976912305591e-17
4468.17894537232,8.30762884582759e-18
4469.17853797755,4.17696873506545e-21
4470.17813058278,5.31901426875308e-18
4471.17772318801,1.43610612827833e-17
4472.17731579324,1.00079509676636e-17
4473.17690839847,3.37481985411511e-19
4474.17650100369,2.8072571557772e-18
4475.17609360892,2.00007401484708e-17
4476.17568621415,7.13080843480022e-18
4477.17527881938,1.04522032845428e-17
4478.17487142461,5.21545254836627e-18
4479.17446402984,4.57806791024835e-18
4480.17405663507,1.86548294320373e-17
4481.1736492403,1.97004129900718e-18
4482.17324184552,7.54808856498154e-18
4483.17283445075,1.02225989127707e-17
4484.17242705598,1.54205480410007e-19
4485.17201966121,1.46065593067048e-17
4486.17161226644,1.4137532594558e-17
4487.17120487167,8.80229145359414e-18
4488.1707974769,1.18154900257671e-17
4489.17039008212,5.88079133275432e-19
4490.16998268735,5.39675512162767e-18
4491.16957529258,2.3246410876855e-19
4492.16916789781,2.30071254619363e-18
4493.16876050304,3.26610372452239e-19
4494.16835310827,6.38347482647626e-18
4495.1679457135,5.84375010376488e-18
4496.16753831873,2.97132213293031e-17
4497.16713092395,1.09295129382654e-17
4498.16672352918,1.90692340449854e-18
4499.16631613441,5.76736562238766e-19
4500.16590873964,8.83333968347711e-20
4501.16550134487,1.1598336674332e-17
4502.1650939501,2.26447564922962e-17
4503.16468655533,1.50584942798966e-17
4504.16427916056,1.64702445239174e-18
4505.16387176578,1.92197837991727e-17
4506.16346437101,1.13051738235592e-17
4507.16305697624,4.92385371335649e-18
4508.16264958147,8.49761042464095e-18
4509.1622421867,1.58981241203333e-17
4510.16183479193,1.90645897917223e-17
4511.16142739716,1.20095681665939e-17
4512.16102000239,1.66552487419872e-17
4513.16061260761,1.8061955382343e-17
4514.16020521284,1.0893989524801e-17
4515.15979781807,1.70109692775169e-17
4516.1593904233,6.30743237801709e-19
4517.15898302853,6.03844716598829e-18
4518.15857563376,3.57805207125088e-18
4519.15816823899,1.61654707295474e-17
4520.15776084421,1.95192990610924e-17
4521.15735344944,2.38096422982789e-17
4522.15694605467,2.75132560660964e-18
4523.1565386599,1.34561982682906e-18
4524.15613126513,7.84738788331114e-20
4525.15572387036,6.69468350959512e-18
4526.15531647559,1.64226268350377e-17
4527.15490908082,5.17489631476463e-18
4528.15450168604,3.83226360720955e-18
4529.15409429127,1.58771009816501e-19
4530.1536868965,1.25341294394059e-18
4531.15327950173,2.46383925576441e-18
4532.15287210696,3.17828345923861e-18
4533.15246471219,3.11326760437799e-18
4534.15205731742,4.09776794107507e-18
4535.15164992265,5.19445812427779e-19
4536.15124252787,5.01499448754104e-18
4537.1508351331,5.35517016211418e-18
4538.15042773833,4.87230451907657e-18
4539.15002034356,9.76226948686009e-18
4540.14961294879,1.6904322099393e-17
4541.14920555402,9.1050979638627e-18
4542.14879815925,1.1413452011935e-18
4543.14839076448,1.06686632783678e-18
4544.1479833697,1.39600013560684e-18
4545.14757597493,6.14496211256094e-19
4546.14716858016,2.11674947435274e-17
4547.14676118539,3.73578900863615e-18
4548.14635379062,5.09545465940605e-18
4549.14594639585,3.40572150367625e-18
4550.14553900108,7.39510736968308e-18
4551.1451316063,2.69131871125908e-17
4552.14472421153,4.017491316071e-17
4553.14431681676,4.99025586147151e-17
4554.14390942199,2.56978751993439e-17
4555.14350202722,7.87927197489888e-18
4556.14309463245,3.59800148185551e-18
4557.14268723768,2.3889219490637e-17
4558.14227984291,1.08562963678154e-17
4559.14187244813,7.5978328971184e-18
4560.14146505336,7.19669345733997e-18
4561.14105765859,5.87957467265351e-18
4562.14065026382,1.88417153215626e-17
4563.14024286905,1.50320469196615e-17
4564.13983547428,1.8436003763568e-17
4565.13942807951,2.37789532648071e-17
4566.13902068474,1.49599366927132e-17
4567.13861328996,7.06065507195855e-18
4568.13820589519,3.40749151052503e-17
4569.13779850042,3.21879908030492e-17
4570.13739110565,1.15639620330405e-17
4571.13698371088,1.1760547075228e-17
4572.13657631611,1.75536587491422e-18
4573.13616892134,4.14831760723497e-19
4574.13576152657,4.93800967929041e-18
4575.13535413179,1.69940257411427e-17
4576.13494673702,1.22083126636766e-17
4577.13453934225,6.63206914663167e-18
4578.13413194748,1.0066261254702e-17
4579.13372455271,5.49120975214076e-18
4580.13331715794,7.50886564896393e-18
4581.13290976317,5.78820397692564e-18
4582.13250236839,2.4433798480438e-17
4583.13209497362,2.65303292106574e-17
4584.13168757885,3.50170200484672e-17
4585.13128018408,1.94600465442584e-17
4586.13087278931,1.82514674657998e-18
4587.13046539454,9.4564362892911e-20
4588.13005799977,1.69451224113425e-18
4589.129650605,5.27806750938967e-19
4590.12924321022,5.10106782654474e-18
4591.12883581545,1.73110861841553e-17
4592.12842842068,1.89823121499444e-17
4593.12802102591,8.05609866177995e-18
4594.12761363114,7.71378533583718e-19
4595.12720623637,2.75015264686368e-18
4596.1267988416,6.2208603489445e-18
4597.12639144682,1.75144236947772e-17
4598.12598405205,2.79330929247859e-17
4599.12557665728,6.33461931613172e-18
4600.12516926251,1.17812724333763e-17
4601.12476186774,1.35531290283353e-18
4602.12435447297,1.91925474412567e-17
4603.1239470782,1.25439435668095e-17
4604.12353968343,6.17209240152982e-18
4605.12313228866,1.14021639994578e-18
4606.12272489388,2.38311215127398e-17
4607.12231749911,1.36506836277052e-17
4608.12191010434,3.25965473292306e-19
4609.12150270957,9.57897371336651e-18
4610.1210953148,1.82704439077356e-17
4611.12068792003,5.38635892624994e-18
4612.12028052526,4.60585358847271e-18
4613.11987313048,1.32486779722482e-17
4614.11946573571,8.58124094667294e-18
4615.11905834094,1.25428973217961e-17
4616.11865094617,1.44840606736409e-17
4617.1182435514,7.88545871265364e-18
4618.11783615663,5.15857672974622e-18
4619.11742876186,1.1103049134733e-17
4620.11702136709,1.75787816877042e-18
4621.11661397231,2.17390864524768e-17
4622.11620657754,8.11830914414458e-18
4623.11579918277,5.87546679490448e-19
4624.115391788,1.00255514104835e-18
4625.11498439323,1.74734329016027e-18
4626.11457699846,2.88203204375936e-19
4627.11416960369,9.485027256184e-18
4628.11376220892,5.26968606093449e-18
4629.11335481414,2.01745333590621e-17
4630.11294741937,1.81048006229196e-17
4631.1125400246,1.44284826867362e-17
4632.11213262983,3.29165505793514e-17
4633.11172523506,4.5355333505735e-17
4634.11131784029,9.31169013337093e-18
4635.11091044552,1.13237021306602e-18
4636.11050305074,5.14524799278723e-19
4637.11009565597,1.73243804749216e-18
4638.1096882612,4.08280757693128e-18
4639.10928086643,8.87137463482334e-18
4640.10887347166,2.28203618094884e-17
4641.10846607689,1.67532537191773e-17
4642.10805868212,2.93115882028774e-18
4643.10765128735,1.36607046536343e-18
4644.10724389257,2.85507128973011e-18
4645.1068364978,6.5789142911376e-18
4646.10642910303,6.53802906419391e-18
4647.10602170826,4.75581074016008e-18
4648.10561431349,3.41910059220732e-18
4649.10520691872,9.82408365757044e-18
4650.10479952395,1.74678952746317e-18
4651.10439212918,7.35743042005312e-18
4652.1039847344,1.4669875918883e-17
4653.10357733963,2.9917547650813e-18
4654.10316994486,9.18165314788905e-18
4655.10276255009,4.15397784506379e-18
4656.10235515532,1.33908526573293e-18
4657.10194776055,8.43789922204287e-18
4658.10154036578,1.59442186360314e-17
4659.10113297101,8.54286217068238e-18
4660.10072557623,1.52771419057874e-17
4661.10031818146,9.32469988712406e-19
4662.09991078669,1.07896059360369e-17
4663.09950339192,4.55440883221752e-18
4664.09909599715,5.15099632748865e-18
4665.09868860238,7.40706648837352e-18
4666.09828120761,2.94822821097947e-18
4667.09787381283,3.06846636298446e-18
4668.09746641806,4.45932861467709e-18
4669.09705902329,2.40551572958808e-17
4670.09665162852,1.89081227250851e-17
4671.09624423375,4.70490223846539e-18
4672.09583683898,1.44000059486656e-17
4673.09542944421,1.89422967418699e-17
4674.09502204944,1.95212301812825e-18
4675.09461465466,4.86985072835402e-18
4676.09420725989,6.76333906755495e-18
4677.09379986512,5.70451696082549e-19
4678.09339247035,1.07177026499569e-18
4679.09298507558,2.13724185189225e-19
4680.09257768081,1.40265235002798e-17
4681.09217028604,4.68249450659873e-17
4682.09176289126,5.4195626286518e-17
4683.09135549649,1.97938727066525e-17
4684.09094810172,1.09026484501621e-17
4685.09054070695,3.58847674467894e-17
4686.09013331218,6.51344215006479e-18
4687.08972591741,4.97898716758915e-17
4688.08931852264,6.69234252858586e-17
4689.08891112787,1.00815441925438e-17
4690.0885037331,8.48349563963493e-19
4691.08809633832,6.38719488837866e-18
4692.08768894355,1.0358671993581e-17
4693.08728154878,8.61922340612298e-18
4694.08687415401,5.05616492241182e-18
4695.08646675924,5.23201672682514e-18
4696.08605936447,7.67018715079802e-18
4697.0856519697,5.98689449516564e-18
4698.08524457492,1.6646404765871e-17
4699.08483718015,1.45042332785682e-17
4700.08442978538,2.31307562791693e-17
4701.08402239061,4.12672450282058e-17
4702.08361499584,3.31755176680154e-17
4703.08320760107,9.56929631607118e-18
4704.0828002063,2.05500600873891e-19
4705.08239281153,8.4543860331618e-18
4706.08198541675,9.64072411078138e-18
4707.08157802198,3.49602353429161e-18
4708.08117062721,1.13593260565397e-17
4709.08076323244,2.63694407882383e-17
4710.08035583767,5.6782333549285e-18
4711.0799484429,1.07680109508508e-17
4712.07954104813,2.32680665007175e-17
4713.07913365335,4.42953595426462e-18
4714.07872625858,4.05429745764868e-18
4715.07831886381,7.12904076732877e-18
4716.07791146904,1.06265524554663e-17
4717.07750407427,2.39433276505539e-17
4718.0770966795,1.6304167076026e-17
4719.07668928473,1.13197531812337e-17
4720.07628188996,1.3403075409835e-17
4721.07587449518,1.17481183384565e-17
4722.07546710041,1.32212092011371e-17
4723.07505970564,1.54933273713953e-17
4724.07465231087,9.14282189998015e-18
4725.0742449161,2.52376903267761e-17
4726.07383752133,5.91436557678512e-18
4727.07343012656,9.34274730797852e-18
4728.07302273179,7.60563510385274e-18
4729.07261533702,2.63280115155817e-18
4730.07220794224,3.20233910571136e-18
4731.07180054747,7.77245612357639e-19
4732.0713931527,9.15430747254408e-21
4733.07098575793,2.56672135664732e-18
4734.07057836316,7.38158982236211e-18
4735.07017096839,6.66154329730244e-18
4736.06976357362,9.16844202920706e-19
4737.06935617884,6.7650632324588e-18
4738.06894878407,1.93396867530881e-17
4739.0685413893,8.14849173302861e-18
4740.06813399453,6.70901740993985e-19
4741.06772659976,8.28621379189982e-20
4742.06731920499,8.72429180281651e-18
4743.06691181022,2.41894621582701e-17
4744.06650441545,2.93565063974303e-17
4745.06609702067,1.09287462465061e-17
4746.0656896259,8.323141328928e-18
4747.06528223113,6.16350122043553e-18
4748.06487483636,2.85424372829984e-17
4749.06446744159,7.80983762783022e-18
4750.06406004682,1.15506817161018e-17
4751.06365265205,1.64064376452918e-17
4752.06324525727,4.39171759470245e-18
4753.0628378625,1.16382518282364e-19
4754.06243046773,1.76269741858188e-18
4755.06202307296,1.17332379649331e-17
4756.06161567819,1.32503167588926e-17
4757.06120828342,8.71994931765418e-18
4758.06080088865,1.89220624286545e-17
4759.06039349388,7.77093899250182e-18
4760.0599860991,8.4092557730822e-20
4761.05957870433,5.23874274965852e-18
4762.05917130956,9.8415544376784e-18
4763.05876391479,9.11457577346776e-18
4764.05835652002,3.65170759384927e-19
4765.05794912525,9.0134164202629e-19
4766.05754173048,6.92447577388041e-18
4767.05713433571,6.95077047372639e-18
4768.05672694093,5.86558873691748e-18
4769.05631954616,8.88065335364388e-18
4770.05591215139,5.90830570949413e-18
4771.05550475662,1.05076197641784e-19
4772.05509736185,7.22659923839517e-18
4773.05468996708,7.12054432309646e-18
4774.05428257231,2.29961230063094e-18
4775.05387517753,1.55176095605772e-17
4776.05346778276,2.92563173870819e-17
4777.05306038799,1.34111220115953e-17
4778.05265299322,2.54854350602552e-18
4779.05224559845,6.98887087232102e-18
4780.05183820368,3.55558489978908e-19
4781.05143080891,7.14664174733241e-18
4782.05102341414,1.47098727087326e-17
4783.05061601936,7.3000500595442e-18
4784.05020862459,9.51711371573003e-18
4785.04980122982,1.68379770543565e-17
4786.04939383505,1.36225588097197e-17
4787.04898644028,5.66849252334819e-19
4788.04857904551,5.52887474148166e-18
4789.04817165074,5.08819684219006e-18
4790.04776425597,9.22712454376379e-18
4791.04735686119,1.71743363195325e-17
4792.04694946642,7.74687782336819e-18
4793.04654207165,9.53501081886778e-18
4794.04613467688,2.23439638851771e-18
4795.04572728211,2.07129399642432e-18
4796.04531988734,6.91201756932327e-19
4797.04491249257,1.80935057918847e-17
4798.0445050978,5.27687759252885e-17
4799.04409770302,1.32850341793711e-17
4800.04369030825,2.13990898671816e-18
4801.04328291348,8.28692101943084e-18
4802.04287551871,2.40543479432124e-17
4803.04246812394,5.68793486224871e-18
4804.04206072917,6.86245864889869e-18
4805.0416533344,1.34701740175705e-17
4806.04124593962,7.75339208579634e-18
4807.04083854485,5.17289678670805e-18
4808.04043115008,5.59131386835336e-18
4809.04002375531,1.3814968000575e-18
4810.03961636054,3.37636648288922e-18
4811.03920896577,7.71201604467648e-18
4812.038801571,1.1807546419319e-17
4813.03839417623,1.77697545313559e-18
4814.03798678145,3.15691139843382e-18
4815.03757938668,5.12710513202089e-18
4816.03717199191,2.81991146002472e-17
4817.03676459714,1.96144543174566e-17
4818.03635720237,6.67157583035376e-18
4819.0359498076,3.15575132738557e-18
4820.03554241283,2.30636537214101e-18
4821.03513501806,6.64660723128171e-18
4822.03472762328,3.48989672482495e-18
4823.03432022851,7.88844437699678e-18
4824.03391283374,4.69989089753348e-18
4825.03350543897,1.88985704398147e-18
4826.0330980442,3.2068765359837e-18
4827.03269064943,6.70471619561905e-18
4828.03228325466,1.04941343411433e-17
4829.03187585989,2.33732080000494e-17
4830.03146846511,1.12239140501374e-17
4831.03106107034,6.60694698899714e-18
4832.03065367557,1.01588992370136e-17
4833.0302462808,1.48643597562221e-17
4834.02983888603,4.01697441595091e-18
4835.02943149126,2.10249418532698e-18
4836.02902409649,3.60436343800009e-18
4837.02861670171,4.00858695551658e-20
4838.02820930694,7.56627827590598e-19
4839.02780191217,4.32454550276326e-18
4840.0273945174,2.97832440535267e-19
4841.02698712263,3.43181474636138e-18
4842.02657972786,3.9596655121101e-19
4843.02617233309,4.86622640109973e-19
4844.02576493832,1.43643481151949e-18
4845.02535754354,3.49667118802014e-18
4846.02495014877,5.21120670456742e-18
4847.024542754,2.59988256836151e-17
4848.02413535923,2.38504636105362e-17
4849.02372796446,7.02108777068959e-18
4850.02332056969,3.19955610216134e-18
4851.02291317492,1.74538178403246e-17
4852.02250578015,2.77912650080347e-17
4853.02209838537,2.47943516065642e-17
4854.0216909906,1.39577390405027e-17
4855.02128359583,1.56568676132854e-19
4856.02087620106,8.28827674492682e-19
4857.02046880629,5.42121309043791e-18
4858.02006141152,2.02284043837452e-17
4859.01965401675,4.67567581660306e-17
4860.01924662198,2.15106100267146e-17
4861.0188392272,6.64139880082545e-18
4862.01843183243,1.96222620291152e-18
4863.01802443766,1.10490016980799e-17
4864.01761704289,6.61530124929532e-18
4865.01720964812,6.67506597960369e-20
4866.01680225335,1.83968755273571e-18
4867.01639485858,2.7574875936442e-18
4868.0159874638,7.5274424987211e-18
4869.01558006903,1.13876040959209e-17
4870.01517267426,8.4282649911981e-18
4871.01476527949,6.85596062053435e-18
4872.01435788472,6.00112455884582e-18
4873.01395048995,3.4851653482896e-18
4874.01354309518,1.1173936085225e-18
4875.01313570041,3.45828374119601e-18
4876.01272830563,1.09423294723315e-17
4877.01232091086,2.79702704780161e-17
4878.01191351609,1.27629822766255e-17
4879.01150612132,4.32781479194342e-19
4880.01109872655,5.53414169428908e-18
4881.01069133178,2.1546499202349e-17
4882.01028393701,5.57040111067997e-18
4883.00987654224,6.27690245551753e-18
4884.00946914746,2.17052965631691e-17
4885.00906175269,1.77785809982626e-17
4886.00865435792,6.15692274404092e-18
4887.00824696315,1.33015592979143e-17
4888.00783956838,1.04979204352057e-17
4889.00743217361,3.4584606654276e-17
4890.00702477884,3.32382867301577e-17
4891.00661738407,8.97238056698395e-18
4892.00620998929,2.87135363814618e-18
4893.00580259452,1.93266360424771e-19
4894.00539519975,2.54998676162688e-18
4895.00498780498,7.10931161424224e-18
4896.00458041021,2.04218560325351e-18
4897.00417301544,7.43389879953989e-19
4898.00376562067,5.68483283791269e-17
4899.00335822589,9.2787683398756e-17
4900.00295083112,3.37677803654894e-17
4901.00254343635,2.66202900398331e-17
4902.00213604158,2.55190369512085e-17
4903.00172864681,3.22275640177244e-19
4904.00132125204,5.18734745821486e-18
4905.00091385727,5.65645307392595e-18
4906.0005064625,1.97019030788137e-17
4907.00009906772,1.73074630367417e-17
4907.99969167295,8.56379787144321e-18
4908.99928427818,6.43647243204574e-19
4909.99887688341,1.36088389239406e-18
4910.99846948864,5.3342766169908e-18
4911.99806209387,1.83193260039133e-17
4912.9976546991,2.62037703804361e-17
4913.99724730433,3.0923277011857e-17
4914.99683990955,1.1363110667191e-17
4915.99643251478,7.03183454815803e-18
4916.99602512001,1.19951084497567e-18
4917.99561772524,7.97063808452498e-20
4918.99521033047,9.97998584688896e-18
4919.9948029357,6.5594261794096e-18
4920.99439554093,1.06423204311839e-18
4921.99398814616,3.280219373691e-18
4922.99358075138,6.78188988020111e-18
4923.99317335661,4.31843932940993e-18
4924.99276596184,1.20162312463661e-17
4925.99235856707,1.82313397744282e-17
4926.9919511723,1.20075823893329e-17
4927.99154377753,6.99026274375646e-18
4928.99113638276,5.42133370201372e-18
4929.99072898798,5.6832469243071e-19
4930.99032159321,1.13614537154975e-17
4931.98991419844,6.50565499929778e-18
4932.98950680367,1.87868518321798e-17
4933.9890994089,1.23298892087023e-17
4934.98869201413,8.63134055975269e-18
4935.98828461936,2.32226512774516e-17
4936.98787722459,1.51115236382641e-17
4937.98746982981,2.51727801041477e-18
4938.98706243504,5.20102914261114e-18
4939.98665504027,1.66800664811384e-18
4940.9862476455,4.47934643830882e-19
4941.98584025073,3.91817202576667e-18
4942.98543285596,3.89462305341887e-18
4943.98502546119,1.56280046765168e-18
4944.98461806642,6.93089944685294e-18
4945.98421067164,3.6179723292175e-18
4946.98380327687,5.96606665195183e-19
4947.9833958821,1.03835461951096e-18
4948.98298848733,9.01965536344598e-18
4949.98258109256,1.49120569271517e-17
4950.98217369779,4.19033511480836e-18
4951.98176630302,5.46523326687192e-18
4952.98135890825,5.95669504617346e-19
4953.98095151347,2.86375273556423e-18
4954.9805441187,1.01512896795297e-17
4955.98013672393,2.19851705967032e-17
4956.97972932916,9.70041104941779e-18
4957.97932193439,1.92008937001164e-18
4958.97891453962,2.29365846815774e-18
4959.97850714485,2.62319850380425e-18
4960.97809975007,4.94594198286767e-18
4961.9776923553,3.78315666579021e-18
4962.97728496053,6.27603199836141e-19
4963.97687756576,9.29816584806811e-19
4964.97647017099,5.3075580720803e-19
4965.97606277622,4.14818175241243e-18
4966.97565538145,1.02413619712114e-17
4967.97524798668,7.84431211008758e-18
4968.9748405919,8.17629489301289e-18
4969.97443319713,1.17888838016481e-18
4970.97402580236,6.60102069411509e-18
4971.97361840759,2.54726003917733e-17
4972.97321101282,2.8029670511098e-17
4973.97280361805,1.18094073561212e-17
4974.97239622328,8.13784681452239e-18
4975.97198882851,9.98156882577265e-18
4976.97158143373,6.49620041691426e-18
4977.97117403896,1.5000151466428e-17
4978.97076664419,5.38398424399892e-18
4979.97035924942,1.05210727038712e-17
4980.96995185465,3.09249652692943e-18
4981.96954445988,4.91041927969791e-18
4982.96913706511,5.23289704103394e-18
4983.96872967034,5.79582874412698e-19
4984.96832227556,3.33788675514706e-18
4985.96791488079,4.63496302535361e-18
4986.96750748602,2.20470868160708e-17
4987.96710009125,9.66173573910804e-18
4988.96669269648,9.58797643082048e-18
4989.96628530171,4.26296779755684e-18
4990.96587790694,1.35985135920894e-17
4991.96547051216,7.21990989101327e-18
4992.96506311739,3.03446798772063e-19
4993.96465572262,1.22236215795653e-18
4994.96424832785,4.56994183062407e-20
4995.96384093308,1.52249541349258e-18
4996.96343353831,5.51676555500937e-18
4997.96302614354,7.31894488908449e-18
4998.96261874877,5.51676555500937e-18
4999.96221135399,1.52249541349258e-18
5000.96180395922,4.56994183062407e-20
5001.96139656445,1.22236215795653e-18
5002.96098916968,3.03446798772063e-19
5003.96058177491,7.21990989101327e-18
5004.96017438014,1.35985135920894e-17
5005.95976698537,4.26296779755684e-18
5006.9593595906,9.58797643082048e-18
5007.95895219582,9.66173573910804e-18
5008.95854480105,2.20470868160708e-17
5009.95813740628,4.63496302535361e-18
5010.95773001151,3.33788675514706e-18
5011.95732261674,5.79582874412698e-19
5012.95691522197,5.23289704103394e-18
5013.9565078272,4.91041927969791e-18
5014.95610043243,3.09249652692943e-18
5015.95569303765,1.05210727038712e-17
5016.95528564288,5.38398424399892e-18
5017.95487824811,1.5000151466428e-17
5018.95447085334,6.49620041691426e-18
5019.95406345857,9.98156882577265e-18
5020.9536560638,8.13784681452239e-18
5021.95324866903,1.18094073561212e-17
5022.95284127425,2.8029670511098e-17
5023.95243387948,2.54726003917733e-17
5024.95202648471,6.60102069411509e-18
5025.95161908994,1.17888838016481e-18
5026.95121169517,8.17629489301289e-18
5027.9508043004,7.84431211008758e-18
5028.95039690563,1.02413619712114e-17
5029.94998951086,4.14818175241243e-18
5030.94958211608,5.3075580720803e-19
5031.94917472131,9.29816584806811e-19
5032.94876732654,6.27603199836141e-19
5033.94835993177,3.78315666579021e-18
5034.947952537,4.94594198286767e-18
5035.94754514223,2.62319850380425e-18
5036.94713774746,2.29365846815774e-18
5037.94673035269,1.92008937001164e-18
5038.94632295791,9.70041104941779e-18
5039.94591556314,2.19851705967032e-17
5040.94550816837,1.01512896795297e-17
5041.9451007736,2.86375273556423e-18
5042.94469337883,5.95669504617346e-19
5043.94428598406,5.46523326687192e-18
5044.94387858929,4.19033511480836e-18
5045.94347119452,1.49120569271517e-17
5046.94306379974,9.01965536344598e-18
5047.94265640497,1.03835461951096e-18
5048.9422490102,5.96606665195183e-19
5049.94184161543,3.6179723292175e-18
5050.94143422066,6.93089944685294e-18
5051.94102682589,1.56280046765168e-18
5052.94061943112,3.89462305341887e-18
5053.94021203634,3.91817202576667e-18
5054.93980464157,4.47934643830882e-19
5055.9393972468,1.66800664811384e-18
5056.93898985203,5.20102914261114e-18
5057.93858245726,2.51727801041477e-18
5058.93817506249,1.51115236382641e-17
5059.93776766772,2.32226512774516e-17
5060.93736027294,8.63134055975269e-18
5061.93695287817,1.23298892087023e-17
5062.9365454834,1.87868518321798e-17
5063.93613808863,6.50565499929778e-18
5064.93573069386,1.13614537154975e-17
5065.93532329909,5.6832469243071e-19
5066.93491590432,5.42133370201372e-18
5067.93450850955,6.99026274375646e-18
5068.93410111478,1.20075823893329e-17
5069.93369372,1.82313397744282e-17
5070.93328632523,1.20162312463661e-17
5071.93287893046,4.31843932940993e-18
5072.93247153569,6.78188988020111e-18
5073.93206414092,3.280219373691e-18
5074.93165674615,1.06423204311839e-18
5075.93124935138,6.5594261794096e-18
5076.93084195661,9.97998584688896e-18
5077.93043456183,7.97063808452498e-20
5078.93002716706,1.19951084497567e-18
5079.92961977229,7.03183454815803e-18
5080.92921237752,1.1363110667191e-17
5081.92880498275,3.0923277011857e-17
5082.92839758798,2.62037703804361e-17
5083.92799019321,1.83193260039133e-17
5084.92758279843,5.3342766169908e-18
5085.92717540366,1.36088389239406e-18
5086.92676800889,6.43647243204574e-19
5087.92636061412,8.56379787144321e-18
5088.92595321935,1.73074630367417e-17
5089.92554582458,1.97019030788137e-17
5090.92513842981,5.65645307392595e-18
5091.92473103503,5.18734745821486e-18
5092.92432364026,3.22275640177244e-19
5093.92391624549,2.55190369512085e-17
5094.92350885072,2.66202900398331e-17
5095.92310145595,3.37677803654894e-17
5096.92269406118,9.2787683398756e-17
5097.92228666641,5.68483283791269e-17
5098.92187927164,7.43389879953989e-19
5099.92147187686,2.04218560325351e-18
5100.92106448209,7.10931161424224e-18
5101.92065708732,2.54998676162688e-18
5102.92024969255,1.93266360424771e-19
5103.91984229778,2.87135363814618e-18
5104.91943490301,8.97238056698395e-18
5105.91902750824,3.32382867301577e-17
5106.91862011347,3.4584606654276e-17
5107.9182127187,1.04979204352057e-17
5108.91780532392,1.33015592979143e-17
5109.91739792915,6.15692274404092e-18
5110.91699053438,1.77785809982626e-17
5111.91658313961,2.17052965631691e-17
5112.91617574484,6.27690245551753e-18
5113.91576835007,5.57040111067997e-18
5114.9153609553,2.1546499202349e-17
5115.91495356052,5.53414169428908e-18
5116.91454616575,4.32781479194342e-19
5117.91413877098,1.27629822766255e-17
5118.91373137621,2.79702704780161e-17
5119.91332398144,1.09423294723315e-17
5120.91291658667,3.45828374119601e-18
5121.9125091919,1.1173936085225e-18
5122.91210179712,3.4851653482896e-18
5123.91169440235,6.00112455884582e-18
5124.91128700758,6.85596062053435e-18
5125.91087961281,8.4282649911981e-18
5126.91047221804,1.13876040959209e-17
5127.91006482327,7.5274424987211e-18
5128.9096574285,2.7574875936442e-18
5129.90925003373,1.83968755273571e-18
5130.90884263895,6.67506597960369e-20
5131.90843524418,6.61530124929532e-18
5132.90802784941,1.10490016980799e-17
5133.90762045464,1.96222620291152e-18
5134.90721305987,6.64139880082545e-18
5135.9068056651,2.15106100267146e-17
5136.90639827033,4.67567581660306e-17
5137.90599087556,2.02284043837452e-17
5138.90558348079,5.42121309043791e-18
5139.90517608601,8.28827674492682e-19
5140.90476869124,1.56568676132854e-19
5141.90436129647,1.39577390405027e-17
5142.9039539017,2.47943516065642e-17
5143.90354650693,2.77912650080347e-17
5144.90313911216,1.74538178403246e-17
5145.90273171739,3.19955610216134e-18
5146.90232432261,7.02108777068959e-18
5147.90191692784,2.38504636105362e-17
5148.90150953307,2.59988256836151e-17
5149.9011021383,5.21120670456742e-18
5150.90069474353,3.49667118802014e-18
5151.90028734876,1.43643481151949e-18
5152.89987995399,4.86622640109973e-19
5153.89947255921,3.9596655121101e-19
5154.89906516444,3.43181474636138e-18
5155.89865776967,2.97832440535267e-19
5156.8982503749,4.32454550276326e-18
5157.89784298013,7.56627827590598e-19
5158.89743558536,4.00858695551658e-20
5159.89702819059,3.60436343800009e-18
5160.89662079582,2.10249418532698e-18
5161.89621340104,4.01697441595091e-18
5162.89580600627,1.48643597562221e-17
5163.8953986115,1.01588992370136e-17
5164.89499121673,6.60694698899714e-18
5165.89458382196,1.12239140501374e-17
5166.89417642719,2.33732080000494e-17
5167.89376903242,1.04941343411433e-17
5168.89336163765,6.70471619561905e-18
5169.89295424287,3.2068765359837e-18
5170.8925468481,1.88985704398147e-18
5171.89213945333,4.69989089753348e-18
5172.89173205856,7.88844437699678e-18
5173.89132466379,3.48989672482495e-18
5174.89091726902,6.64660723128171e-18
5175.89050987425,2.30636537214101e-18
5176.89010247948,3.15575132738557e-18
5177.8896950847,6.67157583035376e-18
5178.88928768993,1.96144543174566e-17
5179.88888029516,2.81991146002472e-17
5180.88847290039,5.12710513202089e-18
5181.88806550562,3.15691139843382e-18
5182.88765811085,1.77697545313559e-18
5183.88725071608,1.1807546419319e-17
5184.88684332131,7.71201604467648e-18
5185.88643592653,3.37636648288922e-18
5186.88602853176,1.3814968000575e-18
5187.88562113699,5.59131386835336e-18
5188.88521374222,5.17289678670805e-18
5189.88480634745,7.75339208579634e-18
5190.88439895268,1.34701740175705e-17
5191.88399155791,6.86245864889869e-18
5192.88358416313,5.68793486224871e-18
5193.88317676836,2.40543479432124e-17
5194.88276937359,8.28692101943084e-18
5195.88236197882,2.13990898671816e-18
5196.88195458405,1.32850341793711e-17
5197.88154718928,5.27687759252885e-17
5198.88113979451,1.80935057918847e-17
5199.88073239974,6.91201756932327e-19
5200.88032500496,2.07129399642432e-18
5201.87991761019,2.23439638851771e-18
5202.87951021542,9.53501081886778e-18
5203.87910282065,7.74687782336819e-18
5204.87869542588,1.71743363195325e-17
5205.87828803111,9.22712454376379e-18
5206.87788063634,5.08819684219006e-18
5207.87747324157,5.52887474148166e-18
5208.87706584679,5.66849252334819e-19
5209.87665845202,1.36225588097197e-17
5210.87625105725,1.68379770543565e-17
5211.87584366248,9.51711371573003e-18
5212.87543626771,7.3000500595442e-18
5213.87502887294,1.47098727087326e-17
5214.87462147817,7.14664174733241e-18
5215.8742140834,3.55558489978908e-19
5216.87380668862,6.98887087232102e-18
5217.87339929385,2.54854350602552e-18
5218.87299189908,1.34111220115953e-17
5219.87258450431,2.92563173870819e-17
5220.87217710954,1.55176095605772e-17
5221.87176971477,2.29961230063094e-18
5222.87136232,7.12054432309646e-18
5223.87095492522,7.22659923839517e-18
5224.87054753045,1.05076197641784e-19
5225.87014013568,5.90830570949413e-18
5226.86973274091,8.88065335364388e-18
5227.86932534614,5.86558873691748e-18
5228.86891795137,6.95077047372639e-18
5229.8685105566,6.92447577388041e-18
5230.86810316183,9.0134164202629e-19
5231.86769576705,3.65170759384927e-19
5232.86728837228,9.11457577346776e-18
5233.86688097751,9.8415544376784e-18
5234.86647358274,5.23874274965852e-18
5235.86606618797,8.4092557730822e-20
5236.8656587932,7.77093899250182e-18
5237.86525139843,1.89220624286545e-17
5238.86484400365,8.71994931765418e-18
5239.86443660888,1.32503167588926e-17
5240.86402921411,1.17332379649331e-17
5241.86362181934,1.76269741858188e-18
5242.86321442457,1.16382518282364e-19
5243.8628070298,4.39171759470245e-18
5244.86239963503,1.64064376452918e-17
5245.86199224026,1.15506817161018e-17
5246.86158484549,7.80983762783022e-18
5247.86117745071,2.85424372829984e-17
5248.86077005594,6.16350122043553e-18
5249.86036266117,8.323141328928e-18
5250.8599552664,1.09287462465061e-17
5251.85954787163,2.93565063974303e-17
5252.85914047686,2.41894621582701e-17
5253.85873308209,8.72429180281651e-18
5254.85832568731,8.28621379189982e-20
5255.85791829254,6.70901740993985e-19
5256.85751089777,8.14849173302861e-18
5257.857103503,1.93396867530881e-17
5258.85669610823,6.7650632324588e-18
5259.85628871346,9.16844202920706e-19
5260.85588131869,6.66154329730244e-18
5261.85547392392,7.38158982236211e-18
5262.85506652914,2.56672135664732e-18
5263.85465913437,9.15430747254408e-21
5264.8542517396,7.77245612357639e-19
5265.85384434483,3.20233910571136e-18
5266.85343695006,2.63280115155817e-18
5267.85302955529,7.60563510385274e-18
5268.85262216052,9.34274730797852e-18
5269.85221476574,5.91436557678512e-18
5270.85180737097,2.52376903267761e-17
5271.8513999762,9.14282189998015e-18
5272.85099258143,1.54933273713953e-17
5273.85058518666,1.32212092011371e-17
5274.85017779189,1.17481183384565e-17
5275.84977039712,1.3403075409835e-17
5276.84936300235,1.13197531812337e-17
5277.84895560758,1.6304167076026e-17
5278.8485482128,2.39433276505539e-17
5279.84814081803,1.06265524554663e-17
5280.84773342326,7.12904076732877e-18
5281.84732602849,4.05429745764868e-18
5282.84691863372,4.42953595426462e-18
5283.84651123895,2.32680665007175e-17
5284.84610384418,1.07680109508508e-17
5285.84569644941,5.6782333549285e-18
5286.84528905463,2.63694407882383e-17
5287.84488165986,1.13593260565397e-17
5288.84447426509,3.49602353429161e-18
5289.84406687032,9.64072411078138e-18
5290.84365947555,8.4543860331618e-18
5291.84325208078,2.05500600873891e-19
5292.84284468601,9.56929631607118e-18
5293.84243729123,3.31755176680154e-17
5294.84202989646,4.12672450282058e-17
5295.84162250169,2.31307562791693e-17
5296.84121510692,1.45042332785682e-17
5297.84080771215,1.6646404765871e-17
5298.84040031738,5.98689449516564e-18
5299.83999292261,7.67018715079802e-18
5300.83958552783,5.23201672682514e-18
5301.83917813306,5.05616492241182e-18
5302.83877073829,8.61922340612298e-18
5303.83836334352,1.0358671993581e-17
5304.83795594875,6.38719488837866e-18
5305.83754855398,8.48349563963493e-19
5306.83714115921,1.00815441925438e-17
5307.83673376444,6.69234252858586e-17
5308.83632636966,4.97898716758915e-17
5309.83591897489,6.51344215006479e-18
5310.83551158012,3.58847674467894e-17
5311.83510418535,1.09026484501621e-17
5312.83469679058,1.97938727066525e-17
5313.83428939581,5.4195626286518e-17
5314.83388200104,4.68249450659873e-17
5315.83347460627,1.40265235002798e-17
5316.8330672115,2.13724185189225e-19
5317.83265981672,1.07177026499569e-18
5318.83225242195,5.70451696082549e-19
5319.83184502718,6.76333906755495e-18
5320.83143763241,4.86985072835402e-18
5321.83103023764,1.95212301812825e-18
5322.83062284287,1.89422967418699e-17
5323.8302154481,1.44000059486656e-17
5324.82980805332,4.70490223846539e-18
5325.82940065855,1.89081227250851e-17
5326.82899326378,2.40551572958808e-17
5327.82858586901,4.45932861467709e-18
5328.82817847424,3.06846636298446e-18
5329.82777107947,2.94822821097947e-18
5330.8273636847,7.40706648837352e-18
5331.82695628992,5.15099632748865e-18
5332.82654889515,4.55440883221752e-18
5333.82614150038,1.07896059360369e-17
5334.82573410561,9.32469988712406e-19
5335.82532671084,1.52771419057874e-17
5336.82491931607,8.54286217068238e-18
5337.8245119213,1.59442186360314e-17
5338.82410452653,8.43789922204287e-18
5339.82369713175,1.33908526573293e-18
5340.82328973698,4.15397784506379e-18
5341.82288234221,9.18165314788905e-18
5342.82247494744,2.9917547650813e-18
5343.82206755267,1.4669875918883e-17
5344.8216601579,7.35743042005312e-18
5345.82125276313,1.74678952746317e-18
5346.82084536836,9.82408365757044e-18
5347.82043797358,3.41910059220732e-18
5348.82003057881,4.75581074016008e-18
5349.81962318404,6.53802906419391e-18
5350.81921578927,6.5789142911376e-18
5351.8188083945,2.85507128973011e-18
5352.81840099973,1.36607046536343e-18
5353.81799360496,2.93115882028774e-18
5354.81758621019,1.67532537191773e-17
5355.81717881541,2.28203618094884e-17
5356.81677142064,8.87137463482334e-18
5357.81636402587,4.08280757693128e-18
5358.8159566311,1.73243804749216e-18
5359.81554923633,5.14524799278723e-19
5360.81514184156,1.13237021306602e-18
5361.81473444679,9.31169013337093e-18
5362.81432705201,4.5355333505735e-17
5363.81391965724,3.29165505793514e-17
5364.81351226247,1.44284826867362e-17
5365.8131048677,1.81048006229196e-17
5366.81269747293,2.01745333590621e-17
5367.81229007816,5.26968606093449e-18
5368.81188268339,9.485027256184e-18
5369.81147528862,2.88203204375936e-19
5370.81106789384,1.74734329016027e-18
5371.81066049907,1.00255514104835e-18
5372.8102531043,5.87546679490448e-19
5373.80984570953,8.11830914414458e-18
5374.80943831476,2.17390864524768e-17
5375.80903091999,1.75787816877042e-18
5376.80862352522,1.1103049134733e-17
5377.80821613045,5.15857672974622e-18
5378.80780873567,7.88545871265364e-18
5379.8074013409,1.44840606736409e-17
5380.80699394613,1.25428973217961e-17
5381.80658655136,8.58124094667294e-18
5382.80617915659,1.32486779722482e-17
5383.80577176182,4.60585358847271e-18
5384.80536436705,5.38635892624994e-18
5385.80495697227,1.82704439077356e-17
5386.8045495775,9.57897371336651e-18
5387.80414218273,3.25965473292306e-19
5388.80373478796,1.36506836277052e-17
5389.80332739319,2.38311215127398e-17
5390.80291999842,1.14021639994578e-18
5391.80251260365,6.17209240152982e-18
5392.80210520888,1.25439435668095e-17
5393.8016978141,1.91925474412567e-17
5394.80129041933,1.35531290283353e-18
5395.80088302456,1.17812724333763e-17
5396.80047562979,6.33461931613172e-18
5397.80006823502,2.79330929247859e-17
5398.79966084025,1.75144236947772e-17
5399.79925344548,6.2208603489445e-18
5400.79884605071,2.75015264686368e-18
5401.79843865593,7.71378533583718e-19
5402.79803126116,8.05609866177995e-18
5403.79762386639,1.89823121499444e-17
5404.79721647162,1.73110861841553e-17
5405.79680907685,5.10106782654474e-18
5406.79640168208,5.27806750938967e-19
5407.79599428731,1.69451224113425e-18
5408.79558689254,9.4564362892911e-20
5409.79517949776,1.82514674657998e-18
5410.79477210299,1.94600465442584e-17
5411.79436470822,3.50170200484672e-17
5412.79395731345,2.65303292106574e-17
5413.79354991868,2.4433798480438e-17
5414.79314252391,5.78820397692564e-18
5415.79273512914,7.50886564896393e-18
5416.79232773437,5.49120975214076e-18
5417.79192033959,1.0066261254702e-17
5418.79151294482,6.63206914663167e-18
5419.79110555005,1.22083126636766e-17
5420.79069815528,1.69940257411427e-17
5421.79029076051,4.93800967929041e-18
5422.78988336574,4.14831760723497e-19
5423.78947597097,1.75536587491422e-18
5424.78906857619,1.1760547075228e-17
5425.78866118142,1.15639620330405e-17
5426.78825378665,3.21879908030492e-17
5427.78784639188,3.40749151052503e-17
5428.78743899711,7.06065507195855e-18
5429.78703160234,1.49599366927132e-17
5430.78662420757,2.37789532648071e-17
5431.7862168128,1.8436003763568e-17
5432.78580941802,1.50320469196615e-17
5433.78540202325,1.88417153215626e-17
5434.78499462848,5.87957467265351e-18
5435.78458723371,7.19669345733997e-18
5436.78417983894,7.5978328971184e-18
5437.78377244417,1.08562963678154e-17
5438.7833650494,2.3889219490637e-17
5439.78295765463,3.59800148185551e-18
5440.78255025985,7.87927197489888e-18
5441.78214286508,2.56978751993439e-17
5442.78173547031,4.99025586147151e-17
5443.78132807554,4.017491316071e-17
5444.78092068077,2.69131871125908e-17
5445.780513286,7.39510736968308e-18
5446.78010589123,3.40572150367625e-18
5447.77969849646,5.09545465940605e-18
5448.77929110168,3.73578900863615e-18
5449.77888370691,2.11674947435274e-17
5450.77847631214,6.14496211256094e-19
5451.77806891737,1.39600013560684e-18
5452.7776615226,1.06686632783678e-18
5453.77725412783,1.1413452011935e-18
5454.77684673306,9.1050979638627e-18
5455.77643933828,1.6904322099393e-17
5456.77603194351,9.76226948686009e-18
5457.77562454874,4.87230451907657e-18
5458.77521715397,5.35517016211418e-18
5459.7748097592,5.01499448754104e-18
5460.77440236443,5.19445812427779e-19
5461.77399496966,4.09776794107507e-18
5462.77358757489,3.11326760437799e-18
5463.77318018011,3.17828345923861e-18
5464.77277278534,2.46383925576441e-18
5465.77236539057,1.25341294394059e-18
5466.7719579958,1.58771009816501e-19
5467.77155060103,3.83226360720955e-18
5468.77114320626,5.17489631476463e-18
5469.77073581149,1.64226268350377e-17
5470.77032841672,6.69468350959512e-18
5471.76992102194,7.84738788331114e-20
5472.76951362717,1.34561982682906e-18
5473.7691062324,2.75132560660964e-18
5474.76869883763,2.38096422982789e-17
5475.76829144286,1.95192990610924e-17
5476.76788404809,1.61654707295474e-17
5477.76747665332,3.57805207125088e-18
5478.76706925855,6.03844716598829e-18
5479.76666186377,6.30743237801709e-19
5480.766254469,1.70109692775169e-17
5481.76584707423,1.0893989524801e-17
5482.76543967946,1.8061955382343e-17
5483.76503228469,1.66552487419872e-17
5484.76462488992,1.20095681665939e-17
5485.76421749515,1.90645897917223e-17
5486.76381010037,1.58981241203333e-17
5487.7634027056,8.49761042464095e-18
5488.76299531083,4.92385371335649e-18
5489.76258791606,1.13051738235592e-17
5490.76218052129,1.92197837991727e-17
5491.76177312652,1.64702445239174e-18
5492.76136573175,1.50584942798966e-17
5493.76095833698,2.26447564922962e-17
5494.7605509422,1.1598336674332e-17
5495.76014354743,8.83333968347711e-20
5496.75973615266,5.76736562238766e-19
5497.75932875789,1.90692340449854e-18
5498.75892136312,1.09295129382654e-17
5499.75851396835,2.97132213293031e-17
5500.75810657358,5.84375010376488e-18
5501.75769917881,6.38347482647626e-18
5502.75729178403,3.26610372452239e-19
5503.75688438926,2.30071254619363e-18
5504.75647699449,2.3246410876855e-19
5505.75606959972,5.39675512162767e-18
5506.75566220495,5.88079133275432e-19
5507.75525481018,1.18154900257671e-17
5508.75484741541,8.80229145359414e-18
5509.75444002064,1.4137532594558e-17
5510.75403262586,1.46065593067048e-17
5511.75362523109,1.54205480410007e-19
5512.75321783632,1.02225989127707e-17
5513.75281044155,7.54808856498154e-18
5514.75240304678,1.97004129900718e-18
5515.75199565201,1.86548294320373e-17
5516.75158825724,4.57806791024835e-18
5517.75118086246,5.21545254836627e-18
5518.75077346769,1.04522032845428e-17
5519.75036607292,7.13080843480022e-18
5520.74995867815,2.00007401484708e-17
5521.74955128338,2.8072571557772e-18
5522.74914388861,3.37481985411511e-19
5523.74873649384,1.00079509676636e-17
5524.74832909906,1.43610612827833e-17
5525.74792170429,5.31901426875308e-18
5526.74751430952,4.17696873506545e-21
5527.74710691475,8.30762884582759e-18
5528.74669951998,3.2976912305591e-17
5529.74629212521,1.06240853605602e-17
5530.74588473044,6.01810369290135e-18
5531.74547733567,1.10483406908946e-17
5532.7450699409,4.80834684482906e-18
5533.74466254612,3.11441692736673e-18
5534.74425515135,6.16148576086536e-18
5535.74384775658,3.01166182772547e-18
5536.74344036181,6.41053409330698e-18
5537.74303296704,1.49358926732839e-17
5538.74262557227,3.38130029277089e-17
5539.7422181775,1.2381694925205e-17
5540.74181078273,1.14311671206922e-18
5541.74140338795,2.06563038362268e-18
5542.74099599318,3.34134963954167e-19
5543.74058859841,6.01515045805748e-18
5544.74018120364,1.3892864419255e-17
5545.73977380887,7.7648631469585e-18
5546.7393664141,4.41528022134679e-18
5547.73895901933,2.06763372353225e-18
5548.73855162455,1.70091972639119e-18
5549.73814422978,7.91656370027606e-19
5550.73773683501,5.78935239857367e-18
5551.73732944024,1.77264016105185e-17
5552.73692204547,1.88372653660507e-18
5553.7365146507,9.28684073123303e-19
5554.73610725593,1.30700916245808e-18
5555.73569986115,7.8492115262514e-18
5556.73529246638,2.35196357093398e-17
5557.73488507161,3.7090150929042e-17
5558.73447767684,3.44958373831269e-17
5559.73407028207,1.84565248521411e-18
5560.7336628873,2.25861060310384e-18
5561.73325549253,1.51269876608971e-19
5562.73284809776,2.33283021334767e-19
5563.73244070298,7.00055998804269e-18
5564.73203330821,2.08185573549405e-17
5565.73162591344,3.35941628917179e-17
5566.73121851867,3.2730464421318e-17
5567.7308111239,1.27506893583136e-17
5568.73040372913,4.59276591894371e-18
5569.72999633436,1.28869923211988e-17
5570.72958893959,2.05134860492809e-17
5571.72918154482,6.50278511878887e-18
5572.72877415004,3.26546875638907e-18
5573.72836675527,5.11849420172657e-18
5574.7279593605,7.27956772956802e-18
5575.72755196573,1.92206407330671e-17
5576.72714457096,2.27287070316154e-18
5577.72673717619,5.45470639193388e-18
5578.72632978142,7.27215536744308e-18
5579.72592238664,2.24539923904573e-18
5580.72551499187,2.40864366949935e-19
5581.7251075971,5.69322963636408e-18
5582.72470020233,1.00894887722818e-17
5583.72429280756,1.67548099699957e-17
5584.72388541279,3.5979708246895e-17
5585.72347801802,4.54723834169063e-17
5586.72307062324,1.97931948926257e-17
5587.72266322847,2.01749153225033e-18
5588.7222558337,3.1593684830707e-18
5589.72184843893,4.75710279031246e-18
5590.72144104416,1.56032213023394e-18
5591.72103364939,8.7850596022055e-18
5592.72062625462,1.34049105330568e-17
5593.72021885985,1.964860555863e-17
5594.71981146507,8.10858567347119e-18
5595.7194040703,4.4146902451728e-18
5596.71899667553,4.13263678549778e-17
5597.71858928076,1.92365409078091e-17
5598.71818188599,1.37119503864625e-17
5599.71777449122,4.57176712722532e-18
5600.71736709645,6.33499376370747e-19
5601.71695970168,1.72534037456309e-18
5602.71655230691,3.12259954264571e-18
5603.71614491213,2.80156173275663e-18
5604.71573751736,5.84314278135492e-18
5605.71533012259,1.10029862451689e-17
5606.71492272782,2.46286209820801e-17
5607.71451533305,3.25888409132723e-17
5608.71410793828,2.07401639461452e-17
5609.71370054351,2.32798752025441e-17
5610.71329314873,2.87428756437352e-17
5611.71288575396,4.39451899045807e-18
5612.71247835919,4.09976050227184e-18
5613.71207096442,8.4232466642886e-18
5614.71166356965,1.63136676972765e-17
5615.71125617488,1.28244647078439e-17
5616.71084878011,5.39413842511708e-18
5617.71044138534,1.52035492848405e-17
5618.71003399056,3.02207668407491e-17
5619.70962659579,3.57422115444779e-17
5620.70921920102,9.58573994802332e-18
5621.70881180625,4.29488425374284e-19
5622.70840441148,3.99761904861889e-18
5623.70799701671,7.99447718898047e-18
5624.70758962194,1.84878316399784e-19
5625.70718222716,2.06811333665195e-17
5626.70677483239,2.65428305058802e-17
5627.70636743762,1.06005982778081e-17
5628.70596004285,2.30911642168935e-18
5629.70555264808,6.80230069907468e-18
5630.70514525331,1.16557311355828e-17
5631.70473785854,2.97984035112774e-18
5632.70433046377,4.10087588729884e-18
5633.70392306899,1.04673798166139e-18
5634.70351567422,1.19861104565119e-18
5635.70310827945,2.33249954737417e-17
5636.70270088468,2.28149257033532e-17
5637.70229348991,1.08940966636689e-17
5638.70188609514,8.79840615484981e-18
5639.70147870037,8.21646217419813e-18
5640.7010713056,8.89589853844542e-18
5641.70066391082,1.59645610781662e-18
5642.70025651605,5.21374739635209e-18
5643.69984912128,3.97686419365684e-18
5644.69944172651,2.88994051987514e-18
5645.69903433174,1.336337723087e-17
5646.69862693697,1.13583349722405e-17
5647.6982195422,1.34091089918484e-18
5648.69781214743,2.65289636470646e-18
5649.69740475265,1.41567513836292e-18
5650.69699735788,3.58961743818336e-19
5651.69658996311,8.61340038082786e-18
5652.69618256834,9.00707063335731e-18
5653.69577517357,1.33878893802688e-17
5654.6953677788,6.18131699308265e-18
5655.69496038403,2.49945140893818e-17
5656.69455298925,8.74003054317557e-18
5657.69414559448,7.03537366565872e-18
5658.69373819971,8.59869516868115e-19
5659.69333080494,5.7667425427218e-18
5660.69292341017,2.34490934317093e-17
5661.6925160154,1.36133129521295e-17
5662.69210862063,3.35012694792356e-18
5663.69170122586,1.9821358160775e-18
5664.69129383108,2.99411906124839e-17
5665.69088643631,1.71024666293447e-17
5666.69047904154,3.18912570540022e-18
5667.69007164677,1.10156515632741e-18
5668.689664252,5.63380521768415e-18
5669.68925685723,1.76636399349037e-18
5670.68884946246,2.2976419486869e-17
5671.68844206769,8.18180925290636e-18
5672.68803467291,1.80292860072572e-17
5673.68762727814,3.21662270944241e-17
5674.68721988337,7.29095218030911e-18
5675.6868124886,8.77537735525788e-19
5676.68640509383,1.30413846121035e-18
5677.68599769906,1.04052646587934e-17
5678.68559030429,2.84186056510232e-18
5679.68518290952,1.41190105951335e-19
5680.68477551474,6.63801383792285e-19
5681.68436811997,1.39281798494167e-18
5682.6839607252,2.18890288901009e-18
5683.68355333043,2.84485409536862e-17
5684.68314593566,5.00472115521874e-17
5685.68273854089,2.15073734213638e-17
5686.68233114612,1.17714728150353e-17
5687.68192375134,1.09698309973214e-17
5688.68151635657,1.1803041315412e-18
5689.6811089618,9.05876795394603e-18
5690.68070156703,5.95418561973083e-18
5691.68029417226,4.74050394610869e-19
5692.67988677749,9.25522949495996e-19
5693.67947938272,5.82359312387311e-18
5694.67907198795,2.25028246210991e-17
5695.67866459317,4.47713090843592e-17
5696.6782571984,3.70913977983539e-17
5697.67784980363,7.32192797670514e-18
5698.67744240886,4.28395568508303e-19
5699.67703501409,9.16191686058137e-18
5700.67662761932,6.41805584438137e-18
5701.67622022455,2.42515376453441e-18
5702.67581282978,3.2930084300396e-18
5703.675405435,2.56574988710767e-17
5704.67499804023,2.90700654538628e-17
5705.67459064546,1.08656314779033e-17
5706.67418325069,2.92246227751473e-18
5707.67377585592,6.11256070409283e-18
5708.67336846115,1.14176229416141e-17
5709.67296106638,8.74221371049005e-18
5710.67255367161,1.34389045878583e-17
5711.67214627683,1.40605214202508e-17
5712.67173888206,1.28905911171181e-17
5713.67133148729,1.00082868283437e-17
5714.67092409252,2.50066287637639e-17
5715.67051669775,3.36523786501363e-17
5716.67010930298,8.7697551452291e-18
5717.66970190821,2.97958350073145e-19
5718.66929451344,4.61138709890861e-18
5719.66888711866,1.09375932001803e-17
5720.66847972389,8.88066656787421e-20
5721.66807232912,5.82028045559228e-19
5722.66766493435,5.05059616307742e-18
5723.66725753958,5.43588818104275e-18
5724.66685014481,6.93074824484513e-18
5725.66644275004,1.86835550545123e-17
5726.66603535526,1.23423456852306e-17
5727.66562796049,1.49326239901629e-17
5728.66522056572,2.02312659935785e-17
5729.66481317095,3.95169611481741e-17
5730.66440577618,2.31511978853521e-17
5731.66399838141,3.28070548686095e-18
5732.66359098664,1.66947756156272e-18
5733.66318359187,2.01753746363174e-17
5734.66277619709,1.46047195817424e-17
5735.66236880232,1.5804553235588e-17
5736.66196140755,2.1301326756353e-17
5737.66155401278,3.56995983200616e-18
5738.66114661801,4.05091222071886e-18
5739.66073922324,2.71440953833693e-17
5740.66033182847,2.48883942748552e-17
5741.6599244337,5.17726823038937e-18
5742.65951703892,1.48419704839854e-18
5743.65910964415,1.76641840714068e-17
5744.65870224938,1.89949276213853e-17
5745.65829485461,9.54881062152994e-18
5746.65788745984,3.1560161090174e-17
5747.65748006507,1.97789500038068e-17
5748.6570726703,5.00192557545856e-18
5749.65666527553,3.63626056185977e-18
5750.65625788075,9.67510030639577e-18
5751.65585048598,8.99943938703748e-18
5752.65544309121,6.50111615974367e-18
5753.65503569644,6.23869803009004e-18
5754.65462830167,1.02794819059452e-17
5755.6542209069,1.2469435080027e-17
5756.65381351213,2.80763033260408e-17
5757.65340611735,1.21879044925846e-17
5758.65299872258,2.02785311024031e-18
5759.65259132781,3.59473870153757e-17
5760.65218393304,3.94801403438477e-17
5761.65177653827,3.10356105200184e-17
5762.6513691435,3.07908980180943e-17
5763.65096174873,1.21024939904375e-17
5764.65055435396,4.96567180467203e-18
5765.65014695918,4.30876734037633e-19
5766.64973956441,4.81413005471361e-18
5767.64933216964,9.09516141240012e-18
5768.64892477487,5.7197553189422e-18
5769.6485173801,2.74656888201644e-19
5770.64810998533,4.43369593230783e-19
5771.64770259056,7.81535893184019e-19
5772.64729519578,7.47832478170405e-18
5773.64688780101,3.1405489146016e-18
5774.64648040624,2.07973159015249e-18
5775.64607301147,1.94713037198304e-19
5776.6456656167,8.60650778848455e-18
5777.64525822193,3.00056320084798e-17
5778.64485082716,5.41431593641522e-18
5779.64444343239,2.91785245989043e-18
5780.64403603762,1.51935682432831e-17
5781.64362864284,6.22267824893257e-18
5782.64322124807,8.03664883539775e-18
5783.6428138533,1.67141729575676e-17
5784.64240645853,2.74026553940852e-17
5785.64199906376,8.96145506274026e-18
5786.64159166899,6.1255196398513e-18
5787.64118427422,7.45884864987785e-18
5788.64077687944,7.08103430209211e-19
5789.64036948467,2.49994419752038e-18
5790.6399620899,7.65710605961218e-18
5791.63955469513,5.7505454067151e-19
5792.63914730036,5.71665341903924e-18
5793.63873990559,1.3138011383041e-18
5794.63833251082,1.85520816661672e-17
5795.63792511605,2.43289738451371e-17
5796.63751772127,2.07296647508572e-17
5797.6371103265,6.60637654352345e-18
5798.63670293173,1.70374756688909e-18
5799.63629553696,4.82355592884187e-18
5800.63588814219,1.94070050287428e-17
5801.63548074742,3.11040717466883e-17
5802.63507335265,1.1313970342724e-18
5803.63466595787,2.7312513908165e-17
5804.6342585631,3.64853181671048e-17
5805.63385116833,2.10745007061319e-17
5806.63344377356,2.32293773615252e-17
5807.63303637879,1.52876904963741e-18
5808.63262898402,2.34066450015874e-17
5809.63222158925,8.0501954107281e-18
5810.63181419448,3.2955378499011e-18
5811.6314067997,2.86641194544286e-17
5812.63099940493,2.37781837661639e-17
5813.63059201016,5.97525933232507e-19
5814.63018461539,3.81452217609292e-18
5815.62977722062,3.81989416344805e-18
5816.62936982585,3.31008031429909e-18
5817.62896243108,4.05210218497297e-18
5818.62855503631,1.64873666543813e-17
5819.62814764154,1.36025922342485e-17
5820.62774024676,4.98125913872797e-18
5821.62733285199,1.87327835937995e-17
5822.62692545722,6.63235629731717e-18
5823.62651806245,4.96729613407622e-18
5824.62611066768,6.3896952939632e-19
5825.62570327291,6.91653091152025e-18
5826.62529587814,1.36139081784878e-17
5827.62488848336,3.02120387911891e-18
5828.62448108859,9.52418948472623e-19
5829.62407369382,4.73978950803114e-18
5830.62366629905,5.72008275028359e-18
5831.62325890428,1.57801058277173e-17
5832.62285150951,3.71872722441314e-17
5833.62244411474,5.8518977457753e-18
5834.62203671996,1.0562974148885e-18
5835.62162932519,2.71964096988634e-18
5836.62122193042,1.98091466420819e-17
5837.62081453565,2.15739774982081e-17
5838.62040714088,3.23423705500297e-18
5839.61999974611,4.82124728391642e-18
5840.61959235134,6.37906296915604e-18
5841.61918495657,7.40344626176886e-18
5842.61877756179,5.69934948160426e-18
5843.61837016702,4.98866964291502e-18
5844.61796277225,3.30828740202504e-18
5845.61755537748,4.77950779382778e-18
5846.61714798271,1.09956262594433e-17
5847.61674058794,3.90521963922933e-18
5848.61633319317,1.7204516886864e-17
5849.6159257984,1.64413853772985e-17
5850.61551840362,1.169456066988e-17
5851.61511100885,3.1820583471341e-17
5852.61470361408,1.90927263960055e-17
5853.61429621931,1.19143238115993e-17
5854.61388882454,6.00398152375721e-18
5855.61348142977,8.48798740594518e-19
5856.613074035,8.38940166233316e-18
5857.61266664023,1.11115682011388e-18
5858.61225924545,1.45547134428976e-17
5859.61185185068,5.28258341617168e-18
5860.61144445591,3.19348740210037e-18
5861.61103706114,5.06685395227488e-18
5862.61062966637,3.07747835500605e-17
5863.6102222716,2.26977749356888e-17
5864.60981487683,2.90859544565158e-18
5865.60940748205,7.97970428776215e-19
5866.60900008728,5.27965382439223e-19
5867.60859269251,4.91773092263062e-19
5868.60818529774,2.76482998241933e-18
5869.60777790297,1.23257230314995e-18
5870.6073705082,7.24408324627627e-19
5871.60696311343,2.78353480128507e-18
5872.60655571866,2.06595862283231e-18
5873.60614832388,3.77091663618274e-18
5874.60574092911,1.01341083855663e-17
5875.60533353434,3.89914840610392e-17
5876.60492613957,1.98035403749224e-17
5877.6045187448,1.55476280635131e-18
5878.60411135003,4.4091071804789e-18
5879.60370395526,1.42624408450194e-17
5880.60329656049,8.21012284570877e-18
5881.60288916571,5.19120761371936e-18
5882.60248177094,1.34032858790207e-18
5883.60207437617,9.19879566997768e-19
5884.6016669814,1.11248211471796e-17
5885.60125958663,2.98029356545685e-17
5886.60085219186,2.79596322817163e-17
5887.60044479709,1.30238530638894e-17
5888.60003740231,4.23214335575415e-18
5889.59963000754,2.13608866444149e-18
5890.59922261277,6.88874980109876e-18
5891.598815218,2.56182154516739e-17
5892.59840782323,8.95163506365661e-18
5893.59800042846,9.03249698759484e-18
5894.59759303369,2.9293153953487e-18
5895.59718563892,1.62213347832789e-17
5896.59677824414,2.18270083496865e-17
5897.59637084937,5.9978551942952e-18
5898.5959634546,4.03228546558992e-18
5899.59555605983,3.86221570039141e-18
5900.59514866506,9.6391279823194e-19
5901.59474127029,1.59648704352861e-17
5902.59433387552,1.32438066895019e-17
5903.59392648075,5.52828066568129e-18
5904.59351908597,7.82930994798904e-18
5905.5931116912,2.08756525666346e-18
5906.59270429643,1.94548615483248e-17
5907.59229690166,3.13509421052207e-17
5908.59188950689,6.29400672193323e-18
5909.59148211212,4.48624497796701e-18
5910.59107471735,1.53338354086073e-17
5911.59066732258,1.51809866206797e-17
5912.5902599278,2.96236003257788e-18
5913.58985253303,6.88588732295717e-18
5914.58944513826,1.68135866879463e-17
5915.58903774349,8.32398524524012e-18
5916.58863034872,7.94944401953239e-18
5917.58822295395,1.40760383953174e-17
5918.58781555918,3.52587244945561e-17
5919.5874081644,4.12975987403249e-17
5920.58700076963,1.18763981309624e-17
5921.58659337486,5.31272075334821e-18
5922.58618598009,1.58493330489283e-17
5923.58577858532,9.43286587324544e-18
5924.58537119055,5.8563320016493e-18
5925.58496379578,2.34408505368347e-17
5926.58455640101,1.3584943554998e-17
5927.58414900623,2.95206299529512e-18
5928.58374161146,1.02869609786675e-17
5929.58333421669,1.58195763524364e-17
5930.58292682192,1.34590415417133e-17
5931.58251942715,1.60178796087512e-18
5932.58211203238,3.61527571831749e-18
5933.58170463761,1.30065057206136e-17
5934.58129724284,5.9955624275603e-18
5935.58088984806,9.19577699676366e-18
5936.58048245329,1.79587517556509e-18
5937.58007505852,9.31417205839257e-18
5938.57966766375,7.07564263778928e-18
5939.57926026898,2.0519302692687e-18
5940.57885287421,3.85150265476005e-18
5941.57844547944,1.63706037151424e-17
5942.57803808467,1.17253917131014e-17
5943.57763068989,1.33246392118068e-17
5944.57722329512,7.60589705746856e-19
5945.57681590035,1.03065764381285e-17
5946.57640850558,7.80235372425704e-18
5947.57600111081,2.39516630972578e-17
5948.57559371604,2.69786272153524e-17
5949.57518632127,1.24171016841637e-17
5950.5747789265,2.94506411900658e-18
5951.57437153172,4.30343670176756e-18
5952.57396413695,7.93177134224684e-18
5953.57355674218,2.7427375029057e-17
5954.57314934741,1.20051853710191e-17
5955.57274195264,5.63140494879004e-18
5956.57233455787,1.34162286980912e-17
5957.5719271631,5.66695821184145e-18
5958.57151976832,2.41367260892814e-19
5959.57111237355,3.58846994750872e-18
5960.57070497878,5.50501160347731e-18
5961.57029758401,1.42191932549878e-19
5962.56989018924,7.58116452293013e-18
5963.56948279447,8.37279406862179e-18
5964.5690753997,3.36216383178305e-18
5965.56866800493,7.63660004456038e-18
5966.56826061015,1.24881748027639e-17
5967.56785321538,5.53237805225963e-19
5968.56744582061,3.08315465816533e-18
5969.56703842584,1.24888360360347e-17
5970.56663103107,1.04291204650022e-17
5971.5662236363,1.03730028330456e-18
5972.56581624153,1.67866242334706e-18
5973.56540884676,1.12413655541933e-17
5974.56500145198,1.79115685398954e-17
5975.56459405721,3.58177491777962e-18
5976.56418666244,9.40173387689937e-18
5977.56377926767,8.66426565877424e-18
5978.5633718729,7.81060185547057e-20
5979.56296447813,1.34494375553037e-18
5980.56255708336,3.37595128395235e-18
5981.56214968859,2.56081106397527e-18
5982.56174229381,3.41151687257402e-18
5983.56133489904,1.96200926384166e-17
5984.56092750427,6.55086016344915e-18
5985.5605201095,1.09858133255277e-18
5986.56011271473,3.03740688215108e-18
5987.55970531996,6.19844463150076e-18
5988.55929792519,1.41518993558942e-17
5989.55889053041,1.31175763054675e-18
5990.55848313564,6.54085023089752e-18
5991.55807574087,1.34873402574732e-18
5992.5576683461,4.06913298547802e-18
5993.55726095133,7.94052648674683e-18
5994.55685355656,9.8400567391332e-19
5995.55644616179,1.40262044823615e-17
5996.55603876702,4.94639792825477e-18
5997.55563137224,1.76786285005465e-17
5998.55522397747,5.35549212311956e-18
5999.5548165827,2.57960184668372e-17
6000.55440918793,5.17361516322882e-18
6001.55400179316,6.26728793829558e-19
6002.55359439839,2.42007341991984e-17
6003.55318700362,1.5604355351466e-17
6004.55277960885,1.19822853006741e-17
6005.55237221407,1.08523195364155e-17
6006.5519648193,6.83697775749086e-18
6007.55155742453,8.88361392113365e-18
6008.55115002976,1.99086763325913e-17
6009.55074263499,1.59033398273273e-17
6010.55033524022,1.28210620762359e-17
6011.54992784545,8.9979316307887e-18
6012.54952045068,5.37633374749595e-18
6013.5491130559,2.9260319348526e-19
6014.54870566113,1.63932398572127e-18
6015.54829826636,6.05862938703817e-18
6016.54789087159,5.1188912543013e-18
6017.54748347682,3.77006758385489e-18
6018.54707608205,1.21586586997578e-17
6019.54666868728,2.40701951963741e-19
6020.5462612925,1.44130778679978e-18
6021.54585389773,1.52803601902988e-18
6022.54544650296,2.46213613617275e-17
6023.54503910819,2.58672775507977e-17
6024.54463171342,1.19762908229217e-17
6025.54422431865,1.95257345837994e-17
6026.54381692388,1.05755429465157e-17
6027.5434095291,2.31321855811553e-18
6028.54300213433,2.86884555248004e-18
6029.54259473956,9.57149385665197e-18
6030.54218734479,6.17250537455171e-18
6031.54177995002,5.54753597557508e-19
6032.54137255525,9.14922812729898e-18
6033.54096516048,8.84582254626039e-18
6034.54055776571,4.07410296230309e-18
6035.54015037094,1.35438827587236e-17
6036.53974297616,1.23249786655649e-17
6037.53933558139,6.79777087926943e-18
6038.53892818662,1.36619834629969e-17
6039.53852079185,8.21287027962304e-18
6040.53811339708,1.69137918349685e-17
6041.53770600231,3.62523924324057e-17
6042.53729860754,3.85591251506911e-17
6043.53689121277,3.60871824514537e-17
6044.53648381799,1.66250394256303e-17
6045.53607642322,5.97996942560076e-18
6046.53566902845,9.35168654970856e-18
6047.53526163368,4.80728500663e-18
6048.53485423891,2.54290541762679e-19
6049.53444684414,9.30757173141487e-19
6050.53403944937,5.01593561463942e-18
6051.53363205459,1.08415837580553e-17
6052.53322465982,1.45437161969169e-17
6053.53281726505,1.58671325800827e-17
6054.53240987028,6.05885695011655e-18
6055.53200247551,7.37175224107861e-19
6056.53159508074,1.77935174861098e-18
6057.53118768597,1.31280550065354e-17
6058.53078029119,3.28579391248155e-17
6059.53037289642,8.30232450903262e-18
6060.52996550165,5.17178491339636e-18
6061.52955810688,3.09172298719476e-18
6062.52915071211,1.01211959095994e-17
6063.52874331734,1.75737420227682e-17
6064.52833592257,1.39811758782549e-17
6065.5279285278,1.21915676623044e-17
6066.52752113303,9.8417691050545e-18
6067.52711373825,2.45200268209247e-18
6068.52670634348,1.59495843642893e-17
6069.52629894871,1.28895718922661e-17
6070.52589155394,1.95076580136862e-18
6071.52548415917,1.88446536807839e-18
6072.5250767644,7.56499928786328e-18
6073.52466936963,5.37766170024532e-18
6074.52426197486,1.03549949238614e-17
6075.52385458008,1.57110530482732e-18
6076.52344718531,8.39760544580337e-19
6077.52303979054,3.18983268920683e-19
6078.52263239577,5.3267526133002e-18
6079.522225001,1.16486312819805e-18
6080.52181760623,5.54882891651133e-18
6081.52141021146,2.44930794181983e-18
6082.52100281668,1.08800838071762e-17
6083.52059542191,3.22260812468152e-17
6084.52018802714,1.83607843346914e-17
6085.51978063237,1.75753814003792e-17
6086.5193732376,1.46678200557755e-17
6087.51896584283,4.18765013180748e-17
6088.51855844806,8.29129751791656e-17
6089.51815105328,1.17557580252384e-17
6090.51774365851,3.28145612910088e-19
6091.51733626374,3.9237634874606e-18
6092.51692886897,1.74602976643011e-18
6093.5165214742,1.28097526248796e-18
6094.51611407943,2.2072883992903e-18
6095.51570668466,1.26349573860929e-18
6096.51529928989,4.07302557578765e-18
6097.51489189511,2.27178867406463e-17
6098.51448450034,9.84648495670809e-18
6099.51407710557,2.40536179503368e-17
6100.5136697108,3.83067432079949e-17
6101.51326231603,1.1284115968318e-17
6102.51285492126,1.16268375050201e-17
6103.51244752649,1.07828255077025e-18
6104.51204013172,2.94284355033691e-18
6105.51163273695,1.70249108098676e-17
6106.51122534217,2.85681005700297e-17
6107.5108179474,1.09245772432496e-18
6108.51041055263,2.41600293132329e-18
6109.51000315786,2.80614154732019e-18
6110.50959576309,3.91573997684682e-18
6111.50918836832,2.58099031337e-17
6112.50878097355,2.46670960075803e-17
6113.50837357877,1.4056177708886e-17
6114.507966184,7.86518690115194e-18
6115.50755878923,4.34903847514922e-21
6116.50715139446,2.20426709730851e-18
6117.50674399969,2.94852147009096e-18
6118.50633660492,3.09506308757086e-19
6119.50592921015,7.14246418091413e-18
6120.50552181537,6.62857396455636e-18
6121.5051144206,2.51779865093377e-19
6122.50470702583,5.63525417799796e-18
6123.50429963106,6.40482783053732e-18
6124.50389223629,3.76911960340941e-18
6125.50348484152,2.95198323976191e-18
6126.50307744675,8.29686606405905e-18
6127.50267005198,7.83754356799387e-18
6128.5022626572,3.52425078569924e-18
6129.50185526243,1.34950152524851e-17
6130.50144786766,5.61122958876787e-18
6131.50104047289,8.60516941981612e-19
6132.50063307812,8.24100039868166e-18
6133.50022568335,1.77596293378787e-17
6134.49981828858,7.88730688509841e-18
6135.49941089381,9.46205479757626e-18
6136.49900349903,1.2116499323266e-17
6137.49859610426,1.04863875936693e-17
6138.49818870949,6.37298333008573e-18
6139.49778131472,1.82503143691442e-17
6140.49737391995,1.65544248743105e-17
6141.49696652518,1.88751508898657e-18
6142.49655913041,7.70784133357767e-18
6143.49615173564,3.3663460048569e-18
6144.49574434086,1.32790628627252e-17
6145.49533694609,1.07127996875652e-18
6146.49492955132,9.53737720837184e-18
6147.49452215655,6.37913082044233e-18
6148.49411476178,8.31031759891662e-18
6149.49370736701,1.51307295077632e-17
6150.49329997224,1.1064611475117e-17
6151.49289257746,2.90948253657057e-17
6152.49248518269,3.79366734807667e-17
6153.49207778792,2.46757776925513e-17
6154.49167039315,1.9186040239911e-17
6155.49126299838,5.88035047969394e-18
6156.49085560361,1.35979169043873e-17
6157.49044820884,8.61706726683661e-19
6158.49004081407,6.10893407871167e-18
6159.48963341929,7.25949931862659e-18
6160.48922602452,1.48965465577416e-18
6161.48881862975,9.88190062389838e-18
6162.48841123498,3.66426414364034e-19
6163.48800384021,1.00132243624935e-17
6164.48759644544,2.65971600814986e-17
6165.48718905067,1.31950991388479e-17
6166.4867816559,6.66927189028129e-18
6167.48637426112,9.27106725964851e-18
6168.48596686635,1.3520994950753e-17
6169.48555947158,6.55197937046184e-18
6170.48515207681,9.09734900740696e-19
6171.48474468204,1.18755774480599e-18
6172.48433728727,2.5653860105329e-18
6173.4839298925,2.42932796976663e-18
6174.48352249773,8.07205017674768e-19
6175.48311510295,1.65313782820346e-17
6176.48270770818,2.31264373481095e-17
6177.48230031341,2.41492846933522e-18
6178.48189291864,1.13037959412721e-17
6179.48148552387,1.73771914639401e-17
6180.4810781291,1.70530911004339e-18
6181.48067073433,4.80419991953751e-19
6182.48026333956,1.45862683268998e-18
6183.47985594478,2.85550684577964e-18
6184.47944855001,1.67020267909113e-17
6185.47904115524,2.21504684902773e-17
6186.47863376047,1.616852590627e-17
6187.4782263657,1.05518194842732e-17
6188.47781897093,6.69589555973338e-18
6189.47741157616,5.2450392880555e-19
6190.47700418138,9.64189322078799e-20
6191.47659678661,2.25131338844931e-18
6192.47618939184,1.34184276616409e-17
6193.47578199707,2.35209043975276e-18
6194.4753746023,7.78342390351438e-19
6195.47496720753,2.9511844103774e-18
6196.47455981276,1.17590804511308e-18
6197.47415241799,2.29264783642e-17
6198.47374502321,4.98210122363182e-17
6199.47333762844,1.10461633486507e-17
6200.47293023367,3.7577317774518e-19
6201.4725228389,1.3997151602848e-18
6202.47211544413,4.14659527032762e-18
6203.47170804936,2.68039019618764e-18
6204.47130065459,3.15058853372667e-18
6205.47089325982,9.35409953075303e-18
6206.47048586504,3.60231149518336e-17
6207.47007847027,1.8170005654844e-17
6208.4696710755,4.80539655812989e-20
6209.46926368073,4.94240361559158e-18
6210.46885628596,1.44151435493978e-17
6211.46844889119,1.97362446994754e-18
6212.46804149642,5.82793671530228e-18
6213.46763410165,1.78292966839964e-18
6214.46722670687,6.16738256131553e-19
6215.4668193121,1.42523724428548e-17
6216.46641191733,2.50470169115082e-17
6217.46600452256,1.79063820648217e-17
6218.46559712779,4.55874394132432e-18
6219.46518973302,2.61485070732415e-17
6220.46478233825,2.44090816056219e-17
6221.46437494347,5.72644841871176e-19
6222.4639675487,1.62400914018336e-17
6223.46356015393,2.440022726444e-17
6224.46315275916,1.38088270941737e-17
6225.46274536439,2.73511050446654e-17
6226.46233796962,1.99794339944928e-17
6227.46193057485,8.93508275918423e-18
6228.46152318008,4.27553522396215e-20
6229.4611157853,1.12669444288018e-17
6230.46070839053,1.68852643573582e-17
6231.46030099576,1.48083610177205e-17
6232.45989360099,3.13522501690783e-18
6233.45948620622,1.87217081765385e-17
6234.45907881145,3.711379838223e-17
6235.45867141668,7.22262316167162e-18
6236.45826402191,4.97232519367999e-18
6237.45785662713,1.55488270005597e-19
6238.45744923236,1.96028727666739e-17
6239.45704183759,2.55657140525463e-17
6240.45663444282,1.67644832259516e-17
6241.45622704805,4.38232873538214e-18
6242.45581965328,7.15227421771375e-18
6243.45541225851,5.44201386667255e-19
6244.45500486374,2.27192656158868e-17
6245.45459746896,7.30840521252522e-18
6246.45419007419,8.22797349244021e-19
6247.45378267942,8.04796038872907e-18
6248.45337528465,2.25717697451924e-17
6249.45296788988,6.56095846407236e-19
6250.45256049511,1.31455353197007e-17
6251.45215310034,2.50594570667863e-17
6252.45174570556,6.0461277757609e-17
6253.45133831079,2.35737603294686e-17
6254.45093091602,2.1008591131167e-17
6255.45052352125,1.86875488249694e-17
6256.45011612648,4.38266197795658e-18
6257.44970873171,1.38965241458879e-18
6258.44930133694,8.86643084883539e-19
6259.44889394217,6.41699911352515e-19
6260.44848654739,5.82873427725483e-18
6261.44807915262,1.54114256798019e-17
6262.44767175785,2.045398885911e-17
6263.44726436308,1.01972014681465e-17
6264.44685696831,4.30860800840176e-18
6265.44644957354,1.38247817605525e-17
6266.44604217877,1.47604085602324e-18
6267.445634784,2.60793524923018e-18
6268.44522738922,1.19015189580215e-17
6269.44481999445,1.8606736434667e-17
6270.44441259968,2.16392815785979e-17
6271.44400520491,3.97767752439239e-17
6272.44359781014,2.43394830415662e-17
6273.44319041537,7.37460906309544e-19
6274.4427830206,1.64515639073446e-17
6275.44237562582,3.15841177788433e-18
6276.44196823105,6.62903403072113e-18
6277.44156083628,5.53269018457386e-18
6278.44115344151,1.43950744851835e-17
6279.44074604674,2.16242348116032e-17
6280.44033865197,1.93784808877007e-18
6281.4399312572,4.853224842803e-18
6282.43952386243,5.03125886931984e-18
6283.43911646766,4.87466029415043e-18
6284.43870907288,1.67224809464218e-17
6285.43830167811,1.2907024779294e-17
6286.43789428334,7.92567191850619e-18
6287.43748688857,1.88694610138508e-17
6288.4370794938,3.65690930655302e-17
6289.43667209903,8.1652069556078e-18
6290.43626470426,1.03464646665756e-17
6291.43585730948,1.07894480750077e-17
6292.43544991471,5.60304563782754e-18
6293.43504251994,9.97203577599551e-19
6294.43463512517,6.83243799396914e-19
6295.4342277304,1.22857554760253e-17
6296.43382033563,1.11448661312584e-17
6297.43341294086,5.68982012952104e-18
6298.43300554609,1.96514948532968e-18
6299.43259815131,4.52111861104042e-19
6300.43219075654,7.54573352752882e-19
6301.43178336177,1.91665988321766e-18
6302.431375967,1.29217141246741e-17
6303.43096857223,6.9326225585286e-18
6304.43056117746,8.41857028171216e-18
6305.43015378269,2.84462767457068e-17
6306.42974638791,8.0972579222854e-18
6307.42933899314,3.62115144000551e-18
6308.42893159837,3.54451587302109e-18
6309.4285242036,1.43902186182582e-17
6310.42811680883,3.10766930783718e-17
6311.42770941406,3.88943932810944e-17
6312.42730201929,2.08397367309138e-17
6313.42689462452,1.45753212942264e-19
6314.42648722974,1.0168080466754e-17
6315.42607983497,8.22488846581295e-18
6316.4256724402,9.39385862928608e-18
6317.42526504543,1.88298843102444e-17
6318.42485765066,1.33692446868323e-17
6319.42445025589,2.91255607229553e-18
6320.42404286112,1.75252948981927e-18
6321.42363546635,8.09853312437707e-18
6322.42322807157,8.8253097024724e-18
6323.4228206768,7.96553174288469e-18
6324.42241328203,3.12807802718238e-17
6325.42200588726,2.27401359759585e-17
6326.42159849249,4.16444798855384e-18
6327.42119109772,5.63903300411207e-18
6328.42078370295,1.21100386183773e-17
6329.42037630818,1.19361173410795e-17
6330.4199689134,8.72655771969179e-18
6331.41956151863,1.697714278204e-17
6332.41915412386,1.07909961693194e-17
6333.41874672909,7.15236934199061e-18
6334.41833933432,1.39651751189871e-17
6335.41793193955,3.9025112286217e-17
6336.41752454478,2.56293210111161e-17
6337.41711715,5.31113610120908e-18
6338.41670975523,3.18693627592992e-18
6339.41630236046,1.74773789699887e-17
6340.41589496569,1.2376593782014e-17
6341.41548757092,6.62751258580439e-18
6342.41508017615,4.68179634891868e-18
6343.41467278138,1.14500515644461e-18
6344.41426538661,4.71357923401097e-18
6345.41385799183,2.02867199977944e-17
6346.41345059706,1.98392326005989e-17
6347.41304320229,1.59227988590455e-17
6348.41263580752,1.40052761415714e-17
6349.41222841275,2.75077101540676e-17
6350.41182101798,1.83444002398694e-17
6351.41141362321,2.97017091315121e-19
6352.41100622843,3.16417870695207e-18
6353.41059883366,7.82540119318454e-18
6354.41019143889,9.73452137102871e-18
6355.40978404412,4.9942195052949e-18
6356.40937664935,4.45881297456478e-18
6357.40896925458,5.65922849989607e-18
6358.40856185981,3.57665938374809e-17
6359.40815446504,2.19116714576868e-17
6360.40774707027,3.92575103543164e-17
6361.40733967549,3.23390565017247e-17
6362.40693228072,5.32811387959112e-18
6363.40652488595,1.9973072852484e-18
6364.40611749118,1.67093104034515e-19
6365.40571009641,3.89213726984446e-18
6366.40530270164,2.66361771427437e-18
6367.40489530687,1.33766034310068e-17
6368.40448791209,2.252513297728e-17
6369.40408051732,1.90494081560554e-18
6370.40367312255,2.42153299422079e-17
6371.40326572778,2.2201734209382e-17
6372.40285833301,1.56582785431498e-18
6373.40245093824,1.98994232838695e-18
6374.40204354347,1.96157634591917e-18
6375.4016361487,2.5505050076664e-18
6376.40122875392,9.8815938328188e-18
6377.40082135915,7.47919093355575e-18
6378.40041396438,2.39108750281695e-18
6379.40000656961,1.11711050668664e-17
6380.39959917484,2.78271214881564e-17
6381.39919178007,1.72644952737564e-17
6382.3987843853,4.98007670253064e-20
6383.39837699052,6.2520967673386e-18
6384.39796959575,1.42373450490265e-17
6385.39756220098,1.85054075580277e-17
6386.39715480621,8.41108650410924e-18
6387.39674741144,2.07811275407527e-18
6388.39634001667,5.77966820974681e-18
6389.3959326219,1.86240053298725e-18
6390.39552522713,4.3450551239554e-18
6391.39511783236,1.84702466434494e-17
6392.39471043758,2.04510883612332e-17
6393.39430304281,4.79283038356972e-18
6394.39389564804,2.0048415116038e-18
6395.39348825327,5.93505043441549e-18
6396.3930808585,9.85339350253317e-19
6397.39267346373,5.96617314544245e-18
6398.39226606896,1.69285481957135e-17
6399.39185867418,1.55404393914347e-17
6400.39145127941,1.2196364380112e-17
6401.39104388464,1.28576500619555e-17
6402.39063648987,6.13915288187393e-18
6403.3902290951,1.65484167043713e-17
6404.38982170033,1.19412352118716e-17
6405.38941430556,7.78673802557839e-18
6406.38900691079,1.85283908659327e-18
6407.38859951601,1.53690020701937e-18
6408.38819212124,2.69537849240178e-18
6409.38778472647,1.0609861416391e-17
6410.3873773317,7.96834562861745e-18
6411.38696993693,2.18122693902045e-17
6412.38656254216,1.75076251488264e-17
6413.38615514739,1.87015226220058e-17
6414.38574775262,2.52894934686074e-17
6415.38534035784,2.01846885827091e-17
6416.38493296307,2.25656704848409e-17
6417.3845255683,1.1045971329363e-17
6418.38411817353,2.88738911501946e-18
6419.38371077876,5.12983020413574e-19
6420.38330338399,2.80306983154419e-18
6421.38289598922,6.11103995882945e-18
6422.38248859444,5.20212136638707e-18
6423.38208119967,4.42600942746268e-18
6424.3816738049,5.14956129672011e-19
6425.38126641013,7.72845597865463e-18
6426.38085901536,3.42943409141839e-17
6427.38045162059,1.14654200730124e-17
6428.38004422582,2.74421296594054e-18
6429.37963683105,9.24263926842e-19
6430.37922943627,3.91374050611511e-18
6431.3788220415,6.90427167221916e-19
6432.37841464673,9.41006692664135e-18
6433.37800725196,1.31976061544374e-17
6434.37759985719,2.32116866652178e-18
6435.37719246242,7.63068084745535e-19
6436.37678506765,8.39210713069681e-18
6437.37637767288,1.01103986239972e-17
6438.3759702781,2.88234484951808e-18
6439.37556288333,3.12957271264471e-18
6440.37515548856,4.92501103854701e-18
6441.37474809379,1.63026195525029e-17
6442.37434069902,3.68217678172449e-17
6443.37393330425,2.08367752903277e-17
6444.37352590948,1.33443719768977e-17
6445.37311851471,1.17260575878317e-17
6446.37271111993,1.2814996868097e-17
6447.37230372516,3.73479246477582e-19
6448.37189633039,1.13667098934745e-17
6449.37148893562,1.26681155013868e-17
6450.37108154085,3.59267693927286e-18
6451.37067414608,7.3258650840893e-18
6452.37026675131,3.07188615164272e-17
6453.36985935653,1.69386542857629e-17
6454.36945196176,1.41954345591093e-17
6455.36904456699,9.29943187303855e-18
6456.36863717222,3.41478367707148e-18
6457.36822977745,1.63290848521577e-17
6458.36782238268,7.16696040129302e-18
6459.36741498791,1.18742138318862e-18
6460.36700759314,1.17741178203119e-19
6461.36660019836,3.92205212297392e-19
6462.36619280359,2.49515867632691e-18
6463.36578540882,3.11324742705457e-18
6464.36537801405,8.85125431390035e-18
6465.36497061928,1.52561628721808e-17
6466.36456322451,2.65896672988899e-18
6467.36415582974,7.88290489896698e-18
6468.36374843497,3.43415087420704e-18
6469.36334104019,4.8898917320063e-18
6470.36293364542,9.88500354352027e-18
6471.36252625065,1.33163275755378e-17
6472.36211885588,2.50138666051519e-17
6473.36171146111,3.4192351834527e-17
6474.36130406634,2.98352992946596e-17
6475.36089667157,5.73119025198396e-18
6476.3604892768,1.33969315383762e-18
6477.36008188202,9.50129976306891e-18
6478.35967448725,2.06211848947187e-17
6479.35926709248,7.4365660886674e-18
6480.35885969771,2.25500983558268e-18
6481.35845230294,1.9016155660006e-18
6482.35804490817,1.36656676828364e-18
6483.3576375134,1.66343739351549e-18
6484.35723011863,3.3985424640299e-19
6485.35682272385,2.42636537198909e-18
6486.35641532908,7.71107393176328e-18
6487.35600793431,3.17823556690912e-17
6488.35560053954,7.14337670531e-19
6489.35519314477,1.75628135908843e-17
6490.35478575,7.66891376149806e-18
6491.35437835522,7.35173944732774e-18
6492.35397096045,2.14887857497718e-18
6493.35356356568,3.00015943216628e-18
6494.35315617091,1.17476640499001e-17
6495.35274877614,1.64787376908766e-17
6496.35234138137,3.64430552507048e-17
6497.3519339866,2.90119100459803e-17
6498.35152659183,1.24184901670606e-17
6499.35111919706,6.20469857498077e-18
6500.35071180228,2.09516317431229e-17
6501.35030440751,3.79812661019818e-17
6502.34989701274,9.89256347119259e-18
6503.34948961797,5.47790787531918e-19
6504.3490822232,9.20040505030395e-18
6505.34867482843,1.04392593691551e-18
6506.34826743366,8.22903214177774e-18
6507.34786003889,1.27616560582905e-17
6508.34745264411,6.18974618968759e-18
6509.34704524934,1.70252836502203e-18
6510.34663785457,8.91407574198174e-18
6511.3462304598,1.67973804567124e-17
6512.34582306503,5.96568929933027e-18
6513.34541567026,5.2370933821016e-18
6514.34500827549,2.39795802101821e-17
6515.34460088072,1.86676510081987e-17
6516.34419348594,5.09398286941139e-18
6517.34378609117,3.45000479496282e-18
6518.3433786964,1.79978255549149e-18
6519.34297130163,7.63920382483919e-18
6520.34256390686,2.01290380361632e-18
6521.34215651209,1.97952161483352e-18
6522.34174911731,1.11182878656038e-17
6523.34134172254,1.19178933566602e-18
6524.34093432777,5.19648717016013e-18
6525.340526933,1.38969407898883e-18
6526.34011953823,4.15204200897888e-18
6527.33971214346,8.89774394060154e-18
6528.33930474869,1.9566408268685e-19
6529.33889735392,2.06178760196689e-17
6530.33848995915,1.85428280841185e-17
6531.33808256437,5.92092042139936e-18
6532.3376751696,6.01195767321631e-18
6533.33726777483,5.67957241410792e-18
6534.33686038006,4.26137865286801e-18
6535.33645298529,3.59044937506232e-18
6536.33604559052,9.43874110862212e-18
6537.33563819575,2.4876452439401e-17
6538.33523080098,8.2449326544895e-18
6539.3348234062,1.39944373817765e-17
6540.33441601143,3.62835980881039e-17
6541.33400861666,3.26419274740275e-17
6542.33360122189,1.74925371357332e-17
6543.33319382712,1.52637548652784e-17
6544.33278643235,9.50287549493554e-18
6545.33237903758,3.34818252221638e-19
6546.33197164281,3.03640671737244e-18
6547.33156424803,8.23712876517086e-20
6548.33115685326,1.60823685522184e-18
6549.33074945849,1.52660884915644e-17
6550.33034206372,1.87197285677639e-17
6551.32993466895,8.26911469651739e-18
6552.32952727418,2.25437142457535e-18
6553.3291198794,1.40482147501219e-18
6554.32871248463,6.81668391887783e-18
6555.32830508986,1.02609579763124e-17
6556.32789769509,5.38101748668837e-19
6557.32749030032,2.54116270160914e-18
6558.32708290555,1.35966337097655e-17
6559.32667551078,4.65599587555929e-17
6560.32626811601,5.30357508759763e-17
6561.32586072123,3.25865107306012e-17
6562.32545332646,1.42735057559671e-17
6563.32504593169,3.27301572492588e-17
6564.32463853692,4.44866253537739e-17
6565.32423114215,1.18629350242541e-17
6566.32382374738,1.82885898564923e-17
6567.32341635261,1.46501215396701e-17
6568.32300895784,2.83250846217722e-18
6569.32260156307,1.2474109877181e-18
6570.32219416829,7.251198346667e-18
6571.32178677352,1.6369584681969e-17
6572.32137937875,1.60691892515244e-17
6573.32097198398,3.91583806939092e-18
6574.32056458921,1.22212576443087e-17
6575.32015719444,5.53324426104803e-18
6576.31974979967,3.3100200157503e-18
6577.31934240489,4.92731384595536e-18
6578.31893501012,1.66711408847157e-20
6579.31852761535,5.40441370564881e-19
6580.31812022058,1.60106203980205e-17
6581.31771282581,1.69519378994475e-17
6582.31730543104,4.31099240036349e-18
6583.31689803627,1.2979289726089e-18
6584.31649064149,5.01098468134266e-18
6585.31608324672,4.93375014517863e-19
6586.31567585195,5.22568973986158e-18
6587.31526845718,1.47905283741822e-18
6588.31486106241,1.09092657811483e-18
6589.31445366764,4.64525269265084e-18
6590.31404627287,1.55268018504949e-17
6591.3136388781,1.5514778671425e-17
6592.31323148332,1.75738865995996e-17
6593.31282408855,1.44319372154591e-17
6594.31241669378,1.49972743980939e-17
6595.31200929901,4.58534586140645e-17
6596.31160190424,2.93821043028392e-17
6597.31119450947,9.50962980123896e-18
6598.3107871147,3.20563616457529e-17
6599.31037971993,9.66999508642891e-18
6600.30997232515,4.45058929467636e-18
6601.30956493038,7.02930671955379e-18
6602.30915753561,1.9064547588276e-18
6603.30875014084,1.44617820953746e-17
6604.30834274607,9.52529128771673e-18
6605.3079353513,2.39788291739192e-18
6606.30752795653,1.03767583409455e-18
6607.30712056176,8.05568645361736e-18
6608.30671316698,3.67839575387165e-18
6609.30630577221,4.96493709976523e-18
6610.30589837744,1.83146146488092e-17
6611.30549098267,3.9416664379608e-17
6612.3050835879,2.99641735871203e-17
6613.30467619313,2.06984672499931e-18
6614.30426879836,1.53723071860274e-17
6615.30386140359,6.02683570224773e-18
6616.30345400881,3.88036011589194e-18
6617.30304661404,1.81480470983816e-17
6618.30263921927,1.58688709756867e-17
6619.3022318245,1.23171407222193e-17
6620.30182442973,1.71579918518965e-17
6621.30141703496,6.08763958912629e-18
6622.30100964019,5.97346040895223e-19
6623.30060224541,1.00756820842593e-18
6624.30019485064,8.91749594361449e-18
6625.29978745587,2.80051660409619e-17
6626.2993800611,4.43522002933562e-18
6627.29897266633,8.78310176409105e-18
6628.29856527156,3.7902621439748e-17
6629.29815787679,2.96668496634988e-17
6630.29775048202,8.52940726807797e-18
6631.29734308724,5.20565730522283e-18
6632.29693569247,5.53656682096566e-18
6633.2965282977,1.56807863201223e-17
6634.29612090293,1.64713379040304e-17
6635.29571350816,1.10488839942492e-17
6636.29530611339,2.75390870709534e-17
6637.29489871862,1.05280363687801e-17
6638.29449132385,5.79289592779573e-18
6639.29408392907,1.43581348111612e-17
6640.2936765343,2.29939049682024e-17
6641.29326913953,8.37529756493901e-18
6642.29286174476,2.78852447560568e-18
6643.29245434999,1.35065003676107e-18
6644.29204695522,2.00102383037999e-18
6645.29163956045,6.40315400943158e-18
6646.29123216568,4.60624632870405e-18
6647.2908247709,1.57575093198405e-17
6648.29041737613,2.61158709743225e-17
6649.29000998136,2.24624392199572e-17
6650.28960258659,5.11952547320847e-18
6651.28919519182,5.35576522340422e-18
6652.28878779705,3.79171846499628e-18
6653.28838040228,9.40587087512272e-18
6654.2879730075,1.59780067611146e-17
6655.28756561273,1.1107422830796e-17
6656.28715821796,9.21778606698074e-18
6657.28675082319,6.64307489834735e-18
6658.28634342842,8.28183276570057e-19
6659.28593603365,6.43334205119276e-19
6660.28552863888,6.79088194544325e-18
6661.28512124411,4.21630976881978e-18
6662.28471384933,1.23806304568361e-18
6663.28430645456,1.86362190140504e-18
6664.28389905979,7.88490739961517e-18
6665.28349166502,2.76870794715959e-17
6666.28308427025,1.32024389054762e-17
6667.28267687548,7.26586218052926e-18
6668.28226948071,3.20205814157055e-17
6669.28186208594,1.40548384324535e-17
6670.28145469116,3.11798139545541e-18
6671.28104729639,6.55580494062136e-18
6672.28063990162,1.81966005149856e-17
6673.28023250685,9.88354211334536e-18
6674.27982511208,1.14855107929022e-17
6675.27941771731,1.88516177147469e-17
6676.27901032254,3.76342812222816e-18
6677.27860292777,2.09431945836188e-17
6678.27819553299,2.18889272665664e-17
6679.27778813822,2.60016838400601e-18
6680.27738074345,8.39810886406617e-18
6681.27697334868,8.33399741515553e-18
6682.27656595391,7.80664410389829e-18
6683.27615855914,8.06887416837654e-18
6684.27575116437,1.7205712230147e-17
6685.27534376959,6.56140368443659e-18
6686.27493637482,3.09782079997789e-18
6687.27452898005,4.36421630983173e-18
6688.27412158528,2.10344392976963e-17
6689.27371419051,1.47835002725709e-17
6690.27330679574,1.7010017516498e-17
6691.27289940097,1.0886519666345e-17
6692.2724920062,3.6639487623768e-20
6693.27208461142,1.33633955216861e-17
6694.27167721665,2.66786448327525e-17
6695.27126982188,5.40705491976894e-18
6696.27086242711,1.10924290927208e-17
6697.27045503234,3.16209277252664e-17
6698.27004763757,2.24576908515133e-17
6699.2696402428,2.41259212743335e-18
6700.26923284803,2.72011673745503e-17
6701.26882545325,1.83393655461258e-17
6702.26841805848,6.8205658746264e-19
6703.26801066371,1.61577413599343e-17
6704.26760326894,1.79902827687771e-17
6705.26719587417,2.6982651883618e-17
6706.2667884794,3.65104621092576e-17
6707.26638108463,3.46143671678454e-17
6708.26597368986,3.38460101522478e-17
6709.26556629508,2.93106689946858e-17
6710.26515890031,1.69498728747847e-17
6711.26475150554,1.13900591866823e-17
6712.26434411077,1.66205098016416e-17
6713.263936716,1.58272692397473e-18
6714.26352932123,1.22078919469549e-17
6715.26312192646,1.29479032270162e-17
6716.26271453169,6.86695500656471e-18
6717.26230713691,1.02298608020672e-17
6718.26189974214,3.5442397140284e-17
6719.26149234737,7.99920899355771e-18
6720.2610849526,6.98116690745251e-18
6721.26067755783,4.33979766306081e-19
6722.26027016306,1.37414785981865e-17
6723.25986276829,3.19975000865182e-17
6724.25945537351,1.99155300400642e-17
6725.25904797874,6.20692476959692e-19
6726.25864058397,8.82890897668765e-18
6727.2582331892,6.5549536510623e-18
6728.25782579443,4.53939063766541e-18
6729.25741839966,2.83838928814623e-17
6730.25701100489,1.18918855819751e-17
6731.25660361012,3.82968600204259e-17
6732.25619621534,3.42907224096631e-17
6733.25578882057,2.69888090049796e-18
6734.2553814258,3.21635949652882e-18
6735.25497403103,1.59939413380555e-17
6736.25456663626,1.34108416634787e-17
6737.25415924149,1.32291278351097e-17
6738.25375184672,2.38517522215169e-18
6739.25334445194,9.04065148509419e-18
6740.25293705717,2.2418124360163e-17
6741.2525296624,5.43527958140186e-18
6742.25212226763,1.62906097198342e-19
6743.25171487286,4.04909516180812e-18
6744.25130747809,3.10349590051045e-18
6745.25090008332,1.12212948544305e-17
6746.25049268855,5.54351365172397e-19
6747.25008529378,3.43056879447796e-18
6748.249677899,1.29148448581215e-18
6749.24927050423,1.81500072195758e-18
6750.24886310946,9.07003424153382e-18
6751.24845571469,1.12131777479651e-17
6752.24804831992,4.61602482899408e-18
6753.24764092515,1.26188876694823e-17
6754.24723353038,1.33679652193844e-17
6755.2468261356,7.2368397804657e-18
6756.24641874083,3.80268152374223e-17
6757.24601134606,4.67990579677395e-18
6758.24560395129,1.33155324159622e-17
6759.24519655652,3.07864853287243e-17
6760.24478916175,1.44512925529036e-18
6761.24438176698,5.74165789211425e-18
6762.24397437221,8.96995092265448e-18
6763.24356697743,1.14169458526405e-17
6764.24315958266,1.42431135899449e-17
6765.24275218789,3.25726099421195e-17
6766.24234479312,6.04947587133965e-18
6767.24193739835,5.79842927001684e-18
6768.24153000358,1.40255230726401e-17
6769.24112260881,4.19257650671781e-18
6770.24071521403,1.61520967757072e-18
6771.24030781926,2.74772753530141e-18
6772.23990042449,8.59506028264017e-18
6773.23949302972,9.97842284865495e-18
6774.23908563495,1.64979907271595e-17
6775.23867824018,3.24448052370072e-17
6776.23827084541,4.91151443060347e-18
6777.23786345064,4.40331822561007e-18
6778.23745605586,1.83884801923421e-17
6779.23704866109,1.3810709849589e-17
6780.23664126632,2.48012442211182e-19
6781.23623387155,4.10699698390672e-18
6782.23582647678,5.71910961058347e-18
6783.23541908201,6.0582757028504e-18
6784.23501168724,2.11104323973383e-17
6785.23460429247,1.7797083648262e-17
6786.23419689769,4.77247824109392e-18
6787.23378950292,7.65037184671978e-18
6788.23338210815,3.45711415811037e-19
6789.23297471338,4.03013008716104e-18
6790.23256731861,2.47088043000171e-17
6791.23215992384,1.23044435135571e-17
6792.23175252907,2.95685586733006e-18
6793.2313451343,1.56389465174165e-17
6794.23093773952,1.10396170854991e-17
6795.23053034475,2.54131076159703e-18
6796.23012294998,1.09820895816302e-17
6797.22971555521,1.02249704697869e-17
6798.22930816044,1.15136734865986e-17
6799.22890076567,1.48003770497485e-17
6800.2284933709,1.38233277245464e-17
6801.22808597612,2.83316835241625e-17
6802.22767858135,1.43008068615813e-17
6803.22727118658,5.91499180735863e-18
6804.22686379181,1.53169890954153e-17
6805.22645639704,8.59522381874516e-18
6806.22604900227,9.1606412327081e-18
6807.2256416075,5.30528222505053e-17
6808.22523421273,1.11838094710427e-16
6809.22482681795,7.43322135973173e-17
6810.22441942318,1.94184699903538e-17
6811.22401202841,7.37204898102355e-18
6812.22360463364,3.56843648463356e-18
6813.22319723887,7.1920298180247e-18
6814.2227898441,9.30493793190518e-18
6815.22238244933,1.05482671723137e-17
6816.22197505455,4.82005105624846e-18
6817.22156765978,5.05237948196317e-18
6818.22116026501,3.77040787286987e-18
6819.22075287024,2.30439897666582e-17
6820.22034547547,1.81248726729062e-17
6821.2199380807,1.14082448715025e-18
6822.21953068593,5.15828278279587e-18
6823.21912329116,1.81519012072415e-17
6824.21871589639,1.02272425505369e-17
6825.21830850161,3.32302534280042e-18
6826.21790110684,1.21323847713806e-17
6827.21749371207,8.91621707471795e-18
6828.2170863173,1.8820024406572e-17
6829.21667892253,1.37610701877922e-18
6830.21627152776,1.99698308821491e-17
6831.21586413299,1.05520329887076e-17
6832.21545673821,1.0580497168531e-17
6833.21504934344,2.64658117605377e-17
6834.21464194867,1.78961897461316e-17
6835.2142345539,4.49467720546214e-18
6836.21382715913,1.44601760306341e-18
6837.21341976436,1.60051073137323e-17
6838.21301236959,2.67885221642635e-17
6839.21260497482,1.46846194767243e-17
6840.21219758004,9.45174762405629e-18
6841.21179018527,1.00667593262702e-17
6842.2113827905,3.32464991137381e-17
6843.21097539573,1.28766770731392e-17
6844.21056800096,2.23227356976787e-18
6845.21016060619,1.1945298757611e-17
6846.20975321142,2.18890770320334e-17
6847.20934581665,7.20756231641389e-18
6848.20893842187,2.07163561010294e-18
6849.2085310271,2.56353440706069e-19
6850.20812363233,9.80742718041112e-19
6851.20771623756,1.31133259461275e-17
6852.20730884279,1.28636327184034e-17
6853.20690144802,6.94773023048148e-18
6854.20649405325,1.12644540867662e-17
6855.20608665848,5.09340984626388e-18
6856.2056792637,4.76352194225079e-18
6857.20527186893,2.56123335477344e-17
6858.20486447416,7.09193002160941e-17
6859.20445707939,3.17005411835838e-17
6860.20404968462,1.04843102989253e-17
6861.20364228985,1.4274898643311e-18
6862.20323489508,2.34184538990255e-17
6863.2028275003,2.3162280063192e-17
6864.20242010553,1.48484846404435e-19
6865.20201271076,5.49641544423937e-18
6866.20160531599,5.40460592762684e-18
6867.20119792122,3.79068857116376e-17
6868.20079052645,2.31765904588955e-17
6869.20038313168,5.44617157509041e-18
6870.19997573691,3.31140192780357e-18
6871.19956834213,2.72060403139268e-18
6872.19916094736,6.27667016674922e-18
6873.19875355259,3.33490931919207e-18
6874.19834615782,1.23477876733685e-17
6875.19793876305,3.84834939619376e-18
6876.19753136828,3.0982039066206e-18
6877.19712397351,6.92729003252837e-18
6878.19671657874,6.6819061251412e-18
6879.19630918396,3.19231820047249e-17
6880.19590178919,2.59103824836324e-17
6881.19549439442,5.04558381083675e-18
6882.19508699965,3.6603522841477e-18
6883.19467960488,7.09588340134678e-18
6884.19427221011,2.60093080132833e-17
6885.19386481534,1.32001547725535e-17
6886.19345742056,1.30436259967764e-18
6887.19305002579,3.08868514023234e-18
6888.19264263102,3.72507676415544e-18
6889.19223523625,1.37475888901276e-17
6890.19182784148,1.86008955389871e-18
6891.19142044671,9.88856140089772e-18
6892.19101305194,4.71319193105522e-18
6893.19060565717,1.6504048962848e-17
6894.19019826239,1.33588542132441e-17
6895.18979086762,3.21124268671525e-17
6896.18938347285,3.3134847181901e-17
6897.18897607808,5.27244854673079e-17
6898.18856868331,3.5939250550407e-17
6899.18816128854,5.80814956054412e-18
6900.18775389377,1.42799789627082e-17
6901.187346499,3.82172075699175e-17
6902.18693910422,2.86017980807994e-18
6903.18653170945,6.92624009051548e-18
6904.18612431468,2.14647284882201e-18
6905.18571691991,2.53113390905433e-18
6906.18530952514,1.37082529404785e-17
6907.18490213037,3.70588876950004e-18
6908.1844947356,8.16775107212724e-19
6909.18408734083,5.52493096757919e-18
6910.18367994605,5.7231646273238e-18
6911.18327255128,2.72645198925764e-18
6912.18286515651,3.02864621941613e-17
6913.18245776174,3.04561706993658e-17
6914.18205036697,6.83957993014098e-18
6915.1816429722,1.99269244505484e-17
6916.18123557743,5.78614984094389e-17
6917.18082818265,4.66816758819748e-17
6918.18042078788,5.3585682450297e-18
6919.18001339311,5.41696124852219e-18
6920.17960599834,1.73767906626239e-17
6921.17919860357,2.57837058670683e-17
6922.1787912088,1.82270494701254e-17
6923.17838381403,2.57418247605654e-18
6924.17797641926,3.21541901603688e-18
6925.17756902448,5.09415026661452e-18
6926.17716162971,3.22259672095333e-18
6927.17675423494,9.22093244985234e-18
6928.17634684017,1.15896638758959e-17
6929.1759394454,4.00204842233752e-17
6930.17553205063,3.9369391340278e-17
6931.17512465586,1.15550288639036e-17
6932.17471726109,1.80993892931584e-17
6933.17430986631,1.57944361716231e-17
6934.17390247154,8.78281980595169e-18
6935.17349507677,6.68210628404592e-18
6936.173087682,5.2692733878452e-19
6937.17268028723,4.59432767364903e-18
6938.17227289246,2.48240494470557e-18
6939.17186549769,1.66403921631819e-18
6940.17145810292,2.78108410226794e-18
6941.17105070814,1.05522298607233e-18
6942.17064331337,2.73704566377862e-18
6943.1702359186,5.62400632418873e-18
6944.16982852383,1.05849054671716e-17
6945.16942112906,3.19844030634583e-18
6946.16901373429,5.12787733198257e-19
6947.16860633952,7.4876523489364e-20
6948.16819894475,9.16854390805732e-18
6949.16779154997,2.52556976526976e-17
6950.1673841552,1.16890150274679e-17
6951.16697676043,3.653726040075e-18
6952.16656936566,8.90090391223197e-18
6953.16616197089,2.06573630067724e-18
6954.16575457612,5.07011026601623e-18
6955.16534718135,1.99095519127578e-17
6956.16493978657,5.58559592852512e-18
6957.1645323918,2.03232053518784e-19
6958.16412499703,1.85542827697186e-18
6959.16371760226,4.6878419055558e-18
6960.16331020749,3.79210161773001e-18
6961.16290281272,1.53908731331923e-17
6962.16249541795,9.06514014350686e-18
6963.16208802318,2.42889978007838e-17
6964.1616806284,1.43636536056542e-17
6965.16127323363,3.70137363730199e-19
6966.16086583886,1.51706054571208e-17
6967.16045844409,3.94035443362785e-17
6968.16005104932,2.12458762803662e-17
6969.15964365455,5.44133091419316e-18
6970.15923625978,3.61082060573325e-18
6971.15882886501,2.67543906912308e-18
6972.15842147023,6.36481048903377e-18
6973.15801407546,4.69513441379993e-18
6974.15760668069,3.14265457973868e-18
6975.15719928592,3.74953362398631e-18
6976.15679189115,2.64345378314981e-18
6977.15638449638,1.25773157712419e-17
6978.15597710161,5.47684587600145e-18
6979.15556970684,1.44876508158656e-18
6980.15516231206,9.02067331405763e-18
6981.15475491729,3.0805264287519e-17
6982.15434752252,5.89646694413564e-18
6983.15394012775,5.4188143280074e-18
6984.15353273298,5.04287829767064e-17
6985.15312533821,6.27098672561902e-17
6986.15271794344,1.66916684086954e-17
6987.15231054866,7.13633867701907e-18
6988.15190315389,4.80125567199114e-17
6989.15149575912,4.22610041463231e-17
6990.15108836435,8.87143037539893e-18
6991.15068096958,4.18137849200243e-17
6992.15027357481,4.25538770771608e-17
6993.14986618004,4.56183197946901e-17
6994.14945878527,2.89811988018749e-17
6995.14905139049,3.06300474449645e-18
6996.14864399572,5.12034179113118e-18
6997.14823660095,7.0890532541903e-18
6998.14782920618,9.75887084962601e-18
6999.14742181141,2.58328989964875e-17
7000.14701441664,1.90740736404971e-17
7001.14660702187,3.44510576504141e-17
7002.1461996271,1.15045822795891e-17
7003.14579223232,7.07115988698575e-18
7004.14538483755,4.37298251188652e-18
7005.14497744278,2.37728849371992e-18
7006.14457004801,5.88399984656659e-18
7007.14416265324,8.49709800279869e-18
7008.14375525847,8.76792434463896e-18
7009.1433478637,1.18134936886915e-19
7010.14294046893,7.93130138422607e-18
7011.14253307415,7.78461105159767e-18
7012.14212567938,1.42885868394966e-17
7013.14171828461,1.23466941629662e-17
7014.14131088984,1.76159678552941e-18
7015.14090349507,1.52585065796741e-17
7016.1404961003,2.80135903208657e-17
7017.14008870553,8.3116429447496e-18
7018.13968131075,2.23965763021975e-18
7019.13927391598,4.8149694856043e-18
7020.13886652121,9.81646805597965e-18
7021.13845912644,7.51988379056461e-19
7022.13805173167,5.94420922639579e-18
7023.1376443369,1.48642200732411e-17
7024.13723694213,9.02435121584462e-18
7025.13682954735,2.31574910227348e-18
7026.13642215258,5.92064039621447e-18
7027.13601475781,3.9931148927651e-19
7028.13560736304,9.13581632070888e-18
7029.13519996827,7.45906068058779e-18
7030.1347925735,3.83266114375605e-17
7031.13438517873,4.68176887310764e-18
7032.13397778396,1.66642625922624e-17
7033.13357038919,1.00943668109578e-17
7034.13316299441,5.91317890175632e-18
7035.13275559964,2.38116956736249e-17
7036.13234820487,4.2546447601478e-18
7037.1319408101,3.96769900122961e-17
7038.13153341533,6.02857903833131e-17
7039.13112602056,9.35161920507581e-18
7040.13071862579,1.20721794896914e-18
7041.13031123102,3.00971908716061e-18
7042.12990383624,2.64520520940044e-18
7043.12949644147,3.26530580089407e-18
7044.1290890467,8.16616006186583e-18
7045.12868165193,2.77929791095025e-18
7046.12827425716,2.84010031956764e-18
7047.12786686239,5.86078639213475e-18
7048.12745946762,2.75961143904511e-17
7049.12705207284,1.08114593157692e-17
7050.12664467807,1.67832930275916e-18
7051.1262372833,1.16621272054543e-18
7052.12582988853,9.89036344188601e-18
7053.12542249376,1.7540758821005e-17
7054.12501509899,3.84445099838739e-18
7055.12460770422,3.02625243719645e-18
7056.12420030944,7.88425391362753e-18
7057.12379291467,2.28047353200913e-17
7058.1233855199,2.8517023599257e-17
7059.12297812513,1.74135660449093e-17
7060.12257073036,1.32316748093264e-18
7061.12216333559,1.36240809546363e-17
7062.12175594082,9.79208072152007e-18
7063.12134854605,1.87125763598234e-17
7064.12094115127,6.84573459573206e-18
7065.1205337565,5.41067213961523e-17
7066.12012636173,9.86881413096503e-17
7067.11971896696,7.559349029705e-17
7068.11931157219,1.36085425219734e-17
7069.11890417742,7.65031681829355e-19
7070.11849678265,8.08067397513602e-18
7071.11808938788,1.23373101829607e-17
7072.11768199311,2.22795667874493e-17
7073.11727459833,2.18596094192761e-17
7074.11686720356,4.24164242237852e-18
7075.11645980879,2.05038255191888e-17
7076.11605241402,1.91589866291533e-17
7077.11564501925,6.18375152132105e-18
7078.11523762448,3.6177904154757e-17
7079.11483022971,3.39794616602478e-18
7080.11442283493,4.94360404862219e-19
7081.11401544016,2.29359358415163e-18
7082.11360804539,3.35554166835089e-18
7083.11320065062,4.38422914501544e-19
7084.11279325585,8.31556682406748e-18
7085.11238586108,7.0472547156201e-18
7086.11197846631,5.8284747703217e-18
7087.11157107153,1.69555603880724e-19
7088.11116367676,1.67626416044288e-17
7089.11075628199,2.88693404551446e-17
7090.11034888722,2.13717052912072e-17
7091.10994149245,3.92035360546122e-17
7092.10953409768,2.10208508477903e-17
7093.10912670291,3.6621636648112e-17
7094.10871930814,2.04092717845684e-17
7095.10831191336,5.83768113281317e-18
7096.10790451859,2.99626505342162e-17
7097.10749712382,1.65958938134488e-17
7098.10708972905,6.74156782572528e-18
7099.10668233428,6.61050938890458e-18
7100.10627493951,1.68602390357465e-17
7101.10586754474,2.34648940929408e-17
7102.10546014997,1.81204195141752e-17
7103.10505275519,8.66525880926971e-18
7104.10464536042,3.50593768365294e-19
7105.10423796565,1.27000936799506e-18
7106.10383057088,2.97316249176116e-18
7107.10342317611,1.62499678409742e-18
7108.10301578134,2.82560259899555e-20
7109.10260838657,9.47900773672804e-18
7110.1022009918,9.59404238691296e-18
7111.10179359702,8.25350875562197e-18
7112.10138620225,1.70678212525558e-17
7113.10097880748,1.53644021125136e-18
7114.10057141271,1.12232125813018e-18
7115.10016401794,7.21181798218514e-18
7116.09975662317,7.67292669040037e-18
7117.0993492284,7.20630617277156e-19
7118.09894183362,1.49049404883456e-17
7119.09853443885,1.54552088886736e-17
7120.09812704408,1.70248088884077e-18
7121.09771964931,4.46270053633524e-17
7122.09731225454,4.81390070723979e-17
7123.09690485977,1.94757651622071e-17
7124.096497465,2.76166008607593e-17
7125.09609007023,5.66657469948963e-17
7126.09568267545,6.09729871340798e-17
7127.09527528068,4.85638020144416e-17
7128.09486788591,2.56701879451702e-17
7129.09446049114,5.1805328468292e-19
7130.09405309637,2.28544001753355e-17
7131.0936457016,1.993221748881e-17
7132.09323830683,7.00069944690709e-19
7133.09283091206,1.18552881674049e-17
7134.09242351728,4.35021052936378e-18
7135.09201612251,7.24640579488756e-18
7136.09160872774,2.15253455451404e-18
7137.09120133297,3.70017579050377e-18
7138.0907939382,6.79367078447317e-18
7139.09038654343,1.80364695800512e-18
7140.08997914866,1.32925817962052e-17
7141.08957175389,7.54488603875694e-18
7142.08916435911,2.00527336242883e-19
7143.08875696434,3.36439724192333e-18
7144.08834956957,3.64898912315772e-17
7145.0879421748,3.54998625699782e-17
7146.08753478003,3.72916173952706e-17
7147.08712738526,3.15951956876286e-17
7148.08671999049,6.29709557578888e-18
7149.08631259571,4.58542019200692e-18
7150.08590520094,1.42505638340038e-17
7151.08549780617,2.12624718467989e-17
7152.0850904114,1.4996600210229e-17
7153.08468301663,1.55272457486252e-17
7154.08427562186,6.90510555875796e-18
7155.08386822709,7.14417174591583e-18
7156.08346083232,3.19440465855456e-17
7157.08305343754,1.62270671372994e-17
7158.08264604277,1.85006159611928e-17
7159.082238648,2.65476075505264e-18
7160.08183125323,1.33162249873308e-17
7161.08142385846,5.42777638451713e-18
7162.08101646369,2.92381722534261e-18
7163.08060906892,2.26226953142104e-17
7164.08020167415,4.94213733329758e-17
7165.07979427937,4.17591237515397e-17
7166.0793868846,1.38047377631022e-17
7167.07897948983,8.47627939831896e-19
7168.07857209506,8.94016535534212e-18
7169.07816470029,1.44736571240544e-17
7170.07775730552,1.39248641310336e-17
7171.07734991075,7.50669637364798e-18
7172.07694251598,7.72018865754163e-18
7173.0765351212,1.95839713404819e-18
7174.07612772643,1.29682904992583e-17
7175.07572033166,4.35821655701268e-18
7176.07531293689,2.25437467385139e-17
7177.07490554212,1.55188102210711e-17
7178.07449814735,1.60045592183478e-17
7179.07409075258,5.09226615737693e-17
7180.07368335781,5.47939868221601e-17
7181.07327596303,3.71750230013975e-17
7182.07286856826,1.35144075710751e-17
7183.07246117349,4.86601956555263e-18
7184.07205377872,2.28257729294327e-18
7185.07164638395,5.64857228371028e-18
7186.07123898918,8.3379928809875e-18
7187.07083159441,1.09524187695571e-17
7188.07042419963,2.84589339284167e-18
7189.07001680486,3.22904096458975e-17
7190.06960941009,8.42450890863066e-17
7191.06920201532,2.20358865841491e-17
7192.06879462055,1.56271361192233e-17
7193.06838722578,3.3794868505218e-17
7194.06797983101,2.06285081486914e-17
7195.06757243624,1.87093769581049e-18
7196.06716504146,2.59219203595043e-17
7197.06675764669,1.83097584943288e-17
7198.06635025192,4.43129391014142e-17
7199.06594285715,6.8870291237741e-17
7200.06553546238,2.47296953607829e-17
7201.06512806761,2.05624743879787e-18
7202.06472067284,1.59206971025365e-19
7203.06431327807,2.0131502497147e-18
7204.06390588329,8.15017251592637e-19
7205.06349848852,1.94634954970329e-18
7206.06309109375,4.84731897508574e-18
7207.06268369898,5.88553496817971e-18
7208.06227630421,5.40461129703206e-18
7209.06186890944,7.18438494295995e-18
7210.06146151467,4.09940853722211e-18
7211.0610541199,2.75571037453278e-19
7212.06064672512,2.12199981496646e-17
7213.06023933035,3.98237406719574e-17
7214.05983193558,5.7907652130127e-18
7215.05942454081,4.85535931417041e-18
7216.05901714604,1.72261551961027e-18
7217.05860975127,8.20863756089004e-18
7218.0582023565,5.50184877016306e-18
7219.05779496172,1.38211535087215e-17
7220.05738756695,3.27954516989715e-17
7221.05698017218,1.31835345509557e-17
7222.05657277741,9.30561612963498e-18
7223.05616538264,1.07262798594487e-18
7224.05575798787,2.84863085613485e-17
7225.0553505931,1.74998567375213e-17
7226.05494319833,4.88792599290191e-17
7227.05453580355,5.67619038215198e-17
7228.05412840878,1.13593693645883e-17
7229.05372101401,3.21539326666273e-17
7230.05331361924,3.63942298762097e-17
7231.05290622447,2.42435348912872e-17
7232.0524988297,1.36140721934876e-17
7233.05209143493,1.91488473813614e-18
7234.05168404016,9.29780930393533e-18
7235.05127664538,6.22601863752454e-18
7236.05086925061,1.12128020580234e-17
7237.05046185584,3.30498406492418e-17
7238.05005446107,7.88210862033683e-18
7239.0496470663,7.04859351724619e-18
7240.04923967153,4.14040594461185e-19
7241.04883227676,1.1873905954268e-17
7242.04842488198,4.27372997301007e-18
7243.04801748721,3.56415154165755e-17
7244.04761009244,4.3397938134212e-17
7245.04720269767,2.31019048828619e-17
7246.0467953029,1.04779876891406e-17
7247.04638790813,1.96990275076432e-17
7248.04598051336,3.3803256067733e-19
7249.04557311859,2.91036982834679e-18
7250.04516572381,5.72484781291759e-18
7251.04475832904,2.4919064818824e-18
7252.04435093427,7.95748123356348e-18
7253.0439435395,9.62838666172946e-18
7254.04353614473,2.39381795142068e-17
7255.04312874996,2.44231226782268e-17
7256.04272135519,1.2088489229356e-17
7257.04231396042,1.38714365837184e-18
7258.04190656564,3.82230854280742e-18
7259.04149917087,1.05692181269269e-18
7260.0410917761,1.90455425397051e-17
7261.04068438133,2.35522727015306e-17
7262.04027698656,1.71766926516665e-18
7263.03986959179,3.29797227120224e-18
7264.03946219702,5.30948406255521e-18
7265.03905480225,1.1966794972922e-19
7266.03864740747,6.59422467746536e-18
7267.0382400127,3.21629249062491e-19
7268.03783261793,3.77789412693389e-17
7269.03742522316,1.75028566054793e-17
7270.03701782839,9.51695345358181e-18
7271.03661043362,1.5240937743974e-18
7272.03620303885,2.01917044407279e-17
7273.03579564407,7.20581422635944e-18
7274.0353882493,6.54071306544688e-18
7275.03498085453,1.32561637245959e-18
7276.03457345976,7.19745335233387e-18
7277.03416606499,2.56870189546804e-18
7278.03375867022,9.24909019238375e-18
7279.03335127545,2.50707542985757e-17
7280.03294388067,2.04530390996328e-18
7281.0325364859,1.69201690045958e-17
7282.03212909113,9.40609352105357e-18
7283.03172169636,1.00492650225602e-17
7284.03131430159,2.26903274817809e-17
7285.03090690682,2.67053622270284e-17
7286.03049951205,4.6696881161275e-18
7287.03009211728,9.15031546763544e-18
7288.02968472251,3.5726237057804e-17
7289.02927732773,3.0294359284955e-17
7290.02886993296,2.56275956818504e-17
7291.02846253819,1.67009598307203e-17
7292.02805514342,2.29554441510637e-17
7293.02764774865,1.25394521187305e-17
7294.02724035388,8.4785465907907e-18
7295.02683295911,1.10655268827612e-17
7296.02642556434,1.28713695976939e-17
7297.02601816956,1.09715597789961e-17
7298.02561077479,2.68780577239073e-18
7299.02520338002,1.40773886542323e-17
7300.02479598525,1.01820955690341e-17
7301.02438859048,4.2872691001473e-19
7302.02398119571,2.91462667273578e-18
7303.02357380094,7.44291773271295e-19
7304.02316640616,1.35066409954719e-17
7305.02275901139,3.00446982167216e-17
7306.02235161662,5.50077273542252e-17
7307.02194422185,5.50276211567461e-17
7308.02153682708,1.50386198700691e-17
7309.02112943231,3.07188991936767e-17
7310.02072203754,2.60853438815259e-17
7311.02031464277,1.52573561693923e-17
7312.01990724799,1.08434577010271e-17
7313.01949985322,7.15408158660246e-18
7314.01909245845,1.5893559313485e-17
7315.01868506368,1.34954542185098e-17
7316.01827766891,1.19706905263224e-20
7317.01787027414,5.46070537653405e-18
7318.01746287937,3.10894291193816e-18
7319.0170554846,5.08268202871664e-18
7320.01664808982,1.00771172742517e-17
7321.01624069505,2.9964479412059e-17
7322.01583330028,1.62078765562018e-17
7323.01542590551,6.78241631269142e-18
7324.01501851074,1.69111842573472e-17
7325.01461111597,1.36583829820491e-17
7326.0142037212,9.40738907036282e-18
7327.01379632643,2.5899712233711e-18
7328.01338893165,4.74320683984218e-18
7329.01298153688,1.78874879840739e-17
7330.01257414211,1.75858343659023e-17
7331.01216674734,8.70517151817324e-18
7332.01175935257,8.60418494968793e-18
7333.0113519578,4.37398033624898e-18
7334.01094456303,2.64313061037098e-18
7335.01053716825,1.28408308008117e-17
7336.01012977348,2.90544053315764e-17
7337.00972237871,1.6968522938198e-17
7338.00931498394,1.5129032645761e-17
7339.00890758917,3.36616968413057e-17
7340.0085001944,2.7410675554373e-18
7341.00809279963,8.72407972030907e-18
7342.00768540486,4.93906155127978e-18
7343.00727801008,3.232551918566e-17
7344.00687061531,7.01813515764703e-18
7345.00646322054,6.96845686156505e-19
7346.00605582577,6.84462813750164e-19
7347.005648431,2.44474861379784e-18
7348.00524103623,6.05332627091263e-18
7349.00483364146,8.26622890531492e-18
7350.00442624668,2.31218192854575e-18
7351.00401885191,1.75684584815967e-17
7352.00361145714,2.04360378512416e-17
7353.00320406237,1.07472586957459e-18
7354.0027966676,2.95288548577176e-17
7355.00238927283,3.44847446128015e-17
7356.00198187806,8.07982933329322e-18
7357.00157448329,2.31104699597792e-18
7358.00116708852,1.78565244798026e-17
7359.00075969374,5.41661948695224e-17
7360.00035229897,2.33509836869616e-17
7360.9999449042,5.57565816213218e-18
7361.99953750943,7.38029072733549e-18
7362.99913011466,6.0778506010811e-19
7363.99872271989,2.03280287030663e-18
7364.99831532512,2.06268146182373e-18
7365.99790793034,1.85713056012437e-18
7366.99750053557,7.17336154058291e-18
7367.9970931408,1.5053315335398e-17
7368.99668574603,5.57208416059072e-17
7369.99627835126,2.88227342266773e-17
7370.99587095649,1.38405171235736e-17
7371.99546356172,5.19651825638164e-17
7372.99505616695,3.45409474568696e-17
7373.99464877217,1.05152086737573e-18
7374.9942413774,1.81687650734859e-17
7375.99383398263,6.17413770454646e-18
7376.99342658786,2.35185327126965e-17
7377.99301919309,3.328956335203e-17
7378.99261179832,1.06905346237077e-17
7379.99220440355,6.90702435876994e-18
7380.99179700877,2.554935344377e-18
7381.991389614,1.76378102917505e-17
7382.99098221923,5.07535795249781e-17
7383.99057482446,3.00927643135692e-18
7384.99016742969,5.83916761114994e-18
7385.98976003492,1.18607901638623e-17
7386.98935264015,1.05788522935207e-17
7387.98894524538,3.17460141416844e-17
7388.9885378506,2.62764180351028e-17
7389.98813045583,3.92600033444835e-18
7390.98772306106,4.85214843803446e-18
7391.98731566629,2.4224226477994e-18
7392.98690827152,9.4688571599446e-18
7393.98650087675,1.66037681037013e-17
7394.98609348198,5.38247767483737e-18
7395.98568608721,6.30967117761258e-18
7396.98527869243,1.66907035539905e-17
7397.98487129766,2.85390805270245e-17
7398.98446390289,1.56381515323606e-17
7399.98405650812,4.6055451741277e-18
7400.98364911335,4.66113986332694e-18
7401.98324171858,3.75532795188745e-18
7402.98283432381,1.33415109182169e-17
7403.98242692904,1.72146991623649e-17
7404.98201953426,1.10911900105277e-17
7405.98161213949,3.05042819486761e-18
7406.98120474472,2.92800404038341e-18
7407.98079734995,1.75243774809822e-17
7408.98038995518,5.17021991600616e-18
7409.97998256041,1.3128933251922e-17
7410.97957516564,1.86019673733496e-17
7411.97916777087,3.6033912552378e-18
7412.97876037609,3.17557453697514e-17
7413.97835298132,2.59554209571284e-17
7414.97794558655,1.0094260161014e-17
7415.97753819178,3.64456482159255e-18
7416.97713079701,4.48736801050572e-17
7417.97672340224,9.86930102752254e-17
7418.97631600747,3.16260528425064e-17
7419.97590861269,6.91020969865718e-18
7420.97550121792,9.19376894629413e-18
7421.97509382315,1.90059695662507e-17
7422.97468642838,2.15739369642245e-17
7423.97427903361,1.18226259116666e-17
7424.97387163884,3.17457289233184e-17
7425.97346424407,2.57629054364237e-17
7426.9730568493,3.23009545729678e-17
7427.97264945452,3.79156487804416e-17
7428.97224205975,2.97908559059754e-17
7429.97183466498,2.66998721189985e-17
7430.97142727021,1.23425256626318e-18
7431.97101987544,1.32834012799731e-17
7432.97061248067,2.09283671958722e-17
7433.9702050859,2.62942197786602e-17
7434.96979769113,1.91604041870327e-17
7435.96939029635,5.0325257785863e-17
7436.96898290158,1.25706115866529e-17
7437.96857550681,4.59451499317262e-19
7438.96816811204,1.40104714001197e-18
7439.96776071727,1.13889119350127e-17
7440.9673533225,1.52212923278387e-17
7441.96694592773,1.47914661419589e-17
7442.96653853296,2.17933995277553e-17
7443.96613113818,1.35835353176386e-17
7444.96572374341,1.78667674434595e-17
7445.96531634864,4.48255563181002e-18
7446.96490895387,5.28643827752896e-17
7447.9645015591,1.00466762355778e-17
7448.96409416433,2.56739137660612e-18
7449.96368676956,4.61283581548084e-18
7450.96327937478,4.90504480094625e-18
7451.96287198001,1.86071625850577e-17
7452.96246458524,1.02098644573474e-17
7453.96205719047,1.43371984206281e-17
7454.9616497957,3.03538067596309e-17
7455.96124240093,3.06832629438758e-18
7456.96083500616,3.03972336608517e-17
7457.96042761139,1.5836189177059e-17
7458.96002021661,4.91368961901417e-18
7459.95961282184,2.26370435897502e-17
7460.95920542707,3.45830320723707e-18
7461.9587980323,2.07979650634046e-17
7462.95839063753,1.74972103107992e-17
7463.95798324276,1.29622522854322e-17
7464.95757584799,2.71769327279111e-17
7465.95716845322,1.40840248169363e-17
7466.95676105844,3.38439899204685e-19
7467.95635366367,5.46023972102876e-18
7468.9559462689,2.76105897125628e-18
7469.95553887413,2.6205117871064e-18
7470.95513147936,1.08827417323427e-17
7471.95472408459,1.72283411818676e-17
7472.95431668982,2.1728315274639e-17
7473.95390929505,1.01761782209914e-17
7474.95350190027,6.40483594989767e-18
7475.9530945055,1.57359963042063e-17
7476.95268711073,2.20446375847309e-17
7477.95227971596,2.7920075166349e-18
7478.95187232119,5.85166179073804e-18
7479.95146492642,9.1043680165759e-18
7480.95105753165,6.77972423877061e-18
7481.95065013688,8.96375092411775e-18
7482.9502427421,4.21834171177748e-17
7483.94983534733,7.45890749152411e-17
7484.94942795256,1.41174966700271e-17
7485.94902055779,8.55557844930276e-18
7486.94861316302,6.32599414811927e-18
7487.94820576825,1.84437611318686e-17
7488.94779837348,6.07504798017346e-17
7489.9473909787,3.112051125656e-17
7490.94698358393,2.18120256358217e-17
7491.94657618916,2.9589070524627e-17
7492.94616879439,4.47707264320721e-17
7493.94576139962,3.8807043506909e-17
7494.94535400485,7.69298620359432e-18
7495.94494661008,1.6885641356889e-17
7496.94453921531,7.98776787510008e-18
7497.94413182053,6.84894624924198e-18
7498.94372442576,4.72717577945467e-17
7499.94331703099,6.06159366467095e-17
7500.94290963622,1.55494682236592e-17
7501.94250224145,5.8711505957823e-19
7502.94209484668,6.24689221029469e-19
7503.94168745191,2.28435666988645e-18
7504.94128005714,5.74149397348964e-18
7505.94087266236,4.22641776530205e-17
7506.94046526759,1.59173014973533e-17
7507.94005787282,1.19400985179487e-17
7508.93965047805,5.46823700525097e-18
7509.93924308328,7.02534093165016e-18
7510.93883568851,1.10086238476646e-17
7511.93842829374,6.87416570566663e-18
7512.93802089897,2.6044050349699e-17
7513.93761350419,5.87773021699871e-18
7514.93720610942,1.29294771316409e-17
7515.93679871465,1.60520278230665e-17
7516.93639131988,1.90713088263711e-17
7517.93598392511,2.20789577213837e-17
7518.93557653034,6.4343648225161e-19
7519.93516913557,1.31689158634117e-17
7520.93476174079,2.29296222704292e-17
7521.93435434602,3.96734779870958e-17
7522.93394695125,1.66101168374025e-17
7523.93353955648,2.76741128559961e-17
7524.93313216171,5.16778091189649e-17
7525.93272476694,1.59600459307263e-17
7526.93231737217,2.62872352008646e-18
7527.93190997739,2.54346618458238e-18
7528.93150258262,4.41634093274225e-18
7529.93109518785,1.01439674072112e-17
7530.93068779308,9.10535100081283e-19
7531.93028039831,1.64363888808439e-18
7532.92987300354,1.9543017764887e-17
7533.92946560877,3.03883851736882e-17
7534.929058214,2.64872473371787e-17
7535.92865081923,9.96846889183424e-18
7536.92824342445,3.01585486723571e-18
7537.92783602968,8.64813109264954e-18
7538.92742863491,8.20645965478272e-18
7539.92702124014,4.28000877602307e-17
7540.92661384537,1.1415515168532e-17
7541.9262064506,1.01388158167275e-18
7542.92579905583,6.02846270255323e-19
7543.92539166106,1.94518460589581e-18
7544.92498426628,2.99790201382452e-18
7545.92457687151,2.18717646475183e-17
7546.92416947674,3.86455405983834e-17
7547.92376208197,7.69710649830216e-18
7548.9233546872,5.91598594702557e-18
7549.92294729243,4.71884004408199e-18
7550.92253989766,1.14972414063645e-17
7551.92213250288,1.57955419418294e-17
7552.92172510811,2.4879498229425e-18
7553.92131771334,1.34416655536805e-17
7554.92091031857,3.47803432334575e-17
7555.9205029238,3.13806403073164e-18
7556.92009552903,1.88466555592419e-18
7557.91968813426,2.24107264540814e-17
7558.91928073948,2.13430226118716e-17
7559.91887334471,2.59371627525312e-19
7560.91846594994,1.05523657401706e-17
7561.91805855517,6.91964402755948e-19
7562.9176511604,3.44581080392813e-17
7563.91724376563,1.00218234881687e-17
7564.91683637086,5.59161130069889e-18
7565.91642897609,1.97552587399549e-17
7566.91602158131,4.54075469716108e-17
7567.91561418654,2.08196021609891e-17
7568.91520679177,1.78542879465691e-17
7569.914799397,1.95887232760172e-18
7570.91439200223,1.65674512838248e-17
7571.91398460746,3.91884700123506e-18
7572.91357721269,7.80126987558298e-19
7573.91316981792,3.45666885096925e-18
7574.91276242315,7.60965335046886e-18
7575.91235502837,1.46800172162119e-17
7576.9119476336,1.78828510984636e-17
7577.91154023883,7.22520627042787e-18
7578.91113284406,1.98660841143466e-19
7579.91072544929,1.02899313488277e-17
7580.91031805452,2.81864199103184e-17
7581.90991065975,1.01395490726179e-18
7582.90950326497,1.29671456090509e-17
7583.9090958702,9.79075182132179e-18
7584.90868847543,8.37527178114656e-18
7585.90828108066,8.03027233065991e-19
7586.90787368589,7.40011578763737e-18
7587.90746629112,2.01178258525045e-17
7588.90705889635,3.01589308990423e-17
7589.90665150157,1.26338658560402e-17
7590.9062441068,2.10865692420187e-18
7591.90583671203,3.83000013391971e-18
7592.90542931726,4.79502836272717e-18
7593.90502192249,3.95873188793787e-18
7594.90461452772,6.45988848601771e-19
7595.90420713295,1.0582870588115e-19
7596.90379973818,3.68397985969344e-18
7597.9033923434,8.04670356602445e-19
7598.90298494863,7.12708813673569e-18
7599.90257755386,9.92118915706188e-18
7600.90217015909,1.87662377381895e-17
7601.90176276432,1.37681857138376e-17
7602.90135536955,1.33945706865326e-17
7603.90094797478,4.97091156635982e-18
7604.90054058001,6.86109346597753e-18
7605.90013318523,6.50059567492064e-18
7606.89972579046,4.07004256242443e-18
7607.89931839569,1.55666100829512e-17
7608.89891100092,7.26225735555888e-18
7609.89850360615,4.69175043348199e-18
7610.89809621138,2.046953930831e-18
7611.89768881661,9.56050093116769e-18
7612.89728142184,5.11903975290369e-18
7613.89687402706,8.69447926665202e-18
7614.89646663229,1.68849200158892e-17
7615.89605923752,1.45164251961962e-17
7616.89565184275,2.51720535567514e-18
7617.89524444798,2.26403530842658e-18
7618.89483705321,3.28247525032693e-17
7619.89442965844,5.57219044278214e-17
7620.89402226366,1.22477165652491e-17
7621.89361486889,1.07349603069745e-17
7622.89320747412,2.47072956713694e-17
7623.89280007935,2.41185869671702e-17
7624.89239268458,9.55933157926533e-18
7625.89198528981,2.07164237932179e-17
7626.89157789504,2.96771395554498e-17
7627.89117050027,9.09991191591341e-18
7628.89076310549,5.07337370495298e-18
7629.89035571072,7.97523089768749e-18
7630.88994831595,1.6261803283501e-17
7631.88954092118,2.58460156205577e-17
7632.88913352641,6.9043153398909e-18
7633.88872613164,2.63656201982555e-17
7634.88831873687,6.52626338083635e-17
7635.8879113421,5.99820256866805e-17
7636.88750394732,1.68141411877512e-17
7637.88709655255,3.01936939308472e-17
7638.88668915778,6.59563903743675e-17
7639.88628176301,8.30533147849019e-17
7640.88587436824,4.0807010902917e-17
7641.88546697347,2.10660962430821e-17
7642.8850595787,1.0271276120775e-17
7643.88465218393,1.85553308513055e-18
7644.88424478915,2.56038090295792e-18
7645.88383739438,4.02172039981489e-17
7646.88342999961,5.83713498216002e-17
7647.88302260484,2.19573692383473e-17
7648.88261521007,8.70204153618035e-18
7649.8822078153,5.7583867333385e-18
7650.88180042053,7.30052460580531e-18
7651.88139302575,2.34932022874916e-17
7652.88098563098,4.11709324226131e-17
7653.88057823621,1.15571066294975e-17
7654.88017084144,1.23495632090947e-17
7655.87976344667,3.10612578720753e-18
7656.8793560519,1.97191736393274e-18
7657.87894865713,5.89222925995033e-18
7658.87854126236,1.18615748191502e-17
7659.87813386758,3.68821217411545e-17
7660.87772647281,4.77994035357995e-17
7661.87731907804,1.73323060547959e-17
7662.87691168327,5.99572118952872e-18
7663.8765042885,1.5299167263946e-18
7664.87609689373,1.50791325974913e-17
7665.87568949896,1.58396005802872e-17
7666.87528210419,6.799342010667e-19
7667.87487470941,1.51752706555451e-18
7668.87446731464,9.6876818409188e-20
7669.87405991987,7.46504881298297e-19
7670.8736525251,4.1149729219044e-18
7671.87324513033,4.37647663841514e-17
7672.87283773556,4.25074450777395e-17
7673.87243034079,3.11083424937905e-17
7674.87202294602,3.02329913565468e-18
7675.87161555124,7.09426468948717e-18
7676.87120815647,4.50922046120642e-18
7677.8708007617,1.74334943221747e-17
7678.87039336693,3.18540331734526e-17
7679.86998597216,1.96102577809311e-17
7680.86957857739,1.99819531236287e-18
7681.86917118262,2.57828138941218e-18
7682.86876378784,4.11933229750623e-19
7683.86835639307,8.15000975602742e-19
7684.8679489983,7.17786311859295e-18
7685.86754160353,1.04941655987249e-17
7686.86713420876,3.2504326380115e-17
7687.86672681399,2.95305386837801e-17
7688.86631941922,1.88575848467866e-18
7689.86591202445,4.28108042169403e-18
7690.86550462967,2.72346963630899e-18
7691.8650972349,8.05216215541964e-18
7692.86468984013,1.72016521897883e-17
7693.86428244536,1.61218528071105e-17
7694.86387505059,1.83101680919784e-17
7695.86346765582,8.49588263413399e-18
7696.86306026105,7.83810120164371e-18
7697.86265286628,5.59842853471149e-18
7698.8622454715,3.11942868731947e-18
7699.86183807673,1.6935994366459e-17
7700.86143068196,2.80347193170511e-17
7701.86102328719,1.0473483983474e-17
7702.86061589242,9.71150395204005e-18
7703.86020849765,1.75952059576282e-17
7704.85980110288,4.08454032164059e-18
7705.85939370811,7.46978078164506e-18
7706.85898631333,2.52745033540331e-17
7707.85857891856,2.69627154084167e-17
7708.85817152379,1.31869198455048e-17
7709.85776412902,3.31791022336724e-17
7710.85735673425,5.50703547209212e-17
7711.85694933948,2.7512282549898e-17
7712.85654194471,5.40209850845345e-17
7713.85613454994,2.76888098573399e-18
7714.85572715516,2.06492205931469e-17
7715.85531976039,1.14783347417884e-17
7716.85491236562,1.12751019264391e-17
7717.85450497085,5.70428530560414e-20
7718.85409757608,1.69445637715819e-17
7719.85369018131,4.89794471375823e-18
7720.85328278654,1.16876603847599e-17
7721.85287539176,1.8450465692018e-17
7722.85246799699,1.31134073010503e-17
7723.85206060222,1.07664895650381e-17
7724.85165320745,3.29746803171367e-17
7725.85124581268,6.79309115675011e-18
7726.85083841791,2.73678085717e-19
7727.85043102314,5.57351491833922e-18
7728.85002362837,1.09815394553113e-17
7729.84961623359,1.75451380687388e-17
7730.84920883882,1.91442234427642e-17
7731.84880144405,1.4514091910341e-17
7732.84839404928,1.59645135032838e-18
7733.84798665451,2.13965733959094e-17
7734.84757925974,2.76509135291825e-17
7735.84717186497,7.26291490554615e-17
7736.8467644702,3.52381840031799e-17
7737.84635707542,3.23669345707647e-18
7738.84594968065,1.18208162898967e-17
7739.84554228588,2.09598442713826e-17
7740.84513489111,4.23792816803946e-17
7741.84472749634,1.24829734569424e-18
7742.84432010157,8.82445075499183e-18
7743.8439127068,6.05224453406206e-18
7744.84350531202,3.20777255401812e-17
7745.84309791725,1.67926438609101e-17
7746.84269052248,1.80617671777376e-17
7747.84228312771,2.40837834537934e-17
7748.84187573294,6.79839702743721e-18
7749.84146833817,7.93560871766577e-18
7750.8410609434,4.42351316642579e-18
7751.84065354863,4.14196083740556e-19
7752.84024615385,5.84004810796601e-18
7753.83983875908,2.02340347279732e-17
7754.83943136431,2.75195285953518e-17
7755.83902396954,4.70111685225973e-17
7756.83861657477,4.36984215093424e-17
7757.83820918,9.64586755387778e-18
7758.83780178523,3.35073255187327e-17
7759.83739439046,3.46935082814321e-17
7760.83698699568,1.50440887023592e-17
7761.83657960091,3.9528251923346e-17
7762.83617220614,7.82550234318373e-17
7763.83576481137,5.88686088975949e-18
7764.8353574166,1.30008332989625e-18
7765.83495002183,1.68296042646281e-17
7766.83454262706,1.39418317128994e-17
7767.83413523229,5.25601705645521e-21
7768.83372783751,4.64887539872119e-18
7769.83332044274,3.56532290835939e-18
7770.83291304797,5.53118362507032e-18
7771.8325056532,6.32136172892642e-18
7772.83209825843,3.39197441198067e-19
7773.83169086366,2.68052013242047e-18
7774.83128346889,8.38843905259383e-18
7775.83087607411,3.56864303450829e-17
7776.83046867934,2.50540437523735e-17
7777.83006128457,1.09423612193169e-17
7778.8296538898,3.36897107763335e-18
7779.82924649503,1.0931954580649e-18
7780.82883910026,6.11564655290826e-20
7781.82843170549,1.04996909110813e-17
7782.82802431072,4.45449877156687e-18
7783.82761691594,9.6474742916968e-18
7784.82720952117,1.58503462241573e-17
7785.8268021264,1.15159295884722e-17
7786.82639473163,8.31723081640565e-18
7787.82598733686,1.74388058722107e-17
7788.82557994209,9.59610446096799e-17
7789.82517254732,3.2723649985004e-17
7790.82476515255,4.72278644033596e-17
7791.82435775777,4.59161456196547e-17
7792.823950363,1.93743707209252e-17
7793.82354296823,2.77160965678177e-17
7794.82313557346,1.48335773332024e-19
7795.82272817869,2.17035729599461e-17
7796.82232078392,2.65241893193529e-17
7797.82191338915,2.27166601488456e-17
7798.82150599438,1.92881780934285e-18
7799.8210985996,8.14521179289962e-18
7800.82069120483,2.1547793216034e-17
7801.82028381006,1.76481516241877e-17
7802.81987641529,9.55857836339908e-18
7803.81946902052,1.41773839908115e-17
7804.81906162575,3.06154446030065e-17
7805.81865423098,4.08818742776449e-17
7806.8182468362,3.63238119598988e-17
7807.81783944143,5.35008043057197e-17
7808.81743204666,4.8280969015676e-17
7809.81702465189,5.48065600982872e-18
7810.81661725712,1.0618410676689e-17
7811.81620986235,1.08675002796551e-17
7812.81580246758,2.24363467834526e-18
7813.8153950728,1.11034322521716e-17
7814.81498767803,2.21171002493638e-17
7815.81458028326,5.25794477878797e-17
7816.81417288849,9.22365617998477e-18
7817.81376549372,6.37810268386172e-18
7818.81335809895,1.55844697655635e-17
7819.81295070418,4.26027102725615e-17
7820.81254330941,2.00624002132147e-17
7821.81213591464,3.83399130657164e-18
7822.81172851986,1.70889860896719e-17
7823.81132112509,3.42344922039845e-17
7824.81091373032,4.84026664294277e-17
7825.81050633555,1.17944882719889e-17
7826.81009894078,6.11905890896944e-18
7827.80969154601,2.15841478390412e-17
7828.80928415124,2.43947501652579e-17
7829.80887675646,2.19912128215701e-17
7830.80846936169,1.22274866840335e-17
7831.80806196692,8.97147221549094e-20
7832.80765457215,1.47392112251502e-17
7833.80724717738,1.93775318298934e-17
7834.80683978261,2.96315754699148e-17
7835.80643238784,1.25408489349203e-17
7836.80602499307,4.77889427308449e-18
7837.80561759829,1.30657261345852e-17
7838.80521020352,1.77784025783842e-17
7839.80480280875,5.5398249674563e-17
7840.80439541398,4.70513805376127e-17
7841.80398801921,1.24126412634151e-17
7842.80358062444,9.53332352941706e-18
7843.80317322967,1.82870847515432e-17
7844.8027658349,4.21193096781464e-18
7845.80235844012,1.80044513664066e-17
7846.80195104535,3.89199812295043e-17
7847.80154365058,8.11325765594293e-18
7848.80113625581,5.41290672770553e-18
7849.80072886104,6.75140911001765e-18
7850.80032146627,3.36429066644114e-18
7851.7999140715,1.15880448695991e-17
7852.79950667672,1.56587540368899e-17
7853.79909928195,1.23125218201382e-18
7854.79869188718,2.52508982519282e-17
7855.79828449241,4.85834836510437e-17
7856.79787709764,4.08593569885015e-18
7857.79746970287,2.51232451956361e-17
7858.7970623081,1.71917609320281e-17
7859.79665491333,1.04950869017162e-17
7860.79624751855,2.56637463617657e-18
7861.79584012378,2.23941574899108e-17
7862.79543272901,4.1934115349701e-17
7863.79502533424,8.74527400049818e-18
7864.79461793947,2.92556771802635e-19
7865.7942105447,6.96187001435774e-18
7866.79380314993,6.98815384941993e-18
7867.79339575516,1.89693933850377e-17
7868.79298836038,1.68039669265231e-17
7869.79258096561,3.74017938616904e-18
7870.79217357084,1.09980318507193e-17
7871.79176617607,3.07699920264966e-17
7872.7913587813,3.40353841221563e-17
7873.79095138653,3.04020411977076e-17
7874.79054399176,7.17735630519522e-18
7875.79013659699,5.04452593606835e-18
7876.78972920221,5.08941091195072e-18
7877.78932180744,9.73964586345808e-18
7878.78891441267,1.71914293414394e-18
7879.7885070179,9.05412902318271e-18
7880.78809962313,2.19045251194781e-17
7881.78769222836,1.7001215472375e-17
7882.78728483359,1.12174821306331e-17
7883.78687743881,4.98060560848807e-17
7884.78647004404,2.10653347548235e-17
7885.78606264927,2.05455206183143e-17
7886.7856552545,3.0788594991238e-17
7887.78524785973,1.27528973865048e-17
7888.78484046496,3.52955150794654e-18
7889.78443307019,1.42904402555539e-17
7890.78402567542,6.16643008144323e-18
7891.78361828064,1.43196076339133e-17
7892.78321088587,7.79584067177689e-20
7893.7828034911,1.26352349785457e-17
7894.78239609633,2.5657287070727e-17
7895.78198870156,2.19637792360366e-17
7896.78158130679,2.28846154916452e-17
7897.78117391202,7.46670217712099e-17
7898.78076651725,2.2485893227219e-17
7899.78035912247,2.15852914134132e-17
7900.7799517277,2.45698834894591e-17
7901.77954433293,1.98875685538341e-17
7902.77913693816,9.47857318156349e-17
7903.77872954339,4.70099597370238e-17
7904.77832214862,1.83664336634322e-17
7905.77791475385,1.43244167419777e-17
7906.77750735908,2.34984247445947e-17
7907.7770999643,7.52421977037782e-18
7908.77669256953,8.68041749037799e-18
7909.77628517476,1.21319833060118e-17
7910.77587777999,2.17250976469356e-17
7911.77547038522,1.72049927811899e-17
7912.77506299045,8.14464232294267e-18
7913.77465559568,2.36952856013046e-17
7914.7742482009,2.36856686673532e-18
7915.77384080613,6.7694514701107e-18
7916.77343341136,1.500715012242e-17
7917.77302601659,1.08641284752806e-17
7918.77261862182,1.29874035061675e-17
7919.77221122705,3.97675108680346e-17
7920.77180383228,2.64596242615087e-17
7921.77139643751,2.18562505921024e-17
7922.77098904273,2.04038733037831e-19
7923.77058164796,2.37513607944041e-17
7924.77017425319,3.56374970629198e-17
7925.76976685842,2.7584874068176e-19
7926.76935946365,4.0017727353103e-18
7927.76895206888,3.48790075173784e-17
7928.76854467411,6.8489121924252e-17
7929.76813727934,4.44738268353759e-17
7930.76772988456,5.29824101393677e-17
7931.76732248979,8.76112094654677e-18
7932.76691509502,9.43723881268638e-19
7933.76650770025,8.65849335325697e-18
7934.76610030548,4.73028665209103e-18
7935.76569291071,1.55319647987086e-17
7936.76528551594,3.65624865679606e-17
7937.76487812117,1.60581145772543e-17
7938.76447072639,1.43650025068396e-18
7939.76406333162,6.79885726565705e-18
7940.76365593685,1.29443682259274e-17
7941.76324854208,1.06531570758106e-17
7942.76284114731,3.30696246053136e-19
7943.76243375254,1.82935668600844e-17
7944.76202635777,9.58024891235749e-19
7945.761618963,1.28467363909062e-17
7946.76121156822,1.66212562488772e-17
7947.76080417345,9.1850299986546e-18
7948.76039677868,1.24197236556076e-19
7949.75998938391,1.53669421687549e-17
7950.75958198914,8.15360430037726e-18
7951.75917459437,5.25765943693729e-18
7952.7587671996,5.52912710534344e-18
7953.75835980482,1.09201822276977e-17
7954.75795241005,4.46370261332516e-17
7955.75754501528,2.12765235116958e-17
7956.75713762051,4.7502402955326e-18
7957.75673022574,2.57543530223056e-17
7958.75632283097,2.73434429585944e-17
7959.7559154362,2.35745578935721e-17
7960.75550804143,1.24009849623525e-17
7961.75510064665,1.03800758958622e-17
7962.75469325188,2.39062122926046e-17
7963.75428585711,1.79854597273616e-17
7964.75387846234,5.60624213918293e-18
7965.75347106757,5.11487102566978e-19
7966.7530636728,4.42055283218264e-18
7967.75265627803,4.95334185945711e-17
7968.75224888326,4.74053346019054e-17
7969.75184148848,4.00875015206138e-18
7970.75143409371,3.41459176462205e-18
7971.75102669894,4.99383045020352e-18
7972.75061930417,3.78631413783745e-18
7973.7502119094,3.9171024067186e-18
7974.74980451463,6.42485049359785e-18
7975.74939711986,2.33875273067432e-17
7976.74898972509,6.93711012630284e-18
7977.74858233031,4.74318562333444e-18
7978.74817493554,2.11980127315649e-18
7979.74776754077,1.29986300385637e-18
7980.747360146,6.23222611013549e-18
7981.74695275123,2.66814260464418e-17
7982.74654535646,1.79709927330754e-17
7983.74613796169,2.1179288326534e-17
7984.74573056691,2.50396601424482e-18
7985.74532317214,3.59316957423297e-18
7986.74491577737,7.21945493900343e-18
7987.7445083826,1.09698551742271e-17
7988.74410098783,3.55898411706721e-18
7989.74369359306,2.64698423006268e-18
7990.74328619829,1.96089941858669e-17
7991.74287880351,2.64843046271886e-17
7992.74247140874,2.72376566115494e-17
7993.74206401397,2.05461626061684e-17
7994.7416566192,3.69417389614039e-17
7995.74124922443,2.89641971395088e-17
7996.74084182966,5.05129645932829e-17
7997.74043443489,3.29309784074173e-18
7998.74002704012,5.04499007777585e-17
7999.73961964535,2.11228373456187e-17
8000.73921225057,6.68106227244302e-18
8001.7388048558,6.93446175116975e-18
8002.73839746103,7.80843913757965e-18
8003.73799006626,3.38101743126501e-17
8004.73758267149,2.93020284728834e-17
8005.73717527672,2.74532369721865e-17
8006.73676788195,2.3009950084028e-17
8007.73636048718,3.58289650008978e-18
8008.7359530924,1.47318135806787e-17
8009.73554569763,6.93628236616716e-19
8010.73513830286,1.84985802395478e-17
8011.73473090809,7.75451894355939e-18
8012.73432351332,5.52271903614656e-18
8013.73391611855,1.26283633623321e-17
8014.73350872378,4.9959046226568e-18
8015.733101329,6.5488939259855e-18
8016.73269393423,1.84711654570487e-17
8017.73228653946,1.00370921196236e-17
8018.73187914469,1.22602460615814e-17
8019.73147174992,5.08778721603086e-18
8020.73106435515,2.01226249590727e-17
8021.73065696038,6.18875791102774e-18
8022.7302495656,1.18842384450649e-18
8023.72984217083,5.18403353416348e-18
8024.72943477606,2.34389817314638e-17
8025.72902738129,9.41483264398384e-19
8026.72861998652,2.97331772668459e-17
8027.72821259175,4.79501245004211e-18
8028.72780519698,4.68696112117637e-18
8029.72739780221,1.09559233836493e-18
8030.72699040743,3.7849026654056e-17
8031.72658301266,4.15015502998556e-17
8032.72617561789,4.19350913675038e-19
8033.72576822312,1.29219554124111e-18
8034.72536082835,2.98552716473594e-17
8035.72495343358,8.87538108795198e-18
8036.72454603881,2.45650470044338e-17
8037.72413864404,1.42607651889189e-17
8038.72373124927,4.43783703507667e-18
8039.72332385449,2.48808576339488e-17
8040.72291645972,2.01346044381828e-17
8041.72250906495,8.0034787080129e-18
8042.72210167018,5.42352647483536e-17
8043.72169427541,6.40734100838169e-17
8044.72128688064,1.14380966822108e-17
8045.72087948587,6.64462074048867e-18
8046.72047209109,2.80387094598339e-17
8047.72006469632,3.8631966231835e-17
8048.71965730155,1.80687049041442e-17
8049.71924990678,7.7926273001576e-18
8050.71884251201,1.35176137108631e-17
8051.71843511724,3.73930840879451e-17
8052.71802772247,6.3179766436711e-17
8053.71762032769,2.75647950523882e-17
8054.71721293292,2.27309906847372e-18
8055.71680553815,1.83651277953737e-18
8056.71639814338,4.67952108687493e-17
8057.71599074861,8.89515710821465e-17
8058.71558335384,2.31679536450271e-17
8059.71517595907,9.84186923869185e-18
8060.7147685643,2.48959904142545e-18
8061.71436116952,9.66656705965286e-18
8062.71395377475,3.27453209874586e-17
8063.71354637998,3.6506261433759e-17
8064.71313898521,1.92030613158296e-17
8065.71273159044,2.89407891252912e-17
8066.71232419567,4.99510429326745e-17
8067.7119168009,2.45853670388896e-17
8068.71150940613,1.29894035941383e-17
8069.71110201135,4.4917839551981e-17
8070.71069461658,6.19579828493087e-17
8071.71028722181,1.7377764148456e-17
8072.70987982704,1.12081881741889e-17
8073.70947243227,1.80279710091133e-17
8074.7090650375,2.207899036152e-18
8075.70865764273,6.10148646533885e-18
8076.70825024796,1.85485090943711e-17
8077.70784285318,1.06847499724912e-17
8078.70743545841,7.49621980048422e-18
8079.70702806364,6.64572913350105e-18
8080.70662066887,8.55430105261008e-19
8081.7062132741,2.13778251970677e-18
8082.70580587933,2.00410716878143e-17
8083.70539848456,5.65547301897763e-19
8084.70499108978,2.78388743366921e-17
8085.70458369501,3.59830275242409e-19
8086.70417630024,3.08828482307105e-17
8087.70376890547,3.56451254474009e-17
8088.7033615107,3.17469877834106e-19
8089.70295411593,4.48219178447145e-17
8090.70254672116,4.32735315731456e-17
8091.70213932639,4.54336767811005e-19
8092.70173193161,4.58411706109677e-17
8093.70132453684,5.29276245577055e-17
8094.70091714207,2.17891141376842e-17
8095.7005097473,6.41431701443088e-18
8096.70010235253,2.19554357393541e-18
8097.69969495776,3.88922881581075e-18
8098.69928756299,3.93277471689944e-17
8099.69888016822,2.39298314387717e-17
8100.69847277344,6.37293897637987e-18
8101.69806537867,2.37820903586882e-17
8102.6976579839,7.63738990680703e-17
8103.69725058913,6.37626902909922e-17
8104.69684319436,1.57511894786223e-17
8105.69643579959,8.46990224044857e-18
8106.69602840482,6.71171576716115e-18
8107.69562101005,7.27790279355654e-18
8108.69521361527,2.74873377364635e-17
8109.6948062205,1.11954234055364e-17
8110.69439882573,1.25823557210087e-17
8111.69399143096,1.51283432879673e-17
8112.69358403619,6.47412788021596e-18
8113.69317664142,2.0188237340474e-18
8114.69276924665,1.31554796109586e-17
8115.69236185187,6.81635694270586e-17
8116.6919544571,7.59248335173683e-17
8117.69154706233,1.22019701120813e-17
8118.69113966756,6.99351630904531e-18
8119.69073227279,3.2362259390439e-18
8120.69032487802,1.97392907145208e-18
8121.68991748325,1.63757781636701e-17
8122.68951008848,1.58823549741287e-17
8123.6891026937,4.54317034322031e-17
8124.68869529893,5.46386202361645e-17
8125.68828790416,2.47689570821692e-17
8126.68788050939,2.10668409924767e-18
8127.68747311462,2.06084744095308e-17
8128.68706571985,7.757812621881e-17
8129.68665832508,2.67191978915964e-17
8130.68625093031,8.24912772674956e-18
8131.68584353553,5.96594923674698e-18
8132.68543614076,4.65795658088569e-17
8133.68502874599,9.80969245474333e-17
8134.68462135122,1.13311373897417e-16
8135.68421395645,6.54504166898325e-17
8136.68380656168,5.55567870014382e-17
8137.68339916691,4.09600226619063e-17
8138.68299177214,2.54392128871817e-17
8139.68258437736,2.11991008951385e-17
8140.68217698259,1.49985080279455e-17
8141.68176958782,2.26705507187442e-17
8142.68136219305,1.62578126884417e-17
8143.68095479828,3.517811379194e-18
8144.68054740351,1.83361227257483e-18
8145.68014000874,1.80629458563357e-17
8146.67973261396,2.69930587671148e-17
8147.67932521919,1.4764059861378e-18
8148.67891782442,5.55908645923024e-18
8149.67851042965,8.4816091224654e-18
8150.67810303488,1.202300681241e-17
8151.67769564011,2.58524776914298e-17
8152.67728824534,2.45943113196647e-18
8153.67688085057,2.55156841089573e-18
8154.67647345579,1.85721974947404e-17
8155.67606606102,2.59516271189019e-17
8156.67565866625,8.71806771449519e-18
8157.67525127148,6.16295239763374e-18
8158.67484387671,2.22437723298601e-18
8159.67443648194,3.62619500110563e-18
8160.67402908717,1.0214240618289e-17
8161.6736216924,3.07741553651119e-17
8162.67321429762,2.87415235603075e-17
8163.67280690285,3.96882534147608e-17
8164.67239950808,1.43154964894685e-17
8165.67199211331,8.86486616194103e-17
8166.67158471854,8.3368966034899e-17
8167.67117732377,2.45057792514514e-17
8168.670769929,4.56641479201371e-18
8169.67036253423,7.52395473667572e-18
8170.66995513945,2.00839837540147e-17
8171.66954774468,7.35719608658129e-18
8172.66914034991,6.30060918603182e-18
8173.66873295514,3.31541460577451e-17
8174.66832556037,2.57931447630873e-17
8175.6679181656,6.38760449991144e-18
8176.66751077083,2.32315604093026e-17
8177.66710337606,9.05967202748866e-17
8178.66669598128,7.18101497700944e-17
8179.66628858651,2.59002880234005e-17
8180.66588119174,1.41597498118703e-17
8181.66547379697,3.53801583146985e-17
8182.6650664022,3.0932819662373e-17
8183.66465900743,7.80562060308259e-18
8184.66425161266,7.28146192396542e-18
8185.66384421788,4.65531501154198e-18
8186.66343682311,8.34727127409091e-18
8187.66302942834,3.90509381036562e-17
8188.66262203357,5.69565194541357e-17
8189.6622146388,1.94547486923424e-17
8190.66180724403,3.62229030980815e-18
8191.66139984926,8.36327774536016e-18
8192.66099245449,3.86785864488949e-17
8193.66058505971,1.93799757495832e-17
8194.66017766494,3.16940869147726e-17
8195.65977027017,2.46349825444445e-17
8196.6593628754,1.45514343526108e-18
8197.65895548063,1.88279277979214e-17
8198.65854808586,3.98851001857555e-17
8199.65814069109,1.39108052608495e-17
8200.65773329632,2.11083675311669e-18
8201.65732590154,3.18226633539337e-17
8202.65691850677,1.44241934544195e-17
8203.656511112,1.11265097818169e-17
8204.65610371723,2.97319122051758e-17
8205.65569632246,1.49018447029221e-17
8206.65528892769,9.62720178073285e-18
8207.65488153292,2.05801808262652e-18
8208.65447413815,1.93400287902358e-17
8209.65406674337,3.96871458954068e-17
8210.6536593486,1.97187404283304e-17
8211.65325195383,1.41837127098367e-18
8212.65284455906,2.69158511046498e-17
8213.65243716429,1.67288415432621e-17
8214.65202976952,3.21045886925203e-18
8215.65162237475,8.91839184529842e-18
8216.65121497997,1.45671329602695e-17
8217.6508075852,4.61954953061551e-17
8218.65040019043,1.28480707648141e-18
8219.64999279566,2.70664733443904e-18
8220.64958540089,2.91017836013858e-18
8221.64917800612,1.81647900484285e-17
8222.64877061135,3.80399021695581e-17
8223.64836321657,3.29865196475975e-17
8224.6479558218,1.01704381728147e-17
8225.64754842703,9.69978671957791e-18
8226.64714103226,1.92978278098667e-17
8227.64673363749,5.80254259043431e-17
8228.64632624272,6.64307122422046e-17
8229.64591884795,3.99146562079605e-17
8230.64551145318,5.53523498039751e-18
8231.64510405841,1.05447755965832e-17
8232.64469666363,2.92502026492197e-17
8233.64428926886,1.98354142815253e-17
8234.64388187409,2.99913383895734e-18
8235.64347447932,1.45462874274443e-17
8236.64306708455,5.55510483298476e-18
8237.64265968978,5.69051822405525e-18
8238.64225229501,2.17793578487636e-17
8239.64184490024,4.67832197604672e-17
8240.64143750546,7.03779051284687e-18
8241.64103011069,6.71002651365414e-18
8242.64062271592,2.47811828627664e-17
8243.64021532115,2.76266673009444e-17
8244.63980792638,7.62702678883703e-18
8245.63940053161,2.103015615805e-18
8246.63899313684,4.621982089574e-18
8247.63858574206,2.47247511141635e-17
8248.63817834729,2.30557578466427e-17
8249.63777095252,2.22763701903604e-18
8250.63736355775,6.02673267479697e-18
8251.63695616298,6.48862850078648e-18
8252.63654876821,4.22523123311523e-17
8253.63614137344,2.83288572192363e-17
8254.63573397866,2.80040644211311e-17
8255.63532658389,1.92698586726216e-17
8256.63491918912,3.97385439568786e-17
8257.63451179435,1.51662642869244e-17
8258.63410439958,3.49187470305188e-17
8259.63369700481,7.99825903440106e-17
8260.63328961004,3.60526996189399e-17
8261.63288221527,1.34825504734846e-18
8262.6324748205,1.03751053417053e-18
8263.63206742572,2.10826649847399e-17
8264.63166003095,7.88333182907313e-17
8265.63125263618,5.99502998043079e-17
8266.63084524141,6.19988680037681e-19
8267.63043784664,2.9523591866354e-18
8268.63003045187,1.31155809430987e-17
8269.6296230571,8.54485321285808e-18
8270.62921566233,3.98010800421624e-17
8271.62880826755,8.7586207578662e-18
8272.62840087278,7.74104972301014e-17
8273.62799347801,2.59298332385324e-18
8274.62758608324,4.02651143768851e-17
8275.62717868847,1.99619581655668e-17
8276.6267712937,4.97323468222542e-17
8277.62636389893,2.09196739442612e-17
8278.62595650415,1.52951987865743e-17
8279.62554910938,1.58912834344367e-17
8280.62514171461,3.23758412428893e-18
8281.62473431984,2.37054900056383e-17
8282.62432692507,2.5391454528547e-18
8283.6239195303,1.00288428832367e-18
8284.62351213553,1.36839157994797e-18
8285.62310474075,3.7248123049851e-18
8286.62269734598,5.94872610354052e-17
8287.62228995121,7.73261047486923e-17
8288.62188255644,1.58108742774129e-17
8289.62147516167,2.59043926857374e-17
8290.6210677669,3.19859418954219e-17
8291.62066037213,1.34178870869428e-17
8292.62025297736,9.24595756658599e-18
8293.61984558259,1.04893697216506e-17
8294.61943818781,3.24364240301181e-17
8295.61903079304,1.29206711202534e-17
8296.61862339827,4.8203882231491e-17
8297.6182160035,7.30765972647088e-18
8298.61780860873,8.45918602383368e-18
8299.61740121396,1.55129677100566e-17
8300.61699381919,1.2589445114255e-17
8301.61658642441,2.28432548462948e-18
8302.61617902964,2.80639347622619e-18
8303.61577163487,1.07296110420588e-17
8304.6153642401,1.53779006155322e-18
8305.61495684533,1.47654773861738e-17
8306.61454945056,6.49004821958463e-18
8307.61414205579,1.15015809650444e-18
8308.61373466102,2.39357281511801e-17
8309.61332726624,5.47938452944409e-17
8310.61291987147,3.4059725196456e-17
8311.6125124767,1.05796461420953e-17
8312.61210508193,6.41643525576913e-17
8313.61169768716,9.57091710748562e-18
8314.61129029239,6.6409179544893e-18
8315.61088289762,2.24564390363207e-17
8316.61047550284,5.40627131528046e-17
8317.61006810807,4.77664106294484e-17
8318.6096607133,9.33385237247495e-17
8319.60925331853,1.52808587973261e-16
8320.60884592376,4.34592378742616e-17
8321.60843852899,8.17237716095487e-18
8322.60803113422,1.76925615357756e-17
8323.60762373945,1.67222820589618e-17
8324.60721634468,8.18437368070882e-17
8325.6068089499,6.80567934653323e-17
8326.60640155513,3.89209344783907e-17
8327.60599416036,2.95122064506006e-17
8328.60558676559,2.46103644701724e-17
8329.60517937082,9.24777047095546e-18
8330.60477197605,1.12274690357947e-17
8331.60436458128,4.06019934973755e-17
8332.6039571865,1.65217594867091e-16
8333.60354979173,1.05258486908561e-16
8334.60314239696,1.49189924992666e-18
8335.60273500219,1.17812488144863e-17
8336.60232760742,9.08463909135273e-17
8337.60192021265,5.28807200375504e-17
8338.60151281788,4.58854122802066e-17
8339.60110542311,1.54138752890356e-17
8340.60069802833,3.86870069635537e-19
8341.60029063356,1.99350303812484e-17
8342.59988323879,1.77472912077114e-17
8343.59947584402,2.17708469442674e-18
8344.59906844925,4.47717528350639e-18
8345.59866105448,2.12353099166638e-19
8346.59825365971,1.59116038750819e-17
8347.59784626493,2.75812856417271e-17
8348.59743887017,7.75769383610266e-17
8349.59703147539,5.88174135023066e-17
8350.59662408062,2.00978730433881e-17
8351.59621668585,1.0079978633386e-17
8352.59580929108,1.00001710109182e-18
8353.59540189631,1.70563447071237e-17
8354.59499450154,1.09426054884327e-17
8355.59458710677,1.28038442301941e-17
8356.59417971199,1.12184314585351e-17
8357.59377231722,3.00250840301573e-17
8358.59336492245,5.06429696131188e-17
8359.59295752768,4.55574424187639e-17
8360.59255013291,1.04851534299004e-17
8361.59214273814,2.2294749742862e-18
8362.59173534337,1.44686183506801e-17
8363.59132794859,1.23244935143596e-17
8364.59092055382,1.63410371543267e-18
8365.59051315905,3.08692179920772e-17
8366.59010576428,5.32704667160846e-17
8367.58969836951,1.67805620241738e-17
8368.58929097474,4.86784131751496e-20
8369.58888357997,4.9227028172225e-18
8370.5884761852,7.26099908998796e-18
8371.58806879042,8.34977702128376e-19
8372.58766139565,2.97245884009738e-18
8373.58725400088,8.02899047422095e-20
8374.58684660611,8.03156990480903e-19
8375.58643921134,4.72701469208137e-18
8376.58603181657,1.40202227301016e-17
8377.5856244218,3.92840130252872e-17
8378.58521702702,2.3129063433216e-17
8379.58480963226,1.14092916286848e-17
8380.58440223748,2.52134671688432e-17
8381.58399484271,3.95510075658222e-17
8382.58358744794,3.74779294264582e-17
8383.58318005317,6.56952508380257e-18
8384.5827726584,3.0687117269514e-17
8385.58236526363,1.00539321121217e-17
8386.58195786886,2.47267130224786e-17
8387.58155047408,3.14589725570343e-17
8388.58114307931,5.00962273465246e-18
8389.58073568454,3.58629940461669e-17
8390.58032828977,1.04518666143612e-16
8391.579920895,2.59445510142919e-17
8392.57951350023,1.03985082115892e-16
8393.57910610546,1.44755224314624e-16
8394.57869871068,7.19537303373425e-17
8395.57829131591,5.05698283009806e-17
8396.57788392114,9.33540174761615e-18
8397.57747652637,1.10222023270663e-17
8398.5770691316,2.01868147175943e-17
8399.57666173683,1.35338726777335e-17
8400.57625434206,2.5825795877622e-17
8401.57584694729,1.25192487229816e-17
8402.57543955251,1.01087540838287e-17
8403.57503215774,2.25711151153365e-18
8404.57462476297,3.82467326977886e-17
8405.5742173682,3.89515586797824e-17
8406.57380997343,5.14286368331372e-17
8407.57340257866,2.53965478228207e-17
8408.57299518389,1.46156547194677e-18
8409.57258778912,1.48169941550454e-17
8410.57218039434,6.41851101572083e-18
8411.57177299957,5.40741607976e-17
8412.5713656048,2.73621087566198e-17
8413.57095821003,2.3809988738852e-18
8414.57055081526,1.37256343643528e-17
8415.57014342049,1.31042176635048e-17
8416.56973602572,7.69063346812966e-18
8417.56932863095,7.74814282537677e-18
8418.56892123617,2.39180236229424e-17
8419.5685138414,2.60007295421292e-17
8420.56810644663,4.61660596851525e-17
8421.56769905186,6.60273924616651e-17
8422.56729165709,2.40423878830581e-17
8423.56688426232,1.47578372457466e-18
8424.56647686755,7.45119935737754e-18
8425.56606947277,2.70995272244558e-18
8426.565662078,2.86201767337991e-17
8427.56525468323,4.19895831890618e-17
8428.56484728846,2.46958697064952e-17
8429.56443989369,3.68457316670612e-17
8430.56403249892,1.26106164651567e-18
8431.56362510415,2.27086539699801e-17
8432.56321770938,3.50532909255827e-17
8433.5628103146,3.20009001072309e-17
8434.56240291983,5.04841761302488e-17
8435.56199552506,3.67980080478487e-17
8436.56158813029,4.01264751915359e-18
8437.56118073552,1.31892556595863e-17
8438.56077334075,5.94692481161115e-18
8439.56036594598,5.19316757813291e-18
8440.5599585512,1.07703589644712e-17
8441.55955115643,1.05975435595447e-17
8442.55914376166,6.52005766152327e-18
8443.55873636689,5.64710171183169e-18
8444.55832897212,4.20785307137379e-17
8445.55792157735,7.00557303504395e-17
8446.55751418258,6.18147019376474e-18
8447.55710678781,9.50212480573748e-18
8448.55669939303,9.78609915859656e-18
8449.55629199826,1.05665125228115e-17
8450.55588460349,2.85786097133831e-17
8451.55547720872,3.82909769542031e-17
8452.55506981395,7.12706633420038e-17
8453.55466241918,9.6870217360785e-18
8454.55425502441,3.52620445997892e-18
8455.55384762964,2.00914599851258e-18
8456.55344023486,3.73773259067672e-17
8457.55303284009,3.29667637579071e-17
8458.55262544532,5.55267593719597e-18
8459.55221805055,2.10955416037536e-17
8460.55181065578,3.34793886797959e-17
8461.55140326101,2.35832538946643e-17
8462.55099586624,3.00888452278239e-17
8463.55058847147,1.46500424396547e-17
8464.55018107669,1.77924750830754e-18
8465.54977368192,1.43374170360783e-17
8466.54936628715,9.88226037199659e-18
8467.54895889238,4.42707449373959e-18
8468.54855149761,7.94243445415362e-18
8469.54814410284,1.20038575150462e-17
8470.54773670807,3.08108538939627e-18
8471.54732931329,3.86253554716457e-19
8472.54692191852,3.79872498023898e-18
8473.54651452375,1.39414290767493e-17
8474.54610712898,2.58614378514734e-17
8475.54569973421,1.37216685446495e-16
8476.54529233944,9.62953465793767e-17
8477.54488494467,1.33023175370806e-17
8478.5444775499,2.44801708884232e-17
8479.54407015513,5.82448100433842e-17
8480.54366276035,3.53492717662176e-17
8481.54325536558,1.71387519426934e-17
8482.54284797081,9.96919727670689e-18
8483.54244057604,2.89333705070036e-17
8484.54203318127,3.07099298691679e-17
8485.5416257865,8.62315343189564e-18
8486.54121839173,1.29130118807773e-17
8487.54081099695,6.73508637213501e-18
8488.54040360218,2.83285210122529e-17
8489.53999620741,3.16935456571926e-17
8490.53958881264,5.30190644653429e-17
8491.53918141787,5.60785020353916e-17
8492.5387740231,2.27537827121205e-17
8493.53836662833,1.32436469658154e-17
8494.53795923356,8.09319821854211e-19
8495.53755183878,1.40415628565441e-17
8496.53714444401,1.24755927529321e-18
8497.53673704924,4.84829729362304e-17
8498.53632965447,5.34679177794578e-17
8499.5359222597,5.58847299536029e-17
8500.53551486493,1.25184863013734e-16
8501.53510747016,6.69903709801273e-17
8502.53470007538,3.3198421598527e-17
8503.53429268061,6.67726358236288e-18
8504.53388528584,1.39715690898436e-17
8505.53347789107,4.13027363232951e-17
8506.5330704963,3.22881755251948e-17
8507.53266310153,2.19252955233871e-17
8508.53225570676,2.90140258763188e-18
8509.53184831198,3.73667390400394e-18
8510.53144091722,3.89582142788944e-19
8511.53103352244,2.6966239042828e-18
8512.53062612767,4.11427755561259e-17
8513.5302187329,7.27015221831196e-17
8514.52981133813,2.65763285898003e-17
8515.52940394336,4.3498500561915e-18
8516.52899654859,1.05172147291131e-17
8517.52858915382,4.03831285212298e-17
8518.52818175904,3.42029365120145e-17
8519.52777436427,2.69284463343855e-17
8520.5273669695,2.07032431884179e-17
8521.52695957473,2.68875130896601e-17
8522.52655217996,2.09664921355484e-17
8523.52614478519,1.28371120892223e-17
8524.52573739042,4.14696910163125e-17
8525.52532999565,1.97846090272302e-17
8526.52492260087,2.14863753636104e-17
8527.5245152061,9.00486805989834e-18
8528.52410781133,2.90356196474744e-17
8529.52370041656,4.51533493454235e-17
8530.52329302179,2.43920606776228e-17
8531.52288562702,7.72587724477293e-17
8532.52247823225,9.32723886475264e-17
8533.52207083747,1.70713530344601e-17
8534.5216634427,3.37669748120965e-17
8535.52125604793,5.16224381088656e-17
8536.52084865316,2.07182707448643e-17
8537.52044125839,9.19400305520541e-18
8538.52003386362,7.75252327748563e-17
8539.51962646885,2.14452457992989e-17
8540.51921907408,1.647831609231e-17
8541.51881167931,1.82749277132592e-17
8542.51840428453,3.57693061399977e-17
8543.51799688976,2.04184443667755e-17
8544.51758949499,1.30769151196647e-17
8545.51718210022,3.17397606082287e-17
8546.51677470545,3.15662823906103e-17
8547.51636731068,8.92054625827017e-17
8548.51595991591,8.87926183001898e-17
8549.51555252113,2.16159896668288e-17
8550.51514512636,4.58325783841274e-19
8551.51473773159,5.14417736018397e-19
8552.51433033682,6.3979843379986e-18
8553.51392294205,6.66458889089996e-18
8554.51351554728,1.25011031361845e-18
8555.51310815251,3.35548870291603e-18
8556.51270075774,4.25166854609495e-17
8557.51229336296,2.76369532188385e-17
8558.51188596819,1.4594543859484e-17
8559.51147857342,1.56635538009176e-17
8560.51107117865,3.31960961222401e-17
8561.51066378388,6.66991477881299e-17
8562.51025638911,1.29907335419534e-17
8563.50984899434,3.1200695123515e-17
8564.50944159956,2.34644397411842e-17
8565.50903420479,6.15415667417874e-18
8566.50862681002,3.37400060471287e-18
8567.50821941525,1.141955141767e-18
8568.50781202048,4.54603923374716e-18
8569.50740462571,2.81930734049646e-17
8570.50699723094,5.75777456526532e-17
8571.50658983617,8.23531555301427e-17
8572.5061824414,3.94630936683417e-17
8573.50577504662,1.1280657329417e-17
8574.50536765185,7.04343593083038e-19
8575.50496025708,2.29630483457761e-17
8576.50455286231,2.84629567948507e-17
8577.50414546754,4.37621320415601e-18
8578.50373807277,3.84118153396204e-17
8579.503330678,1.13162952622345e-16
8580.50292328322,4.41951427306193e-17
8581.50251588845,3.94446758152025e-17
8582.50210849368,4.9145381598948e-17
8583.50170109891,2.66156177503908e-17
8584.50129370414,4.91719118084443e-17
8585.50088630937,3.44588215766701e-17
8586.5004789146,7.04002575396374e-17
8587.50007151982,5.93013214157644e-17
8588.49966412505,2.48962144287118e-17
8589.49925673028,1.44781997071668e-17
8590.49884933551,1.35421148847047e-17
8591.49844194074,2.87090999330572e-17
8592.49803454597,1.58310349813548e-17
8593.4976271512,1.27634411668156e-17
8594.49721975643,2.14466319035096e-17
8595.49681236165,1.8196329666839e-17
8596.49640496688,2.0172896456985e-17
8597.49599757211,3.66527146091399e-17
8598.49559017734,3.81633011474337e-17
8599.49518278257,1.63962837856701e-17
8600.4947753878,1.63311913908903e-17
8601.49436799303,2.81187399450046e-17
8602.49396059826,2.82329863357584e-17
8603.49355320349,1.39234447395032e-17
8604.49314580871,5.21439991495758e-18
8605.49273841394,1.29523910856281e-17
8606.49233101917,7.59522885285145e-18
8607.4919236244,2.24843890336036e-17
8608.49151622963,1.17848817430523e-17
8609.49110883486,5.64353226614758e-17
8610.49070144009,1.82277107547888e-17
8611.49029404531,3.79088634462992e-19
8612.48988665054,1.98419444744588e-17
8613.48947925577,4.95608271174336e-17
8614.489071861,1.79348501214202e-17
8615.48866446623,4.28193858713978e-17
8616.48825707146,6.05628337464388e-17
8617.48784967669,1.83364747832427e-17
8618.48744228191,4.22654186328865e-17
8619.48703488714,2.6916388743056e-17
8620.48662749237,1.1097483131478e-17
8621.4862200976,4.7530114076394e-17
8622.48581270283,3.24440501663408e-17
8623.48540530806,2.49994338054967e-17
8624.48499791329,5.66019756468928e-17
8625.48459051852,3.91145252226586e-18
8626.48418312374,9.17598958122705e-18
8627.48377572897,1.514849181334e-17
8628.4833683342,1.40896301547518e-17
8629.48296093943,1.59337715316397e-17
8630.48255354466,9.47939747833814e-17
8631.48214614989,9.74522967130656e-17
8632.48173875512,9.78453635851598e-17
8633.48133136035,9.86634265855263e-17
8634.48092396558,9.63273497038417e-17
8635.4805165708,6.50353183339316e-17
8636.48010917603,6.72061006221723e-17
8637.47970178126,5.18671070335013e-18
8638.47929438649,2.26586176691019e-17
8639.47888699172,2.13109980825096e-17
8640.47847959695,5.10727527617943e-18
8641.47807220218,3.32502900566255e-17
8642.4776648074,2.93999379083842e-17
8643.47725741263,2.41537880510817e-18
8644.47685001786,1.87900064989988e-17
8645.47644262309,8.80133151362632e-19
8646.47603522832,1.70934362048012e-17
8647.47562783355,4.88956046938118e-18
8648.47522043878,2.22661584075084e-17
8649.474813044,7.57235210427096e-18
8650.47440564923,1.09363526872238e-17
8651.47399825446,1.72219216691718e-17
8652.47359085969,2.7976350158284e-18
8653.47318346492,2.39024790579585e-18
8654.47277607015,2.98649962552482e-17
8655.47236867538,1.8679616756112e-17
8656.47196128061,3.34244416290987e-17
8657.47155388583,1.11523536646594e-16
8658.47114649106,1.02982754726352e-16
8659.47073909629,3.5474684473515e-17
8660.47033170152,1.24294040045026e-17
8661.46992430675,1.0022362783461e-17
8662.46951691198,1.81717955291106e-17
8663.46910951721,3.17284429359279e-17
8664.46870212244,3.97380377142059e-17
8665.46829472766,1.2846502937145e-17
8666.46788733289,6.53884201054348e-17
8667.46747993812,3.31766410278016e-17
8668.46707254335,3.12543120535499e-17
8669.46666514858,2.67153994599392e-17
8670.46625775381,3.74424894702874e-18
8671.46585035904,1.40469593124952e-17
8672.46544296427,3.60645878381082e-18
8673.46503556949,2.17019400476611e-17
8674.46462817472,1.9743026548976e-17
8675.46422077995,9.28379026065345e-18
8676.46381338518,1.5897595619419e-17
8677.46340599041,2.9116075024749e-17
8678.46299859564,7.41495225894171e-18
8679.46259120087,3.49703931590982e-17
8680.46218380609,1.06104461973929e-16
8681.46177641132,4.58977849097047e-17
8682.46136901655,4.2450665318719e-17
8683.46096162178,2.53615292700283e-17
8684.46055422701,4.71185390312124e-18
8685.46014683224,2.36877855422164e-17
8686.45973943747,7.8511590922925e-17
8687.4593320427,8.10836201948948e-17
8688.45892464792,2.66727654529315e-17
8689.45851725315,1.6771115882099e-17
8690.45810985838,3.91674527884653e-17
8691.45770246361,3.612868948376e-17
8692.45729506884,3.12508321169634e-17
8693.45688767407,2.5362754856063e-17
8694.4564802793,4.65402346999278e-17
8695.45607288453,4.21052667288364e-17
8696.45566548975,1.55445896578528e-17
8697.45525809498,4.00587359595657e-18
8698.45485070021,8.26337504382048e-18
8699.45444330544,3.88995526867847e-17
8700.45403591067,6.36458797320691e-17
8701.4536285159,3.46281924655636e-18
8702.45322112113,2.63406571522983e-17
8703.45281372636,2.73317127680544e-17
8704.45240633158,5.06346697592855e-18
8705.45199893681,5.72919958422255e-18
8706.45159154204,1.76851797109713e-17
8707.45118414727,2.02727124115474e-17
8708.4507767525,2.95332485316965e-18
8709.45036935773,1.72370307050323e-17
8710.44996196296,1.48043219405188e-17
8711.44955456819,6.87417444444737e-18
8712.44914717341,1.25365423052478e-17
8713.44873977864,2.17333228726355e-17
8714.44833238387,4.2083691027707e-17
8715.4479249891,1.384549112432e-18
8716.44751759433,8.72355057527982e-17
8717.44711019956,1.7410319058413e-17
8718.44670280479,1.97266455847458e-17
8719.44629541001,4.35495074617161e-18
8720.44588801524,3.05192049345717e-18
8721.44548062047,1.96968298287923e-17
8722.4450732257,3.37420431137197e-17
8723.44466583093,3.39594961317864e-17
8724.44425843616,6.96383955516017e-18
8725.44385104139,1.37809744924298e-18
8726.44344364661,4.00432639898856e-19
8727.44303625184,1.92781982114408e-18
8728.44262885707,5.28442788948874e-18
8729.4422214623,4.44924779386054e-17
8730.44181406753,3.16713547208596e-17
8731.44140667276,7.60315920499387e-18
8732.44099927799,2.39272807431091e-17
8733.44059188322,1.74749252074797e-17
8734.44018448845,1.58939356863058e-17
8735.43977709367,1.31854807468149e-17
8736.4393696989,1.63485737067648e-17
8737.43896230413,2.59583427955227e-18
8738.43855490936,4.16948336184264e-17
8739.43814751459,1.2375831652296e-16
8740.43774011982,2.34327066648994e-17
8741.43733272505,7.13565179926854e-18
8742.43692533028,3.43640678921135e-18
8743.4365179355,9.88850828443812e-18
8744.43611054073,2.69336104027631e-17
8745.43570314596,5.4835483868898e-17
8746.43529575119,6.82173608302076e-18
8747.43488835642,1.07873708021292e-17
8748.43448096165,1.06202287260629e-17
8749.43407356688,1.27482460180785e-16
8750.4336661721,1.27318540403763e-16
8751.43325877733,2.76255453726902e-17
8752.43285138256,6.10009283823695e-17
8753.43244398779,7.66595116256907e-17
8754.43203659302,1.9016972632088e-17
8755.43162919825,2.79300052675773e-18
8756.43122180348,2.59943855282911e-18
8757.4308144087,3.69007785595352e-17
8758.43040701393,9.90825513247501e-17
8759.42999961916,6.34382006987346e-17
8760.42959222439,3.35002344791342e-17
8761.42918482962,1.85101234836336e-17
8762.42877743485,6.35101853801268e-17
8763.42837004008,7.00846147447339e-17
8764.42796264531,1.15416502615099e-16
8765.42755525054,1.24947910446638e-16
8766.42714785576,1.20731628918653e-16
8767.42674046099,5.70078777723468e-17
8768.42633306622,3.02722995531327e-17
8769.42592567145,4.04239199645726e-17
8770.42551827668,3.0134060660973e-17
8771.42511088191,5.5829095348349e-17
8772.42470348714,3.52766479058798e-17
8773.42429609237,4.62233212803847e-18
8774.42388869759,3.28869812437783e-17
8775.42348130282,7.56186743127646e-18
8776.42307390805,1.03387777206636e-17
8777.42266651328,4.79980197243931e-18
8778.42225911851,1.95986066892774e-17
8779.42185172374,2.3630681396777e-17
8780.42144432897,1.09333201405213e-18
8781.42103693419,1.49004830476767e-17
8782.42062953942,1.51093795027957e-17
8783.42022214465,1.30643621823954e-17
8784.41981474988,4.80328759644327e-17
8785.41940735511,2.63116581299835e-17
8786.41899996034,1.56136325640807e-17
8787.41859256557,9.20779124747842e-17
8788.41818517079,6.96176627677794e-17
8789.41777777602,3.58299315702345e-17
8790.41737038125,1.49299227903529e-17
8791.41696298648,6.46530799210469e-18
8792.41655559171,9.07149910787032e-18
8793.41614819694,1.25609055407247e-17
8794.41574080217,3.71869507222908e-17
8795.4153334074,1.49753417621027e-17
8796.41492601263,4.99322886666408e-18
8797.41451861785,2.90004508659882e-17
8798.41411122308,4.34247236660983e-17
8799.41370382831,1.14907643800993e-17
8800.41329643354,8.76180338372412e-19
8801.41288903877,2.20645222805962e-17
8802.412481644,4.17501263245933e-17
8803.41207424923,2.80024022141056e-18
8804.41166685445,1.63922605953185e-18
8805.41125945968,4.78917277897492e-18
8806.41085206491,3.92802313657095e-17
8807.41044467014,6.02072571014165e-17
8808.41003727537,3.90959322074947e-17
8809.4096298806,2.74233800664199e-17
8810.40922248583,2.18228692867902e-17
8811.40881509106,2.31939778247811e-17
8812.40840769628,3.08407458702933e-17
8813.40800030151,5.69469086480346e-17
8814.40759290674,1.43394335346702e-16
8815.40718551197,2.17023670602398e-17
8816.4067781172,4.06579975971229e-18
8817.40637072243,1.82348026453975e-17
8818.40596332766,4.4900567550114e-18
8819.40555593288,2.36977789654274e-17
8820.40514853811,4.28280253392163e-17
8821.40474114334,3.09011044693731e-17
8822.40433374857,9.36875078157956e-18
8823.4039263538,2.15138170517753e-17
8824.40351895903,5.43100228835442e-17
8825.40311156426,1.76588451231175e-17
8826.40270416949,2.34617124098315e-17
8827.40229677472,3.39928134121194e-17
8828.40188937994,2.75473839100895e-17
8829.40148198517,1.38175657103334e-18
8830.4010745904,4.27939884270447e-18
8831.40066719563,3.23184208562695e-17
8832.40025980086,5.03160693000862e-17
8833.39985240609,1.77423947801037e-17
8834.39944501132,4.36789181910242e-17
8835.39903761654,1.58642912879698e-17
8836.39863022177,2.00450749501525e-17
8837.398222827,7.09873796256573e-17
8838.39781543223,3.55578673749048e-17
8839.39740803746,8.03449686504752e-18
8840.39700064269,7.61345056256978e-18
8841.39659324792,3.76520453781171e-17
8842.39618585315,6.61283882699238e-17
8843.39577845837,1.31509970651915e-17
8844.3953710636,8.99004322434879e-18
8845.39496366883,5.1329137228596e-17
8846.39455627406,8.10003248856072e-17
8847.39414887929,1.1303387718384e-16
8848.39374148452,4.90961026392567e-17
8849.39333408975,2.42337263800231e-17
8850.39292669497,1.2668787521158e-17
8851.3925193002,6.61957178359111e-18
8852.39211190543,1.29581374629327e-17
8853.39170451066,1.08635453129136e-17
8854.39129711589,1.93739818780586e-17
8855.39088972112,6.91299241643067e-17
8856.39048232635,2.21346489373944e-17
8857.39007493158,4.16909521203184e-18
8858.38966753681,1.17992085875158e-17
8859.38926014203,1.20168877411296e-16
8860.38885274726,8.22423312481339e-17
8861.38844535249,1.17319319596841e-17
8862.38803795772,3.05404033208415e-19
8863.38763056295,2.00784620272232e-18
8864.38722316818,6.86537304142176e-18
8865.38681577341,3.03338056187212e-17
8866.38640837863,4.54897571727866e-17
8867.38600098386,1.26916839694662e-16
8868.38559358909,1.38605185153264e-16
8869.38518619432,1.42324331015545e-16
8870.38477879955,1.55139590492987e-16
8871.38437140478,8.55184677098593e-17
8872.38396401001,2.39130330085535e-17
8873.38355661524,7.88958891888272e-18
8874.38314922046,4.89236456826459e-18
8875.38274182569,5.05502923299024e-18
8876.38233443092,4.7297856162333e-17
8877.38192703615,4.54638555836101e-17
8878.38151964138,2.63312717152888e-18
8879.38111224661,3.04311400195317e-17
8880.38070485184,1.04548674446678e-18
8881.38029745706,2.36994773186594e-17
8882.37989006229,5.56790078154216e-17
8883.37948266752,4.59543876653672e-17
8884.37907527275,2.87481102972714e-17
8885.37866787798,8.9437034976853e-18
8886.37826048321,2.04347617596371e-18
8887.37785308844,4.30593980970659e-18
8888.37744569367,5.04204998615513e-18
8889.3770382989,1.32766421407434e-19
8890.37663090412,8.14027611471992e-18
8891.37622350935,1.79157855060281e-17
8892.37581611458,2.30319356702128e-17
8893.37540871981,2.67037513561459e-18
8894.37500132504,1.57511644906598e-17
8895.37459393027,6.03423571945584e-18
8896.3741865355,1.86993528965613e-17
8897.37377914072,1.28970836842814e-19
8898.37337174595,9.23154684347373e-17
8899.37296435118,4.85028778920801e-17
8900.37255695641,2.30771700981497e-17
8901.37214956164,8.17417479781085e-17
8902.37174216687,4.62986884159339e-17
8903.3713347721,4.40643606353523e-17
8904.37092737733,6.03142206465932e-17
8905.37051998255,6.67421515315599e-18
8906.37011258778,3.55784078687358e-18
8907.36970519301,3.0174818694565e-18
8908.36929779824,4.97169664735618e-18
8909.36889040347,2.10884642838716e-17
8910.3684830087,5.67962123743348e-17
8911.36807561393,6.19965539074784e-17
8912.36766821915,7.07651981924564e-18
8913.36726082438,2.34054256620721e-17
8914.36685342961,3.43535905702904e-17
8915.36644603484,8.08196549035356e-18
8916.36603864007,1.56040090474864e-18
8917.3656312453,9.61203584078735e-18
8918.36522385053,2.57189908518717e-17
8919.36481645576,2.96027310661137e-17
8920.36440906099,8.15517754549556e-17
8921.36400166621,3.4004350769326e-17
8922.36359427144,2.03197198599212e-18
8923.36318687667,1.05545639588627e-19
8924.3627794819,7.0034389664108e-18
8925.36237208713,1.64302563802974e-17
8926.36196469236,2.03704845039247e-17
8927.36155729759,4.19748928396434e-17
8928.36114990281,2.12924151908137e-17
8929.36074250804,8.78452489155394e-18
8930.36033511327,9.64906503150663e-18
8931.3599277185,7.95697051152813e-18
8932.35952032373,3.47924617144032e-18
8933.35911292896,2.62787676882183e-18
8934.35870553419,1.98777586716514e-17
8935.35829813942,2.1600324138002e-17
8936.35789074464,3.65085578183989e-17
8937.35748334987,1.80754404327558e-17
8938.3570759551,4.99421053786203e-17
8939.35666856033,1.08267983246086e-17
8940.35626116556,1.67869245645028e-18
8941.35585377079,1.30243618468169e-17
8942.35544637602,4.65096871328868e-17
8943.35503898124,5.31748729266638e-17
8944.35463158647,1.25162252220186e-16
8945.3542241917,9.73583299729547e-17
8946.35381679693,3.53413859628159e-18
8947.35340940216,9.79009587241006e-19
8948.35300200739,1.24611879642584e-17
8949.35259461262,1.04397500657044e-17
8950.35218721785,2.42269672482962e-17
8951.35177982307,2.79274573370884e-17
8952.3513724283,2.87922980986619e-18
8953.35096503353,1.58455925164174e-18
8954.35055763876,2.49819700947266e-18
8955.35015024399,3.57076773050476e-18
8956.34974284922,6.27191852542061e-18
8957.34933545445,4.05795435372543e-17
8958.34892805968,2.89271618586467e-17
8959.3485206649,4.73020192060341e-19
8960.34811327013,3.7099312647043e-18
8961.34770587536,4.04160886091855e-17
8962.34729848059,9.96384079569708e-17
8963.34689108582,2.23587004972142e-17
8964.34648369105,3.2107833539531e-17
8965.34607629628,2.69558746755478e-17
8966.34566890151,8.16293831271576e-20
8967.34526150673,1.12694319115999e-17
8968.34485411196,1.60285629776794e-17
8969.34444671719,3.53888602982709e-17
8970.34403932242,6.11871017573519e-18
8971.34363192765,8.58913466500581e-18
8972.34322453288,1.5522356290805e-17
8973.34281713811,8.54815808493746e-17
8974.34240974333,5.62179634915478e-17
8975.34200234856,1.82397549082676e-16
8976.34159495379,8.89611374840696e-17
8977.34118755902,1.95545527173618e-17
8978.34078016425,4.20533533921303e-17
8979.34037276948,1.29253812176981e-17
8980.33996537471,6.55199029644281e-19
8981.33955797994,3.88999182714668e-18
8982.33915058516,1.20676490441026e-18
8983.33874319039,3.15099867026077e-18
8984.33833579562,6.52829349667031e-17
8985.33792840085,2.515118973354e-17
8986.33752100608,3.67972153244522e-17
8987.33711361131,6.65512766336215e-17
8988.33670621654,1.07302623922815e-17
8989.33629882177,1.18283029010496e-16
8990.33589142699,7.85795772634372e-17
8991.33548403222,4.13548344694442e-17
8992.33507663745,2.31906523693184e-17
8993.33466924268,1.29587455895439e-17
8994.33426184791,1.29811771634155e-18
8995.33385445314,4.55329894693639e-17
8996.33344705837,9.75496579480133e-17
8997.3330396636,8.4658597991134e-17
8998.33263226882,6.9045934701653e-17
8999.33222487405,2.45679006798265e-17
9000.33181747928,8.7583126954603e-18
9001.33141008451,2.15497097670177e-17
9002.33100268974,2.68098339834199e-17
9003.33059529497,1.19752236710017e-18
9004.3301879002,1.56324423593048e-17
9005.32978050542,2.42493900393618e-17
9006.32937311065,1.29753006201579e-18
9007.32896571588,8.76807411732272e-18
9008.32855832111,9.65089786221413e-18
9009.32815092634,2.40531701187775e-17
9010.32774353157,2.18459050226901e-17
9011.3273361368,2.90791518777461e-17
9012.32692874202,3.27177330774943e-17
9013.32652134725,1.61790735425594e-17
9014.32611395248,4.8682496460717e-17
9015.32570655771,1.64403144922576e-16
9016.32529916294,2.29210064908161e-16
9017.32489176817,7.05423972388824e-17
9018.3244843734,7.71774797294248e-19
9019.32407697863,1.14745487893139e-18
9020.32366958386,9.56502226970499e-18
9021.32326218908,6.98113682282576e-17
9022.32285479431,5.20019364550673e-17
9023.32244739954,2.94325771477589e-17
9024.32204000477,6.91930189134623e-17
9025.32163261,3.85944238932405e-17
9026.32122521523,2.03272349265839e-17
9027.32081782046,2.7456428842828e-17
9028.32041042569,3.45004935273511e-17
9029.32000303091,6.86217900349534e-17
9030.31959563614,2.63724113345615e-17
9031.31918824137,3.58303174630652e-17
9032.3187808466,2.86953299489892e-17
9033.31837345183,1.94249139068844e-18
9034.31796605706,9.07684272034157e-18
9035.31755866229,3.9252911748682e-17
9036.31715126751,6.83337197849503e-17
9037.31674387274,2.35485900515999e-17
9038.31633647797,5.61258642219671e-17
9039.3159290832,3.29797637681561e-18
9040.31552168843,3.63296179025346e-18
9041.31511429366,4.23111358676377e-17
9042.31470689889,3.37112160275304e-17
9043.31429950411,2.21603464184406e-17
9044.31389210935,1.22190257268291e-17
9045.31348471457,8.85403516270461e-18
9046.3130773198,3.70085173416596e-17
9047.31266992503,3.65640273513116e-17
9048.31226253026,8.4136127184553e-17
9049.31185513549,7.65054582828585e-17
9050.31144774072,8.53331225411233e-17
9051.31104034595,6.09206103727141e-17
9052.31063295117,6.76919273558142e-18
9053.3102255564,5.52209009872912e-18
9054.30981816163,5.65575423342722e-18
9055.30941076686,4.69856279655508e-17
9056.30900337209,2.76818581155637e-17
9057.30859597732,2.89715253063028e-18
9058.30818858255,2.80982669565617e-17
9059.30778118778,8.66858032596639e-18
9060.307373793,1.61615778102909e-17
9061.30696639823,5.95096593630917e-18
9062.30655900346,3.09483695297808e-17
9063.30615160869,9.35200867174398e-17
9064.30574421392,1.07867241109336e-16
9065.30533681915,1.05940009430465e-16
9066.30492942438,1.10539406900574e-16
9067.3045220296,2.40561112465241e-17
9068.30411463483,1.7131293228682e-17
9069.30370724006,8.24528036575213e-18
9070.30329984529,8.64258608839026e-18
9071.30289245052,2.37045241200483e-17
9072.30248505575,3.32650752549578e-17
9073.30207766098,6.84891967860813e-17
9074.30167026621,9.64991231734228e-17
9075.30126287144,3.19773790336487e-17
9076.30085547666,1.7805264633776e-17
9077.30044808189,5.48170429802276e-18
9078.30004068712,1.16890307144978e-17
9079.29963329235,8.81060995430089e-19
9080.29922589758,6.16182881602938e-18
9081.29881850281,7.2804053565527e-18
9082.29841110803,7.56585467459868e-17
9083.29800371326,1.07200625422061e-16
9084.29759631849,3.60121409224379e-17
9085.29718892372,1.25340522163142e-17
9086.29678152895,7.32152573403312e-17
9087.29637413418,4.24804923685861e-17
9088.29596673941,3.15096241737308e-17
9089.29555934464,8.36024908249625e-18
9090.29515194986,8.78720220184262e-18
9091.29474455509,4.52715954553543e-17
9092.29433716032,2.18539269593368e-17
9093.29392976555,6.41112664854082e-17
9094.29352237078,6.77810347218959e-17
9095.29311497601,6.28512820661481e-17
9096.29270758124,5.69334960282971e-17
9097.29230018647,2.06832642695996e-17
9098.29189279169,1.5877879964816e-17
9099.29148539692,4.46145909896414e-18
9100.29107800215,2.7359497370257e-17
9101.29067060738,1.76765836626431e-17
9102.29026321261,5.47792950966442e-18
9103.28985581784,1.55934153893428e-17
9104.28944842307,1.67502095900216e-17
9105.2890410283,1.14866979319184e-17
9106.28863363353,7.76925276461351e-18
9107.28822623875,1.98041120843506e-17
9108.28781884398,2.64618003728612e-17
9109.28741144921,8.01112561755803e-18
9110.28700405444,4.60455725436652e-20
9111.28659665967,2.03817948555671e-17
9112.2861892649,3.98761661624861e-17
9113.28578187012,8.51964131234482e-17
9114.28537447535,3.73199813402734e-17
9115.28496708058,1.84027663751004e-17
9116.28455968581,4.39805635230735e-17
9117.28415229104,1.84761359586183e-17
9118.28374489627,2.45802563880655e-18
9119.2833375015,3.26638417039255e-17
9120.28293010673,8.28596540088639e-17
9121.28252271195,1.15392817709686e-17
9122.28211531718,1.38420566422108e-17
9123.28170792241,2.80526787852312e-19
9124.28130052764,1.4566087681334e-17
9125.28089313287,1.78396980640996e-17
9126.2804857381,3.15756141245737e-17
9127.28007834333,2.32305945066451e-17
9128.27967094856,1.76506631287683e-18
9129.27926355378,2.63324131521297e-17
9130.27885615901,3.13328259073162e-17
9131.27844876424,8.8901503208443e-19
9132.27804136947,5.22747820477247e-17
9133.2776339747,6.02994307936898e-17
9134.27722657993,4.06114822925334e-17
9135.27681918516,2.8530363054836e-17
9136.27641179039,5.41330008229388e-17
9137.27600439562,3.43522085445188e-17
9138.27559700084,2.05394150619374e-17
9139.27518960607,2.30044727510263e-17
9140.2747822113,6.38205661791811e-17
9141.27437481653,6.15423497639201e-18
9142.27396742176,1.09935962831794e-17
9143.27356002699,5.79762871149015e-18
9144.27315263221,2.42918977372372e-18
9145.27274523744,3.30065437624324e-18
9146.27233784267,2.92588407214291e-17
9147.2719304479,3.61738672803789e-17
9148.27152305313,4.97905501610564e-17
9149.27111565836,3.2407358304927e-17
9150.27070826359,1.61326594499264e-18
9151.27030086881,6.62900248026304e-17
9152.26989347404,1.1078089154097e-16
9153.26948607927,1.46870396100012e-17
9154.2690786845,1.63702544329e-17
9155.26867128973,6.71145455710153e-19
9156.26826389496,1.91663991366292e-17
9157.26785650019,4.56023649109925e-17
9158.26744910542,1.44615411893857e-17
9159.26704171065,7.139552531304e-18
9160.26663431587,3.55186499304735e-17
9161.2662269211,6.09158789950586e-17
9162.26581952633,3.93601905215798e-17
9163.26541213156,2.14173637953561e-17
9164.26500473679,9.76307584904168e-20
9165.26459734202,9.65521668832441e-18
9166.26418994725,3.95919302375287e-17
9167.26378255248,3.49040219038961e-17
9168.26337515771,8.80582637609015e-18
9169.26296776293,1.30285000172222e-17
9170.26256036816,1.2497413341825e-16
9171.26215297339,1.54403969011077e-16
9172.26174557862,4.98655622628891e-17
9173.26133818385,1.15087238902378e-16
9174.26093078908,6.20475108570444e-17
9175.2605233943,1.13711938619245e-17
9176.26011599953,1.28469756254499e-17
9177.25970860476,3.10091861129868e-18
9178.25930120999,1.3800715212922e-18
9179.25889381522,1.18058048706744e-17
9180.25848642045,4.24019522564181e-17
9181.25807902568,2.12729159758921e-17
9182.2576716309,1.06970726756751e-17
9183.25726423613,1.89687824639137e-17
9184.25685684136,3.10107523664325e-17
9185.25644944659,4.85238829999112e-17
9186.25604205182,1.51589756468724e-17
9187.25563465705,5.22575758320019e-17
9188.25522726228,5.70784246696659e-17
9189.25481986751,3.3212184236189e-17
9190.25441247274,4.32639434320773e-18
9191.25400507796,1.74391871963629e-17
9192.25359768319,6.28139937889982e-17
9193.25319028842,1.16200805856567e-16
9194.25278289365,6.67871035486051e-17
9195.25237549888,9.11974787243793e-17
9196.25196810411,7.50697507986361e-17
9197.25156070934,2.94253790142726e-17
9198.25115331457,7.45050184438259e-17
9199.25074591979,4.91025852385965e-18
9200.25033852502,9.7055244024348e-18
9201.24993113025,3.05663462653179e-18
9202.24952373548,2.53891277482681e-17
9203.24911634071,6.98243205000537e-17
9204.24870894594,8.14707108397271e-17
9205.24830155117,3.62864859072343e-17
9206.24789415639,1.18297921116096e-17
9207.24748676162,1.34754113572163e-17
9208.24707936685,1.25107456498647e-17
9209.24667197208,1.04187248709804e-17
9210.24626457731,1.38051814748158e-17
9211.24585718254,2.42864327242211e-17
9212.24544978777,4.02553513991688e-17
9213.24504239299,6.77186290836357e-17
9214.24463499822,1.18296143820902e-16
9215.24422760345,9.32872886643626e-17
9216.24382020868,2.22222516929141e-17
9217.24341281391,3.27444225068665e-17
9218.24300541914,2.63224318939453e-18
9219.24259802437,2.72832523200358e-17
9220.2421906296,7.13749538013241e-17
9221.24178323483,3.86062631434181e-17
9222.24137584005,6.85953697228533e-18
9223.24096844528,6.61932881160214e-18
9224.24056105051,4.55201605452297e-17
9225.24015365574,5.77345432202884e-18
9226.23974626097,1.88372145286679e-17
9227.2393388662,2.22010410022063e-17
9228.23893147143,4.09879517079282e-17
9229.23852407665,1.23514328679311e-18
9230.23811668188,3.49763186700055e-17
9231.23770928711,2.06861114282755e-16
9232.23730189234,1.80505493388711e-16
9233.23689449757,2.48669356291507e-17
9234.2364871028,2.64033872460571e-17
9235.23607970803,7.1774241087086e-17
9236.23567231326,3.48182318795851e-17
9237.23526491848,9.82653981342146e-17
9238.23485752371,6.99995322520475e-17
9239.23445012894,1.07015277878071e-17
9240.23404273417,1.73456289516195e-17
9241.2336353394,3.1875394552842e-18
9242.23322794463,2.19645637608186e-17
9243.23282054986,2.91971776633677e-17
9244.23241315508,2.76863477010426e-17
9245.23200576032,3.97390022158457e-17
9246.23159836554,4.76745676965976e-17
9247.23119097077,6.81099289501286e-17
9248.230783576,7.0367357024359e-17
9249.23037618123,3.91737787865177e-17
9250.22996878646,3.78831775618332e-17
9251.22956139169,4.78517868581146e-18
9252.22915399692,1.56820039035846e-18
9253.22874660214,3.01397286346517e-17
9254.22833920737,3.96589901692278e-17
9255.2279318126,2.49266425474388e-17
9256.22752441783,3.66986796388606e-17
9257.22711702306,1.03482074813038e-17
9258.22670962829,8.81912789939159e-18
9259.22630223352,2.20055556390018e-18
9260.22589483874,1.52148585656667e-17
9261.22548744397,1.51856112790286e-17
9262.2250800492,1.9763610091794e-17
9263.22467265443,4.4518594673184e-17
9264.22426525966,5.56273187198589e-17
9265.22385786489,4.60097361198477e-17
9266.22345047012,6.75499147447205e-17
9267.22304307535,6.06521736838891e-17
9268.22263568057,9.64187365883539e-17
9269.2222282858,2.37415873064939e-17
9270.22182089103,9.16049392813432e-18
9271.22141349626,9.76435043905838e-18
9272.22100610149,7.2737699235814e-18
9273.22059870672,1.89849026065316e-17
9274.22019131195,2.8290943025376e-17
9275.21978391717,3.52267650466608e-17
9276.21937652241,3.63100556709748e-17
9277.21896912763,3.63633243231781e-17
9278.21856173286,8.55968298653997e-18
9279.21815433809,1.71576898100951e-17
9280.21774694332,1.11104348296459e-16
9281.21733954855,1.58294081572017e-16
9282.21693215378,1.09179482826933e-16
9283.21652475901,1.575244335321e-17
9284.21611736423,9.47519177087988e-18
9285.21570996946,2.87704893557826e-17
9286.21530257469,5.52695012503865e-18
9287.21489517992,7.88886098023085e-17
9288.21448778515,1.23096629608303e-16
9289.21408039038,3.73274351241123e-18
9290.21367299561,4.83450975399017e-17
9291.21326560083,9.5692642900969e-18
9292.21285820606,4.76241088758094e-17
9293.21245081129,4.5809821780688e-17
9294.21204341652,5.59968675300426e-17
9295.21163602175,3.2870618222855e-17
9296.21122862698,1.21547095900249e-17
9297.21082123221,1.35593991066353e-17
9298.21041383744,1.12468112566755e-17
9299.21000644266,1.27035393691751e-18
9300.20959904789,2.58827988496838e-17
9301.20919165312,6.36905311912719e-17
9302.20878425835,9.22822011312051e-17
9303.20837686358,2.19886585245579e-17
9304.20796946881,2.02460586399404e-17
9305.20756207404,3.14331864106232e-17
9306.20715467927,3.44966486187234e-18
9307.2067472845,4.54288298358118e-17
9308.20633988972,1.48894658448404e-17
9309.20593249495,4.20213526788352e-17
9310.20552510018,1.18178998297155e-16
9311.20511770541,1.18356144779827e-16
9312.20471031064,3.65410769491185e-17
9313.20430291587,5.80192469398239e-18
9314.2038955211,4.58293280462172e-18
9315.20348812632,4.19690937479953e-18
9316.20308073155,6.95337619990304e-18
9317.20267333678,1.00387342016088e-17
9318.20226594201,1.80408759900573e-17
9319.20185854724,2.48644680764454e-17
9320.20145115247,4.76572308267287e-17
9321.2010437577,3.79703080327306e-17
9322.20063636292,2.6949200012832e-17
9323.20022896815,9.88941472276624e-17
9324.19982157338,4.07402554030194e-17
9325.19941417861,2.84333947685244e-18
9326.19900678384,2.67554525586589e-17
9327.19859938907,4.37454826240956e-17
9328.1981919943,2.4235728082005e-17
9329.19778459953,3.7727411825724e-17
9330.19737720475,1.29126277053241e-17
9331.19696980998,2.57420103959466e-19
9332.19656241521,6.79881127578856e-19
9333.19615502044,2.66098288780088e-18
9334.19574762567,1.58733668973367e-17
9335.1953402309,2.46741223883675e-17
9336.19493283613,7.46229923589467e-18
9337.19452544136,2.87804451464192e-17
9338.19411804658,5.84093870216358e-17
9339.19371065181,5.72515543953753e-17
9340.19330325704,5.6622568042692e-17
9341.19289586227,4.01781523659907e-17
9342.1924884675,1.16405569392528e-16
9343.19208107273,2.71814186018457e-16
9344.19167367796,2.90254344027991e-16
9345.19126628319,8.01449008000609e-17
9346.19085888841,1.00214463000533e-17
9347.19045149364,1.72064950483564e-17
9348.19004409887,4.1552349137642e-18
9349.1896367041,4.19774305994046e-17
9350.18922930933,7.30558404559428e-18
9351.18882191456,1.72482971138583e-17
9352.18841451979,7.05061296962205e-17
9353.18800712501,8.1286454447376e-17
9354.18759973024,3.10232766314914e-17
9355.18719233547,7.88639977042744e-18
9356.1867849407,2.19441241939695e-17
9357.18637754593,1.89706153507127e-17
9358.18597015116,3.23080149353065e-17
9359.18556275639,2.25811313311449e-17
9360.18515536162,3.54037574499464e-17
9361.18474796684,3.45007148456275e-17
9362.18434057207,2.29579082387064e-17
9363.1839331773,2.26540504885844e-17
9364.18352578253,1.27818032910142e-17
9365.18311838776,3.25040826124771e-17
9366.18271099299,8.60598806971655e-18
9367.18230359822,3.00821095972762e-17
9368.18189620344,1.3863911070071e-16
9369.18148880867,5.74508158876524e-17
9370.1810814139,1.22875206702927e-17
9371.18067401913,3.13982173700599e-18
9372.18026662436,2.24235038049897e-17
9373.17985922959,4.16936529503997e-17
9374.17945183482,1.67264734968102e-17
9375.17904444005,1.86836181751273e-17
9376.17863704527,7.6066469702048e-17
9377.1782296505,8.95239245846259e-17
9378.17782225573,1.38890983639094e-16
9379.17741486096,4.67447754756969e-17
9380.17700746619,1.66179697821711e-17
9381.17660007142,3.1793764421406e-17
9382.17619267665,1.28553736515472e-17
9383.17578528188,1.72796672550839e-17
9384.1753778871,7.53661247788186e-17
9385.17497049233,2.50651398825451e-17
9386.17456309756,3.1178826946679e-17
9387.17415570279,1.25123890582608e-17
9388.17374830802,7.99026652765269e-18
9389.17334091325,4.48611554318819e-18
9390.17293351848,7.53216491580093e-18
9391.17252612371,2.09768766230866e-17
9392.17211872893,4.09796388098766e-18
9393.17171133416,7.64655548897474e-18
9394.17130393939,1.90390805730819e-17
9395.17089654462,1.70324951183559e-17
9396.17048914985,4.60277173183072e-17
9397.17008175508,8.65661708779787e-17
9398.16967436031,3.11827323911703e-17
9399.16926696553,3.66418312589656e-17
9400.16885957076,2.34796376024255e-17
9401.16845217599,5.41926816332713e-17
9402.16804478122,1.01663022998633e-16
9403.16763738645,1.04437477905035e-16
9404.16722999168,6.42757091691375e-17
9405.16682259691,6.02333920653233e-18
9406.16641520214,3.41941353577908e-17
9407.16600780737,9.52915895698869e-17
9408.16560041259,2.87658813028611e-17
9409.16519301782,1.18426809933387e-16
9410.16478562305,5.22003740974572e-17
9411.16437822828,6.62906830368113e-18
9412.16397083351,1.51289621068348e-17
9413.16356343874,3.72366463291708e-17
9414.16315604397,2.15408327343445e-17
9415.16274864919,1.04719829269372e-17
9416.16234125442,1.76015839035641e-17
9417.16193385965,9.66651131359583e-17
9418.16152646488,4.14373856478145e-17
9419.16111907011,6.9931800975656e-17
9420.16071167534,2.31155197110519e-16
9421.16030428057,1.08830282273918e-16
9422.1598968858,4.45067295195794e-17
9423.15948949102,4.65871423178928e-17
9424.15908209625,4.28123917730095e-17
9425.15867470148,3.58593579397179e-17
9426.15826730671,8.69937500713399e-17
9427.15785991194,1.38624716757623e-16
9428.15745251717,6.34329529989844e-17
9429.1570451224,1.13636747718798e-17
9430.15663772762,3.8960976156236e-17
9431.15623033285,1.00115429115743e-16
9432.15582293808,5.33713341968086e-17
9433.15541554331,4.42972563499592e-17
9434.15500814854,3.49150504491984e-17
9435.15460075377,6.71228465964374e-17
9436.154193359,1.11135317509123e-16
9437.15378596423,3.79853240187763e-17
9438.15337856946,6.52334139807834e-18
9439.15297117468,8.30520459688246e-18
9440.15256377991,7.79045658712765e-18
9441.15215638514,5.74766481033365e-18
9442.15174899037,3.8306063955924e-17
9443.1513415956,1.60200181480343e-17
9444.15093420083,6.98731690269483e-18
9445.15052680606,2.44063492504462e-17
9446.15011941128,9.94777899747109e-18
9447.14971201651,1.76249009664497e-17
9448.14930462174,4.30909384070355e-17
9449.14889722697,7.05314331673611e-17
9450.1484898322,1.05802948081455e-16
9451.14808243743,3.48039004678424e-17
9452.14767504266,3.72104356387526e-19
9453.14726764789,6.28251756464301e-18
9454.14686025311,9.42727479864058e-19
9455.14645285834,2.71086288108935e-17
9456.14604546357,8.46925878090826e-17
9457.1456380688,9.44494718847151e-17
9458.14523067403,7.84728130928629e-17
9459.14482327926,6.11145062997319e-17
9460.14441588449,1.41565277771572e-17
9461.14400848971,3.84201196925296e-18
9462.14360109494,4.90092762037877e-17
9463.14319370017,3.2471217792806e-17
9464.1427863054,3.45234886588787e-17
9465.14237891063,5.6841506490854e-17
9466.14197151586,9.4871295432858e-18
9467.14156412109,2.86662267669915e-18
9468.14115672632,3.12348987899109e-17
9469.14074933155,7.51342260063455e-17
9470.14034193677,3.43162501951824e-19
9471.139934542,2.63672401660358e-17
9472.13952714723,2.75741540355987e-17
9473.13911975246,1.19890660625451e-16
9474.13871235769,1.75638824848425e-16
9475.13830496292,1.02246346320962e-16
9476.13789756815,2.0484273667137e-17
9477.13749017337,1.08194577698663e-17
9478.1370827786,6.63376154593653e-18
9479.13667538383,8.79559240656721e-18
9480.13626798906,6.07492991105664e-18
9481.13586059429,5.7590817922311e-18
9482.13545319952,1.0740534793324e-18
9483.13504580475,2.24010729843671e-17
9484.13463840998,1.41851416782581e-17
9485.1342310152,1.49993155159202e-18
9486.13382362043,4.76059205466562e-17
9487.13341622566,7.30253246350085e-17
9488.13300883089,3.58117154885944e-17
9489.13260143612,6.97738763378042e-17
9490.13219404135,5.20681418688485e-17
9491.13178664658,1.66719455490969e-18
9492.1313792518,8.77834839565576e-18
9493.13097185703,3.36664167809498e-18
9494.13056446226,1.54459644258807e-17
9495.13015706749,1.96978084173044e-17
9496.12974967272,1.95752936950485e-18
9497.12934227795,2.8098649297465e-17
9498.12893488318,7.03868924940454e-17
9499.12852748841,5.18240540328629e-17
9500.12812009364,9.83631154001841e-18
9501.12771269886,2.65201237099208e-17
9502.12730530409,2.20240991563376e-17
9503.12689790932,4.7189872210964e-17
9504.12649051455,1.17310144511199e-17
9505.12608311978,3.81260988708545e-18
9506.12567572501,8.43439257551769e-18
9507.12526833024,6.2534604542883e-17
9508.12486093546,1.68452321130061e-17
9509.12445354069,4.60301784721802e-18
9510.12404614592,1.44411673406142e-19
9511.12363875115,2.23927897797288e-18
9512.12323135638,7.3862614231004e-17
9513.12282396161,1.09925878096508e-16
9514.12241656684,5.06944818903844e-17
9515.12200917206,2.51900200598895e-17
9516.12160177729,8.86344657399861e-18
9517.12119438252,3.2844295691523e-17
9518.12078698775,1.66255007453752e-17
9519.12037959298,7.14793489032515e-18
9520.11997219821,3.67529567410118e-17
9521.11956480344,4.47642419406731e-17
9522.11915740867,1.68923208451286e-17
9523.11875001389,8.48178012364627e-17
9524.11834261912,1.29884458821733e-16
9525.11793522435,2.44850642375934e-17
9526.11752782958,2.44467977511388e-17
9527.11712043481,1.40161069706028e-17
9528.11671304004,4.37373336662389e-17
9529.11630564527,6.78220205988541e-17
9530.1158982505,7.28610760907069e-17
9531.11549085573,9.50014876754847e-17
9532.11508346095,2.65933912146443e-17
9533.11467606618,5.8633557056558e-17
9534.11426867141,3.3519999990698e-18
9535.11386127664,7.94585190057586e-17
9536.11345388187,9.24068466876982e-17
9537.1130464871,1.0346092187438e-17
9538.11263909233,4.8663943865483e-17
9539.11223169755,3.58204964227397e-17
9540.11182430278,4.14992601824925e-17
9541.11141690801,1.31143233424501e-16
9542.11100951324,3.16462981143536e-16
9543.11060211847,9.34776009964975e-17
9544.1101947237,5.98048237254388e-17
9545.10978732893,8.86004171126202e-17
9546.10937993415,4.65763202054556e-17
9547.10897253938,3.18172288791962e-17
9548.10856514461,3.08555040281999e-18
9549.10815774984,6.47684177025483e-18
9550.10775035507,2.0056776634363e-17
9551.1073429603,2.15985065618738e-17
9552.10693556553,7.23195426068826e-17
9553.10652817076,6.54774894909587e-17
9554.10612077598,2.16683053178855e-17
9555.10571338121,2.34987095258605e-17
9556.10530598644,1.98042032398994e-17
9557.10489859167,2.89024049672116e-18
9558.1044911969,4.83179510250047e-17
9559.10408380213,3.05251329378503e-18
9560.10367640736,2.24713667876272e-17
9561.10326901259,9.39813608290801e-18
9562.10286161782,5.50114420252775e-17
9563.10245422304,5.58508752518743e-17
9564.10204682827,3.55393692393632e-17
9565.1016394335,6.84940897219529e-17
9566.10123203873,5.23434755180603e-17
9567.10082464396,1.93471415561936e-17
9568.10041724919,1.99419802310818e-17
9569.10000985442,1.15765664036754e-16
9570.09960245964,7.81068261606436e-17
9571.09919506487,3.52772050540587e-17
9572.0987876701,2.06983319272809e-17
9573.09838027533,2.58752682452814e-18
9574.09797288056,6.11246004856895e-18
9575.09756548579,3.64045911822535e-17
9576.09715809102,3.38335976576564e-17
9577.09675069624,1.35990041532665e-17
9578.09634330147,7.79401376406817e-17
9579.0959359067,1.35002584526933e-16
9580.09552851193,5.41554089097186e-17
9581.09512111716,3.55839522280662e-17
9582.09471372239,1.04977616572472e-17
9583.09430632762,1.56563479303538e-17
9584.09389893285,2.27222530795663e-17
9585.09349153807,2.59038223368928e-17
9586.0930841433,7.98188687115408e-17
9587.09267674853,5.79846354976484e-17
9588.09226935376,4.19291485409386e-18
9589.09186195899,1.68947095756472e-17
9590.09145456422,1.99578261175153e-17
9591.09104716945,1.81210525238078e-17
9592.09063977468,1.71796646218216e-17
9593.0902323799,1.31678814239194e-16
9594.08982498513,1.49885284403952e-16
9595.08941759036,5.26133443805266e-17
9596.08901019559,3.45258193342711e-17
9597.08860280082,4.03379751522942e-17
9598.08819540605,4.79733735910919e-17
9599.08778801128,1.06384742797075e-16
9600.08738061651,3.44591457089096e-18
9601.08697322173,6.32667290823297e-17
9602.08656582696,4.61989484317731e-17
9603.08615843219,4.54288457175189e-17
9604.08575103742,4.55438429754672e-17
9605.08534364265,9.79564419684238e-17
9606.08493624788,4.20486554089006e-17
9607.08452885311,2.6357502544924e-17
9608.08412145834,1.01046243788752e-16
9609.08371406356,1.13028237583617e-16
9610.08330666879,8.17531469146205e-17
9611.08289927402,2.86173113471873e-17
9612.08249187925,9.92257242654738e-19
9613.08208448448,2.60063877304226e-17
9614.08167708971,1.33778055309649e-16
9615.08126969494,1.12397012124496e-16
9616.08086230016,1.24205411311741e-17
9617.08045490539,3.60979107225212e-18
9618.08004751062,5.5628671081231e-18
9619.07964011585,4.07248229160313e-18
9620.07923272108,1.44715214219389e-17
9621.07882532631,3.26963399168622e-17
9622.07841793154,1.41063303716545e-16
9623.07801053677,9.94937736033243e-17
9624.07760314199,6.0538912630106e-18
9625.07719574722,2.45227719743247e-17
9626.07678835245,6.31254797428538e-18
9627.07638095768,2.98277532636353e-18
9628.07597356291,2.23750662664473e-17
9629.07556616814,8.59463305034353e-18
9630.07515877337,1.32569009763374e-17
9631.0747513786,1.78329907963859e-17
9632.07434398382,2.36719501656674e-17
9633.07393658905,1.02849468335114e-17
9634.07352919428,5.95339878541408e-18
9635.07312179951,5.51699813379924e-18
9636.07271440474,3.14944716863961e-17
9637.07230700997,5.33716511840101e-17
9638.0718996152,6.16243851817712e-17
9639.07149222043,1.42894481017004e-18
9640.07108482565,1.31384151383571e-17
9641.07067743088,2.88639009402416e-17
9642.07027003611,5.80151304556068e-18
9643.06986264134,3.11092621059442e-17
9644.06945524657,4.86432607208675e-17
9645.0690478518,2.37578450298687e-18
9646.06864045703,3.61841469398386e-17
9647.06823306225,9.66291533409006e-18
9648.06782566748,1.39679516866849e-17
9649.06741827271,1.72132807131984e-17
9650.06701087794,1.9717740012468e-17
9651.06660348317,1.64919261943265e-17
9652.0661960884,2.70790853461958e-17
9653.06578869363,5.39683791277444e-17
9654.06538129885,1.25766108568971e-16
9655.06497390408,1.09043315268062e-16
9656.06456650931,2.78863329577509e-17
9657.06415911454,5.37035937892524e-17
9658.06375171977,2.20428951342052e-17
9659.063344325,1.26024326194973e-18
9660.06293693023,2.61905340790857e-17
9661.06252953546,3.5005983242809e-17
9662.06212214069,1.93130220145308e-17
9663.06171474591,5.19957049798459e-17
9664.06130735114,3.76270578587911e-17
9665.06089995637,3.80857920923627e-17
9666.0604925616,6.65061391162624e-18
9667.06008516683,1.87341092805658e-17
9668.05967777206,2.4488555044904e-17
9669.05927037729,1.09635035210012e-18
9670.05886298252,6.25324489633591e-18
9671.05845558774,3.19096141432386e-17
9672.05804819297,4.22634239575628e-17
9673.0576407982,1.21859162245432e-19
9674.05723340343,3.18587297748905e-17
9675.05682600866,3.28850150654102e-17
9676.05641861389,5.80300420683258e-17
9677.05601121912,1.16590992138439e-17
9678.05560382434,1.48680840595717e-19
9679.05519642957,2.91638675884995e-17
9680.0547890348,8.909525393577e-17
9681.05438164003,2.68534579976497e-16
9682.05397424526,2.07510168285151e-16
9683.05356685049,3.73511190722878e-17
9684.05315945572,2.98976782503277e-17
9685.05275206094,1.10677692687464e-16
9686.05234466617,5.55818993135736e-17
9687.0519372714,1.51453941482714e-17
9688.05152987663,2.60680813019443e-18
9689.05112248186,6.50017207659787e-17
9690.05071508709,2.19676220385126e-17
9691.05030769232,3.14240407952081e-17
9692.04990029755,8.07029741374299e-17
9693.04949290278,7.41132097219313e-17
9694.049085508,3.30787696325525e-17
9695.04867811323,2.25283631853423e-17
9696.04827071846,2.3107667974962e-17
9697.04786332369,4.7244240375694e-18
9698.04745592892,4.04388761866811e-17
9699.04704853415,4.57856700262215e-17
9700.04664113938,4.20616015719805e-17
9701.04623374461,3.95150044321532e-17
9702.04582634983,9.57542995849969e-17
9703.04541895506,4.43986971305442e-17
9704.04501156029,1.85899937688508e-17
9705.04460416552,1.62634358020923e-17
9706.04419677075,1.28547213166814e-17
9707.04378937598,9.50189435038286e-18
9708.04338198121,1.10187021381159e-16
9709.04297458643,9.52271472843774e-17
9710.04256719166,1.53974532169097e-17
9711.04215979689,3.60959684795912e-17
9712.04175240212,8.13661947952341e-17
9713.04134500735,5.19556135937369e-17
9714.04093761258,1.21898767138003e-17
9715.04053021781,5.06938589893744e-17
9716.04012282303,1.6768500193366e-17
9717.03971542826,3.23499618537027e-17
9718.03930803349,1.04092389043586e-17
9719.03890063872,3.32409096750202e-17
9720.03849324395,1.42223185012918e-16
9721.03808584918,9.9645180584429e-17
9722.03767845441,3.84366838377177e-17
9723.03727105964,6.28194313803865e-18
9724.03686366487,6.00952420871081e-17
9725.03645627009,4.83772564648966e-17
9726.03604887532,2.42639533611183e-17
9727.03564148055,5.15353587356055e-17
9728.03523408578,2.33191635601611e-17
9729.03482669101,5.62156290920522e-17
9730.03441929624,1.76825425600484e-16
9731.03401190147,1.54529215569746e-16
9732.03360450669,7.01407019464628e-17
9733.03319711192,1.82594293570101e-17
9734.03278971715,5.49240353790832e-18
9735.03238232238,1.50959124193187e-17
9736.03197492761,5.34655854993476e-17
9737.03156753284,1.35182422014816e-17
9738.03116013807,5.95559223990122e-17
9739.0307527433,3.03135071308602e-17
9740.03034534852,6.33611960200444e-17
9741.02993795375,1.25730072145246e-16
9742.02953055898,8.45945433578509e-17
9743.02912316421,2.84057177783642e-17
9744.02871576944,1.07928322107836e-17
9745.02830837467,6.47984521449317e-17
9746.0279009799,1.73910450603533e-17
9747.02749358512,1.41026606079633e-17
9748.02708619035,7.84927244332833e-18
9749.02667879558,9.36959872275856e-17
9750.02627140081,3.46277396819162e-17
9751.02586400604,1.32165664413448e-17
9752.02545661127,7.18843514643136e-18
9753.0250492165,7.08309727105394e-18
9754.02464182173,4.16984855358642e-18
9755.02423442696,2.14227004345235e-17
9756.02382703218,4.80049534603147e-17
9757.02341963741,1.83531833509978e-17
9758.02301224264,6.12303414163404e-17
9759.02260484787,6.5132467769903e-17
9760.0221974531,4.5303105245051e-18
9761.02179005833,2.2277063794407e-17
9762.02138266356,8.49949242467021e-17
9763.02097526878,8.85145320974557e-17
9764.02056787401,1.15565413474117e-16
9765.02016047924,1.56860008979558e-16
9766.01975308447,6.44158749122949e-17
9767.0193456897,2.90984426000487e-17
9768.01893829493,8.60729898717861e-17
9769.01853090016,8.60861176449305e-17
9770.01812350539,1.40160722119827e-17
9771.01771611061,4.02912792660873e-18
9772.01730871584,1.79010580510778e-17
9773.01690132107,2.83399957752359e-17
9774.0164939263,5.83366776810696e-17
9775.01608653153,3.19233784674304e-17
9776.01567913676,9.16013060630732e-18
9777.01527174199,8.29941195285399e-18
9778.01486434721,2.00446326888637e-17
9779.01445695244,7.06365062111203e-17
9780.01404955767,3.74891970615669e-17
9781.0136421629,1.38751912562008e-17
9782.01323476813,7.96159661969943e-17
9783.01282737336,8.70560420425047e-17
9784.01241997859,4.69108654615399e-17
9785.01201258382,4.04744744143707e-17
9786.01160518905,1.0404827801543e-17
9787.01119779427,3.15471850726149e-17
9788.0107903995,2.16625593782492e-17
9789.01038300473,2.53854281129609e-17
9790.00997560996,2.79958103572367e-17
9791.00956821519,7.22034700072126e-18
9792.00916082042,5.37311254764817e-17
9793.00875342565,6.49753189169982e-17
9794.00834603087,3.30547055353989e-17
9795.0079386361,8.12711773611762e-19
9796.00753124133,3.11861140872215e-17
9797.00712384656,3.63223005906423e-17
9798.00671645179,2.54076824131224e-17
9799.00630905702,2.81781870094743e-17
9800.00590166225,5.56957430844347e-17
9801.00549426748,6.31048293009969e-17
9802.0050868727,9.29812769838695e-17
9803.00467947793,1.2084241036449e-16
9804.00427208316,6.78621718025182e-17
9805.00386468839,2.80847357722974e-17
9806.00345729362,3.75245166879545e-17
9807.00304989885,1.17682087489403e-17
9808.00264250408,3.01365384724687e-18
9809.0022351093,5.84283467582906e-17
9810.00182771454,7.08257187985352e-17
9811.00142031976,1.4830125782264e-17
9812.00101292499,3.29243320016406e-18
9813.00060553022,6.48984566005476e-18
9814.00019813545,3.74666429954406e-18
9814.99979074068,2.21554877585211e-17
9815.99938334591,8.54153603003454e-18
9816.99897595114,2.43271898851397e-18
9817.99856855636,6.99493845088947e-18
9818.99816116159,1.55851651421901e-17
9819.99775376682,7.53823879505233e-17
9820.99734637205,1.04513687665341e-17
9821.99693897728,1.35615714890191e-17
9822.99653158251,1.31034166655112e-17
9823.99612418774,1.88283600563786e-17
9824.99571679296,8.1104483950929e-17
9825.99530939819,2.40580521125552e-17
9826.99490200342,5.38824230418313e-17
9827.99449460865,3.02240522649208e-17
9828.99408721388,1.58670466293453e-18
9829.99367981911,3.35516265958173e-18
9830.99327242434,3.47702519544814e-18
9831.99286502957,2.82217071487336e-18
9832.99245763479,7.65545029240212e-19
9833.99205024002,3.8295686810144e-17
9834.99164284525,4.91226287795423e-18
9835.99123545048,1.44218632157646e-16
9836.99082805571,1.64389065436649e-16
9837.99042066094,2.61301797584319e-17
9838.99001326617,2.68972436242676e-17
9839.9896058714,1.36298592851102e-16
9840.98919847662,2.57973329682207e-16
9841.98879108185,9.82741266889645e-17
9842.98838368708,1.12986565179079e-19
9843.98797629231,6.70611544546565e-18
9844.98756889754,8.772816747958e-18
9845.98716150277,7.42482780105219e-19
9846.986754108,3.83669093750837e-17
9847.98634671323,6.3143567708626e-17
9848.98593931845,9.35689358818224e-18
9849.98553192368,6.19336216532893e-18
9850.98512452891,3.55379218683557e-19
9851.98471713414,5.0859143324499e-17
9852.98430973937,5.55804101573222e-17
9853.9839023446,3.79472938420525e-17
9854.98349494983,1.89704444239163e-17
9855.98308755505,8.38678074059823e-19
9856.98268016028,5.95556448086676e-17
9857.98227276551,3.10309563163659e-17
9858.98186537074,2.19429742380673e-17
9859.98145797597,4.37045199975568e-18
9860.9810505812,7.8028877233949e-18
9861.98064318643,3.66867065243482e-17
9862.98023579166,2.55429605753476e-17
9863.97982839688,1.47959267216875e-17
9864.97942100211,2.32203622476119e-17
9865.97901360734,4.68971562641173e-18
9866.97860621257,1.16334628694305e-16
9867.9781988178,1.66271437853718e-16
9868.97779142303,7.87728951197818e-17
9869.97738402826,5.19890208709601e-17
9870.97697663348,1.01077765996448e-16
9871.97656923871,5.5990707577013e-17
9872.97616184394,1.17863764402558e-17
9873.97575444917,1.17005828561009e-17
9874.9753470544,1.81130012417933e-17
9875.97493965963,1.20594916072311e-17
9876.97453226486,1.74682284431474e-18
9877.97412487009,7.32948819199811e-17
9878.97371747531,9.45080853300329e-17
9879.97331008054,4.44397098378349e-17
9880.97290268577,3.73537866590489e-17
9881.972495291,2.77073605958273e-17
9882.97208789623,5.13997306932352e-17
9883.97168050146,9.51777470804929e-17
9884.97127310669,1.92030529969434e-17
9885.97086571192,1.0099401907838e-16
9886.97045831714,6.48352775876399e-17
9887.97005092237,7.7815458988522e-18
9888.9696435276,3.61322128772669e-18
9889.96923613283,2.20186545296718e-17
9890.96882873806,1.96524087236836e-17
9891.96842134329,1.13488808349182e-16
9892.96801394852,1.18421044260374e-17
9893.96760655375,1.70741412388561e-17
9894.96719915897,5.05611570964702e-17
9895.9667917642,8.88097701018832e-17
9896.96638436943,2.61563565300205e-17
9897.96597697466,1.30068785866944e-16
9898.96556957989,1.05177078116518e-16
9899.96516218512,2.61694320360424e-17
9900.96475479035,1.10109959058694e-17
9901.96434739557,2.53059926008236e-19
9902.9639400008,7.01729375906732e-17
9903.96353260603,5.66168986737341e-17
9904.96312521126,9.24524537233519e-19
9905.96271781649,1.72103667374719e-17
9906.96231042172,1.80033692300211e-18
9907.96190302695,2.88242142729905e-19
9908.96149563218,8.16281827903715e-17
9909.9610882374,2.65776664665e-16
9910.96068084263,2.10898861860058e-16
9911.96027344786,9.37417425389403e-18
9912.95986605309,1.66560323187547e-16
9913.95945865832,2.88147786911599e-16
9914.95905126355,4.08149354916241e-17
9915.95864386878,1.75082788946068e-17
9916.95823647401,1.08532742559915e-16
9917.95782907923,8.28363816416618e-17
9918.95742168446,3.69433523956043e-18
9919.95701428969,3.0350619790312e-18
9920.95660689492,4.27850635273737e-17
9921.95619950015,1.52273657044876e-17
9922.95579210538,4.2826566167326e-18
9923.95538471061,1.59045349968021e-17
9924.95497731584,4.52406899434199e-17
9925.95456992106,5.99718304430229e-17
9926.95416252629,7.40836961410136e-17
9927.95375513152,6.36318307280295e-18
9928.95334773675,3.8687975408633e-17
9929.95294034198,1.01617745395764e-16
9930.95253294721,1.77690024859978e-16
9931.95212555244,7.57148988215039e-17
9932.95171815766,2.78832617058334e-18
9933.95131076289,7.55325569579044e-17
9934.95090336812,1.7220935419848e-16
9935.95049597335,5.43638549353453e-17
9936.95008857858,9.86572506203458e-18
9937.94968118381,7.13197517181139e-17
9938.94927378904,1.34263847051344e-16
9939.94886639426,8.7356420740557e-17
9940.9484589995,1.06817202681361e-16
9941.94805160472,7.63221246961815e-17
9942.94764420995,2.52224264403133e-17
9943.94723681518,2.86718725306878e-18
9944.94682942041,1.98145937099659e-17
9945.94642202564,4.58204247466426e-17
9946.94601463087,1.22757789227832e-17
9947.9456072361,2.42756090689768e-17
9948.94519984132,3.03274765497351e-17
9949.94479244655,2.14150925731294e-17
9950.94438505178,3.23240154621429e-17
9951.94397765701,7.34706970649914e-17
9952.94357026224,1.01324242935324e-16
9953.94316286747,8.31392080110057e-17
9954.9427554727,1.06104118477524e-17
9955.94234807793,3.60436856721133e-17
9956.94194068315,6.99402107636421e-17
9957.94153328838,3.28069085667376e-17
9958.94112589361,8.37283855626908e-18
9959.94071849884,1.37352740946763e-16
9960.94031110407,9.21862610654222e-17
9961.9399037093,5.73266061732839e-17
9962.93949631453,9.14788723660716e-17
9963.93908891975,4.55366114787624e-17
9964.93868152498,8.3984345313007e-17
9965.93827413021,3.40237717738476e-17
9966.93786673544,8.09558233139692e-18
9967.93745934067,6.73667694381113e-17
9968.9370519459,5.31593838394055e-17
9969.93664455113,3.06069607215497e-17
9970.93623715636,9.74821339732809e-17
9971.93582976159,4.71234997612976e-17
9972.93542236681,3.53838416964305e-17
9973.93501497204,2.21257098443429e-17
9974.93460757727,5.34871130636012e-17
9975.9342001825,5.08245695400995e-17
9976.93379278773,3.97507827433345e-17
9977.93338539296,1.67426223071259e-18
9978.93297799819,1.00559774781461e-16
9979.93257060341,1.23742553708862e-16
9980.93216320864,1.26344326767952e-17
9981.93175581387,3.01032276203379e-17
9982.9313484191,4.3772502993238e-17
9983.93094102433,2.47953786583369e-18
9984.93053362956,2.3813669659758e-17
9985.93012623479,1.00499149722195e-16
9986.92971884002,2.22104481792697e-17
9987.92931144524,7.3601882896482e-17
9988.92890405047,6.72593591120397e-17
9989.9284966557,6.86216845954892e-19
9990.92808926093,9.54433763901567e-18
9991.92768186616,2.20442394767725e-17
9992.92727447139,5.03343556645172e-18
9993.92686707662,7.76785459334783e-17
9994.92645968184,9.12940497640965e-17
